f0,f1,f2,f3,f4,f5,f6,f7,y,idx
0.806928,-8.634767,0.052381,0.056123,0.004858,0.030837,0.040885,0.033884,1,0
-2.413079,5.456404,-0.019589,-0.009882,0.040458,-0.070994,-0.011505,0.066560,3,1
-3.814311,2.315116,0.052585,-0.005759,-0.020258,0.013917,0.000542,0.005685,0,2
-0.378436,5.814339,0.061722,0.001907,0.031267,-0.065552,-0.033980,-0.001572,3,3
1.100647,2.646277,0.055515,-0.000034,-0.027098,-0.074182,-0.028371,-0.014344,1,4
-1.053602,2.117429,-0.026506,-0.065699,-0.005662,-0.039132,-0.048604,0.008247,1,5
-5.186953,-1.844966,0.034802,0.034045,0.016621,-0.027728,-0.049016,-0.004182,0,6
1.483168,-2.155689,0.038892,0.046287,0.023462,-0.052289,-0.067590,-0.007973,3,7
-4.958375,-2.516311,0.009877,0.037836,-0.049756,0.007208,-0.003102,0.055718,0,8
4.213376,-4.276032,0.035338,-0.015116,-0.011573,0.002477,-0.001519,-0.023846,3,9
2.671637,3.709727,0.015386,-0.002470,-0.005648,-0.001909,0.024469,-0.011184,3,10
2.888271,3.488663,-0.020598,0.012436,0.029161,-0.031367,-0.017736,-0.019816,3,11
4.632231,-3.961086,-0.052867,-0.032852,-0.019241,-0.000362,0.035578,0.006077,1,12
3.689143,1.276593,0.020872,-0.045989,0.021649,0.027368,0.011181,-0.004015,3,13
-1.624464,-4.451905,-0.022978,-0.051029,-0.016581,0.023638,0.014689,-0.011126,1,14
-3.889846,2.434064,0.016728,-0.013207,0.041903,0.004441,0.049130,-0.018793,0,15
0.737783,-2.064807,-0.092468,-0.034975,-0.026610,-0.037442,-0.003439,0.011517,2,16
-2.146122,0.021804,-0.030425,0.023998,0.000077,-0.000926,-0.038781,-0.050219,2,17
5.001163,0.947446,-0.015177,-0.028459,-0.017120,0.005787,-0.003940,0.035801,1,18
-3.393692,-2.438511,0.063759,-0.000004,0.039083,0.051272,0.023501,-0.057835,1,19
-3.617320,0.774154,0.073668,-0.019844,-0.018211,-0.011855,-0.028116,-0.014223,1,20
2.210700,0.684935,-0.023257,0.005888,0.021437,0.053020,0.037389,-0.084302,0,21
0.867215,5.488199,-0.006118,0.036281,-0.029223,-0.037356,-0.016794,0.008072,3,22
-1.644150,-6.339968,-0.021632,-0.016527,0.000797,-0.037899,-0.004393,0.057725,3,23
-4.309640,1.979293,0.012934,-0.056412,0.003890,-0.023685,0.063337,-0.017669,0,24
1.794072,-3.597620,-0.024496,-0.031411,0.007127,0.010519,-0.037868,-0.011398,1,25
0.953006,6.461394,0.010056,-0.021481,0.018804,0.003377,0.007065,-0.006598,0,26
-0.662398,-3.520080,0.060105,0.001997,-0.041876,0.023702,0.045225,-0.025453,1,27
2.359345,4.130066,0.024987,0.006424,0.063490,-0.003423,-0.036330,-0.011384,3,28
4.681729,-0.844983,0.021848,0.005617,0.004477,-0.056865,-0.017765,0.061741,2,29
4.669191,-1.214162,0.033571,0.006422,-0.054624,0.032765,0.048471,-0.028763,2,30
3.231257,2.856984,0.006207,-0.026436,-0.010199,-0.012542,-0.045772,0.017287,3,31
-4.903543,0.788919,0.007306,-0.029804,-0.020669,0.019662,-0.041287,0.001369,0,32
-3.266912,2.996255,-0.020858,-0.033946,-0.001568,-0.015439,0.026217,-0.013935,0,33
-3.255464,-3.160250,-0.008591,-0.010531,-0.031663,0.016308,0.001331,-0.017332,1,34
-1.996154,-0.220724,0.047268,0.014280,-0.070106,0.000917,0.008259,0.008593,2,35
-0.130476,5.786731,-0.044156,0.051772,-0.019189,-0.028231,0.002224,-0.044390,3,36
-1.708592,6.667765,-0.010893,-0.007111,0.024319,0.016899,0.043060,-0.025456,2,37
0.641247,-2.109235,-0.020892,0.034177,0.007260,-0.039605,0.034885,0.031278,1,38
1.447202,2.449789,-0.000479,0.042410,0.008768,0.038926,0.013802,-0.044801,0,39
2.000974,4.898492,-0.016058,0.049164,-0.052398,-0.023550,-0.007352,-0.017730,3,40
-4.982439,-0.106710,-0.012270,0.036851,-0.007275,-0.011654,0.033448,0.026265,3,41
3.355169,-0.567682,0.020599,0.015194,-0.016836,-0.002984,-0.048114,-0.047602,1,42
-3.765903,-4.659422,-0.056904,-0.019841,-0.012803,-0.031806,-0.043328,0.020289,0,43
4.257391,-1.858632,0.033053,0.035132,0.033825,0.045331,0.005919,0.027191,2,44
-5.471628,4.244642,-0.049696,-0.032885,0.036202,-0.020999,0.021648,0.033484,0,45
-3.126869,2.952637,-0.031451,0.009255,-0.078472,-0.021526,-0.036897,-0.014785,0,46
2.181866,0.348771,0.004547,0.004293,-0.010530,0.045667,0.005571,-0.017829,0,47
-1.363722,3.114676,0.053639,0.015668,-0.059970,-0.020344,0.004783,0.039470,2,48
4.485189,-1.363653,0.052392,0.028258,0.078279,-0.000887,-0.022384,-0.028518,2,49
4.967159,-3.587295,-0.030092,-0.073285,0.032663,0.020244,-0.005793,-0.004237,1,50
3.122288,3.093260,-0.004548,-0.051619,0.019733,0.012237,-0.019406,-0.015283,3,51
-3.070102,-3.120541,-0.003165,0.009514,0.010018,0.033978,0.009195,-0.024333,1,52
4.349272,-1.758654,-0.041118,0.009336,-0.016620,-0.042317,-0.020497,0.027329,2,53
3.584554,-2.751214,0.001878,-0.012725,-0.017513,0.049074,0.016218,0.008550,2,54
4.229175,-4.132294,-0.002347,-0.003711,0.003703,-0.010190,0.010056,0.024377,3,55
-3.507706,2.656417,0.023156,-0.058836,0.036545,0.002800,-0.055767,0.006063,0,56
1.993133,4.794624,0.005850,-0.030431,-0.031784,-0.013971,-0.028000,0.025278,3,57
3.336329,-4.847069,-0.032110,-0.000789,0.016748,-0.006906,0.050003,0.035122,1,58
-1.532097,2.566563,0.001750,0.004525,-0.031518,0.008131,-0.012221,-0.025678,1,59
6.928616,-0.869681,-0.048438,0.013228,0.009666,-0.024478,-0.026802,0.027394,3,60
2.062236,4.967545,-0.001580,0.005596,0.053364,-0.040248,0.048293,-0.036209,3,61
-4.299228,1.917400,0.027486,-0.024887,-0.034425,0.003068,0.026995,0.005059,0,62
-4.168601,2.178006,0.010361,0.008477,-0.066002,-0.000967,-0.024291,0.023294,0,63
-3.576881,2.652440,-0.034616,-0.024272,0.006427,0.051091,0.009555,0.061208,0,64
0.597482,5.635575,0.042977,-0.002566,-0.024181,0.002013,-0.024741,0.017678,3,65
1.998869,4.588304,-0.056227,-0.027415,-0.009959,-0.070380,-0.036174,-0.002927,3,66
3.750190,1.180738,0.040003,0.047630,0.073696,0.011331,-0.044844,-0.013218,3,67
-1.552451,-4.453309,0.019977,0.015802,-0.034243,0.029629,-0.020955,-0.012799,1,68
-3.604839,0.585977,0.018305,-0.016123,-0.039709,0.015567,0.007059,0.000732,3,69
-5.089085,0.638508,0.018647,-0.040263,-0.027322,0.008636,0.007169,0.054455,0,70
-5.230362,3.557393,0.003123,0.008499,0.001151,0.017000,0.003189,-0.026240,0,71
-2.833521,-3.431661,0.048513,0.036043,0.047964,0.013144,0.025477,0.022422,1,72
3.450385,-2.775029,0.012922,-0.013790,0.009117,-0.034903,0.028463,0.053455,2,73
-3.658961,2.640339,-0.017764,-0.038488,-0.021525,-0.040281,0.043115,0.014848,0,74
3.932000,3.355708,-0.025830,-0.005754,0.013592,0.010298,0.057528,-0.004064,2,75
-1.534038,2.499742,-0.024716,-0.015695,-0.003579,0.019274,0.054417,-0.051139,1,76
-3.301336,-2.792016,-0.016843,-0.016293,-0.002378,0.005924,0.022916,-0.018687,1,77
-2.495898,3.011421,0.044506,0.008871,0.040753,-0.017430,0.015109,0.020761,0,78
5.706666,-2.816692,0.022838,0.031621,-0.050456,0.021113,0.027021,0.038222,1,79
-2.848511,-3.535586,-0.003500,-0.021258,-0.003862,-0.019277,-0.037852,0.017203,1,80
3.447358,-2.850476,-0.021322,-0.047871,0.068610,-0.049485,-0.029564,0.013316,2,81
4.687138,1.214846,0.005025,0.016128,-0.022271,0.019675,0.001122,-0.031942,2,82
4.900149,-3.450014,0.029487,0.021606,0.014859,0.020186,-0.066322,-0.037927,1,83
2.891847,-1.523527,-0.047196,-0.004127,-0.015482,0.006807,-0.013372,-0.003185,0,84
-8.457207,0.509662,0.018839,-0.055063,0.009161,0.042741,0.038492,0.038665,1,85
4.349986,2.653169,-0.002164,-0.008156,-0.002622,0.032892,0.026541,-0.015397,2,86
3.774832,-2.464044,-0.019307,0.012874,0.042595,0.009820,0.016429,-0.021673,2,87
-0.092024,-3.504813,0.032752,-0.076689,0.014691,-0.009265,0.026257,0.056356,2,88
4.227036,-1.842241,0.010392,0.050634,0.058592,0.030537,-0.007515,0.012606,2,89
3.478741,-2.881576,0.012545,0.000690,-0.007123,0.027232,-0.023933,-0.040122,2,90
-3.755851,-1.597063,-0.050984,-0.038632,-0.054278,-0.015898,-0.021079,0.009915,3,91
-1.473373,-2.536953,0.002779,-0.040667,-0.005083,0.001354,0.017120,0.008209,2,92
-3.787028,-1.413980,0.012275,0.000077,-0.007049,0.079097,0.027318,-0.017819,1,93
2.806680,-3.291050,0.013288,0.030484,0.006999,-0.009757,-0.014592,-0.015244,2,94
-1.407845,2.521286,-0.043541,-0.004668,0.037542,-0.046189,0.005359,-0.008798,1,95
-0.317342,-6.609439,-0.061942,-0.060966,-0.024164,0.027609,0.010561,-0.031803,0,96
2.892673,3.237128,-0.007172,-0.002027,0.005550,-0.002101,-0.049975,0.031083,3,97
-3.527898,-4.915600,0.005830,-0.000984,0.011589,-0.004408,-0.006363,0.036515,0,98
1.942889,0.360588,0.013223,0.020080,0.005894,0.035704,0.019612,-0.013872,0,99
6.434003,-1.075131,0.012026,-0.010425,0.035261,0.030883,-0.005431,-0.005316,1,100
-5.863808,2.660705,-0.013146,-0.020495,0.029541,-0.011930,-0.013685,-0.014086,3,101
1.983761,5.396102,0.043321,0.027086,-0.020889,-0.015532,-0.031898,-0.007293,2,102
-5.093246,-2.168343,0.044865,0.005864,-0.000359,0.008968,0.007443,0.012839,0,103
-6.811738,8.723597,-0.018178,-0.036175,0.015890,-0.009130,-0.019253,0.033653,0,104
2.681257,-1.568165,0.012020,-0.026730,0.004512,0.002331,-0.018908,0.024022,3,105
4.535614,-1.441680,0.032508,-0.021373,0.072865,0.023796,-0.037398,-0.002964,2,106
-2.552037,-3.644272,0.037812,-0.060796,-0.025100,-0.048636,0.031781,-0.004932,1,107
-3.324024,3.025746,-0.032560,0.046104,0.000511,0.020117,0.022000,-0.005210,0,108
-3.110326,-3.287127,-0.022825,0.029628,-0.037382,-0.026598,-0.007703,-0.011203,1,109
-2.043102,-0.221206,-0.024068,0.025765,0.024074,-0.055589,0.016079,-0.060071,3,110
0.242885,-3.486821,-0.008820,-0.044323,0.031080,-0.001520,-0.018657,0.009192,2,111
3.120635,-3.016404,-0.015086,-0.012335,-0.019321,-0.028044,-0.035089,0.004464,3,112
-6.833013,-0.444428,-0.013138,0.003839,-0.033227,-0.018137,-0.009584,-0.040986,3,113
-2.622598,-3.637212,0.009849,-0.017670,-0.080707,-0.016206,0.020158,-0.059714,1,114
0.603964,-3.783814,0.032184,-0.013741,0.027955,-0.007475,-0.055011,-0.023435,2,115
0.030831,6.692626,0.000011,0.105128,-0.007902,0.038725,0.015384,0.017768,2,116
6.537232,-1.025907,0.052561,-0.023387,-0.049290,-0.010834,0.021832,0.004691,1,117
0.423188,5.823390,0.007424,0.048223,0.007591,0.011525,0.002771,0.071722,3,118
-5.255059,-0.515949,-0.036679,-0.003490,-0.026523,0.012223,-0.050911,-0.017517,0,119
1.931177,5.389676,-0.056531,-0.005973,-0.001087,-0.031424,0.005411,0.010241,2,120
2.805972,-1.389623,0.025676,0.048782,0.019851,-0.006965,-0.003594,-0.003008,3,121
-2.110762,-4.147862,-0.028825,0.003843,-0.007369,0.009963,0.012494,0.028845,1,122
2.884553,3.402202,-0.073965,-0.059187,-0.015065,-0.042475,0.026144,-0.043740,3,123
8.101381,-5.301419,-0.002146,0.034085,-0.051504,-0.043199,-0.034067,-0.011282,3,124
-4.133419,2.068212,0.061576,0.084892,0.087934,0.028922,0.016466,0.018594,0,125
1.932759,4.878550,-0.014299,0.011572,0.032350,-0.011974,-0.025731,-0.001165,3,126
2.856290,3.558445,-0.013318,0.048383,-0.018753,-0.022078,-0.011869,0.021355,3,127
-3.505340,1.539461,-0.029800,-0.033163,0.064001,0.007533,0.048566,-0.029233,1,128
0.045065,-1.938122,0.014610,-0.033962,-0.006671,-0.032167,-0.038558,0.004777,2,129
-3.910782,0.554052,-0.030497,0.055224,0.019689,0.019563,-0.006836,-0.007123,1,130
-2.032068,2.972912,0.021366,-0.016019,-0.013200,-0.012906,-0.032038,-0.031745,0,131
-4.825893,0.576458,0.053865,-0.032963,0.015096,0.004661,0.041625,0.011669,0,132
-1.129405,5.728557,-0.048747,0.032603,-0.024319,0.027009,-0.017715,0.008022,3,133
-2.347578,2.962281,0.006628,-0.048665,-0.036236,-0.001555,0.022829,-0.062574,0,134
2.089495,0.887602,-0.007085,0.013348,-0.027229,-0.006748,-0.030590,0.038453,0,135
-6.819435,-1.318918,0.007654,-0.031456,-0.012365,0.001803,0.008845,0.038012,0,136
-3.654846,2.547133,0.034905,-0.030304,-0.004875,0.003468,-0.049101,0.027085,0,137
2.227479,-1.790255,-0.031187,0.014438,0.003309,0.012509,-0.002502,-0.067225,3,138
-1.122752,-6.308987,0.039869,0.012545,0.003875,-0.019286,0.030503,0.023754,2,139
-5.220407,-8.698792,-0.007402,-0.013161,-0.055445,0.012473,-0.027624,0.036851,2,140
-2.945834,-3.237796,0.055314,-0.005531,0.051539,0.045279,0.019865,-0.020381,1,141
3.150617,2.942441,-0.031373,-0.024502,-0.010807,-0.009209,0.025264,-0.013416,3,142
-3.191410,-2.995313,0.010868,0.059115,0.003940,-0.016834,0.052640,-0.000726,1,143
-3.894285,2.445711,-0.028393,0.060772,-0.003262,0.025585,0.007987,0.018683,0,144
-2.085561,-5.861104,0.010734,0.041856,-0.027952,-0.005265,0.005461,0.005025,0,145
2.245329,4.175539,0.015090,-0.022710,-0.056443,-0.013549,-0.013634,-0.010685,3,146
-0.931737,2.251532,0.013320,0.049204,0.006507,-0.033507,0.004724,-0.003958,2,147
4.298597,-1.771402,0.054825,-0.031321,-0.017842,-0.000119,0.015368,-0.036230,2,148
-2.499731,-3.950478,0.024968,-0.040457,0.023976,-0.001362,0.001260,0.011155,1,149
-4.245082,-2.981870,0.012351,0.027040,-0.010483,-0.043022,-0.037742,0.019544,0,150
-3.731349,-1.116532,0.017826,0.031647,-0.045669,0.007767,0.082705,-0.010499,1,151
3.280514,2.813744,-0.033654,0.006626,0.031463,0.047357,-0.033082,0.025886,1,152
-2.146422,-0.568974,-0.015941,0.009736,0.062492,-0.019146,0.001239,0.029165,2,153
-1.647442,-4.440714,-0.004408,0.015660,0.010170,-0.014385,0.047353,0.008129,1,154
-5.215907,-0.804970,-0.001155,-0.034773,0.002210,0.019362,-0.039663,0.026063,0,155
2.142605,0.730611,-0.007467,0.010360,0.012068,-0.039499,-0.013099,0.006924,0,156
-3.180297,3.005543,-0.021584,0.018141,0.058953,-0.039357,-0.000834,0.059621,0,157
-1.118916,3.097027,-0.011750,-0.035786,0.015937,0.041090,-0.027842,0.007647,2,158
3.530474,-2.610333,-0.038388,-0.027138,-0.075343,-0.005662,-0.004214,-0.000679,2,159
3.244491,2.752307,0.064781,-0.024394,0.026859,-0.034632,0.017521,0.016516,3,160
-6.702522,-0.062884,-0.005267,-0.012419,-0.018824,-0.005462,-0.000828,0.024795,2,161
4.709813,-3.625857,-0.023004,-0.068013,0.021403,0.014255,0.001457,0.012289,1,162
-4.042743,-4.412484,-0.019342,0.068586,0.007695,0.011840,-0.037879,-0.032939,0,163
-3.300196,-2.884323,0.038299,0.006573,-0.044278,0.034768,-0.036002,-0.006142,1,164
-1.657516,2.318769,-0.006106,0.032157,-0.009335,-0.034423,-0.055269,0.015212,1,165
-7.781341,-5.288222,0.033802,-0.006015,-0.016923,0.003314,0.021007,0.007547,1,166
-4.904067,1.097016,0.024605,-0.006500,-0.015201,-0.016741,0.013311,0.002976,0,167
1.907956,1.729834,-0.024329,-0.021091,-0.032873,-0.002268,0.004032,0.019353,0,168
-1.356020,6.776336,0.039279,-0.018038,-0.031032,-0.001805,-0.027574,0.002119,2,169
4.635956,-3.764032,-0.001612,-0.021923,0.067677,0.003427,0.021244,-0.030216,3,170
1.954883,5.573257,0.033862,-0.016672,-0.021073,-0.010057,0.001791,0.023018,2,171
2.867558,-3.168771,0.000895,0.046412,-0.009504,0.013270,0.009564,-0.023677,2,172
2.941935,-3.172848,-0.006315,-0.038828,0.019432,-0.027089,0.017998,0.014386,2,173
-2.803924,-3.415697,0.003882,0.042899,-0.012029,0.046318,0.005993,0.001183,1,174
1.637284,-3.521015,0.040144,0.080519,0.068719,0.013747,-0.027427,0.033191,0,175
-1.520097,-2.668543,-0.031260,-0.039973,-0.056651,-0.074460,0.018524,0.001529,2,176
-3.972256,2.302258,0.031458,0.015478,0.035209,-0.073291,0.006745,0.002671,0,177
-0.806671,-5.020594,0.024209,-0.035929,-0.041442,0.006111,0.043709,0.040076,1,178
-3.307611,-2.611659,-0.004261,-0.005708,0.042876,0.021442,-0.031169,0.020930,1,179
0.815463,-2.235084,-0.001758,-0.014420,0.056576,-0.006151,-0.030630,0.044591,1,180
4.545544,-1.265925,0.005921,-0.011549,0.006971,-0.054479,-0.016785,-0.013713,2,181
-2.426993,-3.914702,-0.041401,0.014615,-0.002497,0.013765,-0.010196,-0.040517,1,182
1.151738,5.714308,-0.052812,-0.022720,0.037012,0.028871,0.036519,-0.032728,3,183
-4.356224,1.927043,-0.007354,0.048051,-0.033442,0.014054,-0.029598,0.035665,0,184
0.382906,6.306329,0.001863,-0.001201,-0.035487,-0.015017,0.012940,0.040410,0,185
-3.271399,2.834471,0.024426,-0.006817,0.012610,-0.043352,0.055303,-0.037997,0,186
6.673345,-0.203517,0.009720,0.061174,-0.013062,-0.045808,-0.020555,0.002142,1,187
-2.909459,3.029257,-0.024843,0.036006,0.049076,0.007299,0.031269,-0.025514,0,188
3.557119,-2.704989,-0.000686,0.023602,0.017715,0.025341,-0.071948,-0.002477,2,189
-2.134133,-1.843619,0.012203,-0.055369,-0.031363,-0.034705,0.022857,0.061500,2,190
-0.643439,2.243419,0.008203,0.005731,0.001948,-0.026895,-0.018222,-0.004051,1,191
1.514767,-5.210183,-0.015629,0.032167,-0.026858,0.019452,0.022181,-0.003376,1,192
0.689993,-5.268519,-0.035646,-0.016512,0.031988,-0.029101,-0.036556,-0.025505,1,193
-2.710564,3.156327,-0.029265,-0.003122,0.023659,0.004004,0.038572,0.001177,2,194
2.015775,0.098037,-0.031745,0.037836,0.013895,-0.025557,0.005787,-0.037741,0,195
-0.288025,-3.191492,-0.000931,-0.000071,0.027059,0.006061,0.004223,0.012266,0,196
2.237532,-3.686584,-0.022306,0.048791,0.027689,-0.007016,-0.007040,0.014703,1,197
4.484185,-4.018853,-0.019279,0.037149,0.001285,-0.023587,-0.016112,0.010788,1,198
0.812776,-2.060577,0.004684,-0.006552,0.036763,0.032084,0.005736,-0.013482,3,199
3.750749,-4.594757,0.001476,-0.039949,-0.028071,0.004723,0.022415,0.018197,1,200
3.902604,-2.278889,0.061248,-0.002861,0.015138,-0.002228,-0.038708,-0.001439,2,201
2.423228,4.010014,-0.025936,0.002287,-0.006033,0.004582,-0.002882,0.018232,3,202
3.859853,-2.410264,0.041842,0.040529,0.020799,-0.021922,-0.031499,0.019422,2,203
4.777368,-0.894904,0.009073,0.013522,-0.017594,0.005839,0.053658,0.031008,2,204
2.177901,-5.170141,0.017111,0.010096,-0.000592,0.004266,-0.040799,0.000476,1,205
-5.092153,-2.621633,-0.027017,-0.002651,0.000299,0.005600,-0.026105,-0.042855,0,206
-3.359865,-2.514185,-0.008740,-0.015336,-0.025280,0.002727,0.004232,0.039488,1,207
8.080207,1.589818,-0.031272,0.043039,-0.012091,0.022760,-0.022743,0.028543,1,208
4.607134,-4.092584,-0.014964,-0.004364,0.030979,0.016117,-0.018402,0.025154,1,209
0.713811,-2.162404,-0.041944,-0.009450,0.002313,-0.040885,-0.011490,-0.018932,1,210
-5.145767,0.201681,0.005376,0.000582,-0.021725,-0.031548,0.003552,0.011713,0,211
-3.244514,-3.013827,-0.004231,-0.004227,0.034841,0.017666,0.014617,0.003040,1,212
2.484950,-3.391232,0.047731,-0.030072,-0.061726,-0.013502,0.026602,0.007396,2,213
-3.581547,2.840005,-0.058542,-0.001129,-0.008486,0.037452,0.015543,-0.021320,0,214
3.019831,3.152506,0.016791,0.047930,-0.108344,-0.037206,-0.038081,-0.009929,3,215
-2.138000,-4.188511,-0.003333,-0.066831,-0.043103,0.001644,-0.002529,-0.003548,1,216
-3.544627,2.861463,-0.039989,-0.004548,-0.021466,0.005425,-0.032168,-0.021171,2,217
-2.295324,-0.868696,-0.053098,0.001629,0.028966,-0.020223,0.007344,0.011418,2,218
-0.780055,3.137666,-0.030048,0.022766,0.059122,-0.026474,0.026866,-0.049031,0,219
-0.799867,3.120506,-0.017276,-0.027597,0.045369,0.034876,0.030541,0.031395,0,220
-0.136289,5.549815,0.020164,-0.020344,0.049461,0.002105,-0.004277,-0.005954,3,221
-2.162641,-0.781574,0.020048,0.000204,-0.010967,0.001583,-0.006401,-0.007279,2,222
3.277044,2.778109,0.008795,0.059574,0.003877,-0.021693,-0.002644,-0.029670,3,223
0.213560,-6.804014,0.019172,-0.028027,-0.003401,0.035598,-0.015382,-0.008940,0,224
2.927756,3.385472,-0.019184,-0.018845,0.010806,-0.005892,0.010029,-0.002893,3,225
-3.493178,2.670091,-0.017580,-0.011243,-0.036706,-0.057298,-0.033104,0.084979,0,226
2.828571,-1.087040,-0.008987,0.005945,0.029094,0.014577,0.002978,-0.027563,3,227
3.617413,-2.586640,0.006614,-0.016986,0.046104,-0.060186,-0.023180,-0.002042,2,228
2.343279,4.062479,0.010502,0.021527,-0.027062,0.010247,-0.007098,-0.034077,3,229
-0.100648,2.169202,-0.014133,-0.007977,-0.030855,0.005753,0.036399,0.033716,3,230
-0.219708,-5.067991,-0.009875,0.032734,-0.017680,-0.038717,-0.005754,-0.000940,0,231
-4.897989,0.800717,-0.030433,0.018691,0.024501,0.036962,0.012567,0.007529,0,232
2.228547,4.207674,-0.004078,-0.030046,0.023051,-0.012147,0.029069,-0.032888,3,233
3.479556,-0.575507,0.013636,0.001517,-0.030119,-0.043766,-0.021633,-0.060950,2,234
2.880006,3.447149,-0.019117,-0.000487,0.002556,-0.024219,0.040525,-0.018545,3,235
5.874363,-2.358753,-0.030963,0.036309,0.035429,0.004768,0.012001,-0.038279,2,236
2.089633,0.336005,0.031651,-0.042117,0.012165,0.100393,0.015577,-0.032967,1,237
1.610112,1.982162,0.054705,0.032459,-0.006088,-0.004918,-0.047387,-0.039127,0,238
3.436915,-2.707049,-0.036977,-0.034852,-0.035458,-0.053074,0.005869,0.015860,2,239
-6.337319,6.391631,-0.023685,-0.048282,-0.012271,0.000054,0.001996,0.049137,2,240
-1.674607,5.594034,-0.006007,0.018562,-0.006485,-0.071757,0.049263,0.030515,3,241
2.556677,3.897899,-0.020154,0.022851,0.016617,0.031009,-0.003042,0.004326,3,242
-2.025221,-0.464438,0.008317,-0.066837,-0.051037,-0.027517,-0.029367,-0.036330,2,243
0.462128,-3.515178,0.046423,-0.038140,0.021008,0.007613,-0.031824,-0.073419,2,244
-6.278272,2.914453,0.022811,-0.040658,-0.037981,0.005863,0.016824,0.066960,2,245
-1.211985,2.517299,-0.007438,-0.003844,0.013541,0.023658,-0.061761,0.011806,1,246
-3.493387,-2.567526,0.060926,0.007452,0.014875,0.055517,0.009007,-0.044729,1,247
3.294614,2.726315,-0.012023,0.043377,0.007958,-0.018590,0.018986,0.039423,3,248
0.117342,8.868363,0.011104,0.043733,-0.001959,0.026764,0.012082,0.024338,2,249
-5.044797,-0.460168,0.008443,-0.007777,-0.040061,-0.074809,0.004449,-0.036358,0,250
6.644391,-0.468765,-0.042699,-0.017698,0.037402,-0.028475,0.061261,-0.016088,1,251
-2.796118,-3.454174,0.032075,-0.030499,-0.039282,-0.064503,-0.007117,0.083623,1,252
2.451461,3.777766,0.032392,0.009440,0.034340,-0.053238,-0.010861,0.001697,3,253
-3.319424,2.924196,0.009680,-0.042219,-0.025835,-0.032336,-0.010768,0.012237,1,254
-0.904007,-3.201011,-0.006149,-0.017973,-0.050639,-0.034007,0.003353,-0.032328,1,255
3.253754,-0.494323,0.010547,0.013428,0.026152,-0.008755,0.029262,0.037144,3,256
3.209857,-0.431561,-0.000016,0.017978,0.005811,-0.033986,0.001087,-0.030955,3,257
3.069551,-3.058153,-0.055441,0.018451,0.004327,0.004925,-0.044648,-0.073616,2,258
4.411119,-1.498852,-0.023830,-0.004073,0.012154,0.008999,0.057617,-0.023187,2,259
2.195842,0.690402,-0.024807,0.015099,0.044757,-0.012290,-0.001027,0.031017,0,260
-1.303850,-2.852582,0.020749,0.017397,0.012585,-0.002227,0.028485,0.021684,1,261
1.321112,5.479384,-0.033298,0.008565,0.034191,0.044985,-0.008739,-0.000591,3,262
6.811232,-7.883324,-0.055347,-0.010837,-0.001180,0.020875,0.033426,0.028392,2,263
-2.223617,-4.194207,-0.066585,-0.003310,-0.066269,-0.003116,-0.035580,-0.014777,1,264
2.306820,1.049542,0.017552,-0.012273,0.045991,0.043157,0.014484,-0.003404,1,265
-1.593580,-0.119428,-0.016690,-0.054153,-0.037753,-0.068030,0.013033,-0.038923,0,266
2.072267,0.591548,0.010645,0.020966,-0.018156,-0.014750,0.034276,0.006041,0,267
-3.243165,-2.862816,0.006055,0.056611,-0.038180,0.034681,0.000030,-0.008418,1,268
6.571676,-0.646477,0.034639,-0.021973,0.044995,0.016824,0.015680,-0.012684,1,269
-6.589206,0.327096,0.036893,0.005600,0.012388,-0.004965,0.001957,-0.013957,3,270
0.773869,-7.276530,0.016177,-0.057074,-0.009216,-0.048937,-0.006361,0.005947,0,271
-3.199149,-2.866456,0.017873,0.009788,0.022091,-0.003181,0.005282,-0.014215,1,272
3.165482,-1.138155,-0.043869,0.009895,0.019316,-0.042654,-0.016407,-0.024451,3,273
-1.922282,2.985565,0.021086,-0.040509,-0.021653,0.020235,-0.006244,0.015210,0,274
-1.047580,3.039342,-0.014532,-0.051758,0.004741,0.004914,-0.013516,0.008499,0,275
2.801461,-3.209224,0.028676,0.040892,0.024253,-0.009006,-0.028352,0.024913,2,276
-2.172894,-4.116289,-0.016235,0.012999,-0.034884,-0.013989,0.000097,0.019804,1,277
-6.371212,1.480513,-0.029498,0.002494,0.000509,0.001026,0.008485,0.003140,3,278
1.397716,6.194579,-0.006614,0.009430,0.031439,0.016305,0.006481,-0.019164,2,279
-6.709840,-0.496796,0.033244,0.035101,-0.039163,0.041249,-0.010165,0.014709,3,280
-0.043738,-5.021409,0.002561,-0.003524,-0.017607,-0.057405,-0.011834,-0.001266,1,281
-2.172671,-4.104080,-0.003489,0.006290,0.032128,0.091472,-0.010259,0.010768,1,282
-1.860512,-2.000727,0.037023,0.031823,-0.012437,0.061583,0.047719,-0.024219,1,283
2.295566,4.208822,-0.024834,-0.022309,-0.041498,0.018070,-0.025928,0.016771,3,284
-4.449695,1.641546,-0.031124,-0.009163,0.060346,-0.039063,-0.026777,-0.008701,0,285
3.856368,-2.309384,-0.010308,0.029906,-0.001652,-0.004603,-0.013019,0.008352,2,286
2.873403,3.479517,0.021047,0.062665,0.033316,0.016229,-0.050441,0.005021,3,287
-0.924158,-4.906462,0.000599,-0.004097,0.010055,-0.017137,0.002978,0.004453,0,288
-1.310344,6.842260,-0.038377,0.000737,0.014027,0.031651,0.021485,0.041552,2,289
1.129669,6.477602,0.012310,-0.013352,-0.032502,0.010971,-0.085465,-0.018907,2,290
1.993611,4.433038,0.021556,-0.000388,-0.015544,-0.033433,0.034385,0.012329,3,291
3.423346,-4.794284,0.082005,-0.072855,0.018305,0.000584,0.024743,-0.003840,1,292
4.750885,-3.542154,-0.036949,0.053155,0.003157,-0.007294,0.022546,-0.015995,1,293
4.468812,-1.658308,0.016735,-0.015055,0.043133,-0.005728,-0.017422,-0.012232,2,294
2.682433,3.674411,-0.056892,0.000070,-0.009532,-0.052209,0.002403,0.006946,3,295
2.824347,-4.916620,0.015865,-0.033688,0.021484,-0.017279,-0.015097,-0.024638,0,296
-0.527036,2.446622,0.004140,0.012136,0.005134,0.027819,-0.003986,0.022180,1,297
-0.356269,2.063101,-0.020084,-0.033583,0.040689,0.045282,-0.017740,-0.046769,1,298
-1.491243,2.607367,-0.005371,0.044518,-0.003779,-0.037105,-0.044188,0.006471,1,299
-2.736089,-3.649519,0.041588,-0.006840,-0.017663,0.032436,0.019795,-0.006379,1,300
-0.170733,-5.054206,-0.056421,0.023367,-0.028209,-0.066941,-0.014995,0.064645,1,301
1.723725,-3.696621,0.009801,-0.009892,0.006508,-0.041069,0.004264,-0.004054,1,302
-1.525068,2.579846,-0.015664,-0.002481,0.033630,-0.011742,0.034070,-0.041812,1,303
2.902163,-0.694770,-0.009688,0.047865,0.008045,0.026468,0.017272,0.016221,0,304
-5.150170,-1.818101,0.001331,0.021948,0.029158,-0.032830,0.021899,0.053410,0,305
-2.110356,2.836175,-0.033631,-0.011974,-0.062255,0.001237,0.040273,-0.046471,1,306
3.816009,-2.384897,-0.036108,-0.013204,0.017264,0.007805,-0.001053,0.055627,2,307
-4.021231,2.405384,0.083894,0.016922,0.000528,0.017775,0.019119,0.007301,0,308
3.334748,1.603796,0.019370,0.046394,-0.004864,-0.005520,0.021803,-0.001755,3,309
3.672627,-2.635586,0.004707,0.003270,-0.001678,0.031334,-0.008024,0.002808,2,310
-3.216784,2.911045,0.013712,0.012053,0.028972,0.040438,-0.003570,-0.017737,0,311
-2.134607,2.893648,0.035030,-0.025961,-0.028840,0.004224,0.002408,0.021560,1,312
0.070362,-5.124110,-0.023090,-0.032021,-0.001925,0.014626,-0.040304,-0.060419,1,313
3.690759,-2.585236,-0.046276,0.030096,0.013743,-0.025143,0.035822,0.024916,2,314
1.380875,2.475855,0.000507,-0.081550,0.020812,-0.087098,-0.019802,0.054223,0,315
-1.324336,2.965654,-0.039637,-0.022968,0.011192,0.064257,-0.045905,0.041147,0,316
3.592591,1.057997,0.019215,0.024456,-0.033017,-0.004474,-0.016038,0.016692,3,317
4.623294,2.466634,-0.018046,-0.026379,0.070093,0.049458,-0.006122,-0.006874,2,318
-3.813298,2.548308,0.052238,0.012862,0.005896,-0.008951,0.023221,-0.041505,0,319
0.155730,3.008316,0.026822,-0.007473,-0.020160,0.025843,-0.003538,-0.006655,0,320
-1.440562,2.369033,0.014329,0.009350,0.016525,0.054714,-0.048670,-0.062888,1,321
-3.390142,-2.694294,0.052511,0.016779,-0.067778,0.019033,-0.017081,0.052838,1,322
2.763902,3.590642,-0.038043,-0.017781,0.038173,-0.019178,0.002886,0.058046,3,323
-1.500815,-2.475389,0.019014,-0.051125,0.009760,-0.015576,0.025990,0.051559,2,324
-7.438253,-1.528995,-0.007537,-0.018262,0.024143,-0.022700,0.015992,-0.013843,1,325
-1.989665,0.053121,-0.044267,-0.043900,0.010993,0.006342,-0.024570,-0.014319,2,326
-1.417970,3.206433,-0.017601,-0.029877,-0.009162,-0.037456,-0.000660,0.005592,0,327
-8.519810,-1.325372,-0.012236,0.016876,-0.012212,-0.023688,-0.026212,0.009571,0,328
3.333715,-0.242804,-0.030088,0.004459,-0.025902,0.014207,0.037588,0.017088,0,329
-0.657746,-3.294823,0.028134,-0.002552,0.018265,-0.013233,0.002887,0.020978,2,330
6.809837,1.004468,-0.035090,-0.025133,0.000971,0.059347,0.024692,-0.028015,1,331
4.759775,1.911593,0.029169,-0.002494,-0.007418,0.000600,-0.026579,-0.005515,2,332
2.187344,-3.702974,0.005930,0.020604,0.081072,-0.008720,-0.037466,0.033708,2,333
-2.002700,2.636970,-0.010178,-0.020144,0.015407,0.028313,0.005353,-0.005262,3,334
6.654279,-0.601810,0.054997,-0.020064,-0.004948,0.035063,-0.012886,0.009407,0,335
-2.167930,2.546780,-0.000393,0.008481,-0.006418,-0.065838,-0.000839,-0.056381,1,336
1.893717,5.570788,-0.029010,-0.050462,-0.022497,-0.023061,0.014730,0.052999,2,337
3.053585,3.167435,-0.014468,0.029314,-0.012131,0.023137,0.042136,0.045260,3,338
2.956887,-3.114764,-0.024879,0.019118,-0.023293,-0.075231,0.029878,0.011870,2,339
-2.438753,-3.888420,0.036621,-0.011753,-0.024949,-0.043794,-0.064134,-0.011521,1,340
-0.505804,2.027676,0.007005,-0.032196,0.025164,-0.011725,0.017265,-0.008559,1,341
3.997556,-2.187921,-0.017829,-0.000389,0.055424,0.029140,0.012568,-0.046758,2,342
-2.242681,3.061516,-0.009005,-0.008269,-0.041077,0.043212,-0.002153,-0.016402,0,343
-6.488949,-1.262632,-0.015377,-0.023169,-0.035510,-0.044827,0.000906,0.057246,2,344
4.076126,-2.040493,0.037373,0.000491,-0.037233,-0.038412,0.013033,0.043181,2,345
8.837827,-7.943703,-0.021120,-0.022129,0.028263,0.033055,0.029722,0.006821,0,346
3.250723,2.833549,-0.025970,0.043581,0.006952,0.003912,0.023355,-0.004018,3,347
-4.832944,1.012009,-0.034855,-0.031430,-0.021483,-0.024035,-0.031456,-0.014743,0,348
-4.306578,1.855429,0.000228,0.049693,-0.003532,0.018941,0.036242,-0.001463,0,349
-4.904757,0.933030,-0.019667,0.044639,-0.000100,0.024134,0.007506,-0.018560,0,350
3.005636,3.247571,0.029228,0.007760,0.046235,-0.010947,-0.023567,-0.014391,3,351
-1.018792,-3.142400,0.001133,0.079190,0.001770,-0.025943,0.056686,-0.021540,2,352
-2.904572,-3.373869,0.026514,0.014355,0.018869,-0.021642,0.059553,0.014086,1,353
-2.992780,3.112823,-0.008853,-0.001613,0.010132,-0.021676,0.026132,-0.015439,0,354
2.536620,-1.568323,0.016611,0.047859,0.007286,0.031064,0.002266,-0.009104,3,355
-4.478539,1.738089,-0.012154,-0.050178,0.000884,0.013379,-0.017982,0.066235,0,356
2.795316,3.821211,-0.062520,-0.006444,-0.027333,-0.021580,0.033566,-0.018470,3,357
1.585492,-5.203483,0.001639,-0.026306,0.019349,0.019196,0.020416,-0.021799,1,358
-2.795492,-3.539406,-0.041223,0.003165,-0.018141,-0.027503,-0.034633,0.002569,1,359
-1.166335,-4.795495,0.005559,-0.001856,0.023201,0.035498,-0.014834,-0.014401,1,360
4.494720,-1.027871,0.023874,-0.043729,0.034970,0.021349,-0.007831,-0.026870,2,361
3.509714,-2.777054,0.010952,0.026166,-0.010239,0.002794,-0.000570,-0.027552,2,362
3.563093,1.613803,0.024001,-0.011924,0.032530,-0.034969,0.000852,-0.023106,3,363
-0.476257,-6.517113,-0.038907,0.053617,0.098083,0.010112,-0.017560,-0.000070,0,364
4.970360,-0.151010,0.079042,0.035470,0.004137,0.006140,0.010308,0.021533,2,365
2.090612,5.743164,0.038219,0.008077,-0.014289,-0.020084,-0.019272,-0.018480,2,366
-2.083980,5.656386,-0.020648,0.005400,0.033338,0.007228,0.025560,0.026455,3,367
-1.078388,2.237095,0.007249,-0.040267,0.089227,-0.047222,0.044006,-0.017848,1,368
-4.499161,-3.759199,-0.017236,0.003284,-0.015129,-0.000741,-0.017093,0.016225,0,369
-2.202030,-5.918368,0.047425,0.021119,0.044232,-0.023071,0.006331,0.027952,0,370
0.455312,6.560124,-0.003004,0.004224,-0.037232,-0.038996,0.007432,0.024587,3,371
-0.267378,1.959776,0.064639,0.008353,-0.027877,0.043331,0.039548,-0.023581,1,372
-5.016291,0.561853,-0.020435,0.026729,-0.028912,-0.061943,-0.003959,0.025488,2,373
1.996775,5.128531,0.020759,-0.021143,-0.018734,-0.040034,0.011931,0.015841,3,374
0.351601,6.453432,0.011247,0.001937,0.020400,0.004338,0.007417,-0.028576,2,375
-2.159698,-0.837992,0.012919,-0.032831,-0.029479,0.014242,-0.011017,0.004108,2,376
3.601482,-2.687224,0.033899,-0.032538,-0.004902,-0.038286,0.034633,0.047650,2,377
-2.261188,2.949171,0.010561,-0.032756,-0.016666,0.005454,0.017124,0.036616,1,378
1.789410,-3.615679,0.040260,0.012068,-0.023133,0.015917,-0.056926,-0.031322,2,379
-7.430665,1.757462,-0.015929,-0.009401,-0.012070,-0.021449,-0.012153,-0.041348,2,380
-4.938248,3.817033,-0.060393,-0.003737,-0.013266,0.041800,0.012721,0.033036,3,381
3.591853,-2.430610,-0.003020,0.001463,0.013985,0.004998,0.015342,-0.035657,2,382
1.237269,7.420106,-0.016452,-0.025566,-0.047493,0.062193,0.026797,0.029054,1,383
-3.914944,2.270511,0.042126,0.040049,-0.004553,-0.038546,0.060188,0.026307,0,384
1.824753,5.356801,-0.057473,-0.022696,0.008501,-0.025320,0.000660,-0.012929,2,385
2.662657,3.679143,-0.001856,0.022098,0.070649,-0.039862,0.028710,-0.027065,3,386
0.467293,-2.350280,0.003165,-0.028531,-0.026650,-0.018205,0.013337,0.027504,3,387
7.168679,-5.498545,-0.000227,-0.003778,0.006264,0.003472,-0.001934,0.033249,1,388
3.258126,2.444690,0.053020,-0.036856,-0.004740,0.037572,-0.022346,0.033187,3,389
3.025848,-3.079223,-0.004158,0.046286,-0.033148,-0.016479,-0.010885,0.006614,2,390
-1.662469,2.443737,-0.035281,-0.011432,-0.016224,0.024430,0.001697,0.061405,3,391
-4.176857,2.126647,0.022815,0.013818,-0.024606,-0.029791,-0.055750,-0.052616,0,392
2.155611,-1.983552,-0.030122,0.023496,-0.058136,-0.009556,0.016892,0.016951,3,393
-2.938907,1.041533,0.043850,-0.025286,0.038949,0.023550,-0.001041,0.014320,2,394
-1.216357,-2.982300,0.032787,0.036350,0.049671,0.032089,-0.019774,0.016311,2,395
1.314079,-4.907489,0.009271,0.044577,0.046271,-0.024233,-0.002287,0.019398,1,396
8.144546,4.927356,0.019073,0.033449,-0.006863,-0.015663,0.041623,-0.037201,2,397
-3.937119,2.375713,0.000452,-0.030047,0.006838,-0.013788,0.018088,-0.029347,0,398
5.355921,-6.726931,0.063570,-0.020971,-0.020577,-0.048099,-0.015428,0.046597,3,399
4.452168,-1.688931,-0.006351,0.026063,-0.018909,0.005028,0.004905,0.014105,2,400
-7.110131,-7.437513,-0.018381,0.041956,-0.006693,0.032584,-0.038015,0.022106,2,401
3.205368,-1.052333,0.032567,0.047467,0.086916,-0.024136,-0.013170,0.007964,3,402
-1.314157,3.140426,0.002911,-0.068349,-0.000858,-0.019912,0.011680,0.018224,1,403
-1.914026,-4.216889,0.035799,0.017017,0.042022,0.012795,-0.004835,-0.053050,1,404
1.249422,-3.698740,0.040617,-0.028452,-0.033658,0.007887,-0.008469,-0.017801,2,405
2.774882,3.398736,0.029595,-0.011575,-0.016767,-0.020627,0.042690,0.034612,3,406
-5.525399,3.138339,0.011456,-0.015202,-0.002894,0.004309,-0.007066,-0.021771,3,407
-4.259701,2.235528,-0.011653,-0.032959,-0.038195,0.039899,0.026940,0.004853,1,408
-0.417777,6.826462,-0.099847,-0.033194,-0.000608,-0.018293,0.003028,0.005923,2,409
-6.698202,-1.419184,0.037579,0.048481,0.036828,-0.027479,-0.012203,0.051789,3,410
2.906212,-5.008064,0.042942,0.022075,0.001902,0.022954,-0.038380,-0.035543,3,411
3.421043,-2.903288,-0.042979,-0.018019,-0.031196,-0.011983,0.036229,0.018431,2,412
-2.821289,2.089077,-0.023811,-0.029750,-0.046838,0.011993,0.020415,-0.016288,3,413
2.818983,-1.486353,-0.042772,0.003051,0.032017,0.024876,-0.007742,-0.014966,3,414
-3.535838,2.659680,0.003486,-0.004037,-0.047393,-0.052610,-0.069664,0.002451,0,415
-4.379552,1.875028,-0.034189,0.015856,0.006927,0.031371,-0.017814,0.033002,0,416
6.692281,0.523912,0.009381,0.024851,-0.047692,0.000744,-0.022913,-0.003144,1,417
-4.307101,1.951189,0.051142,-0.006392,-0.049871,0.008367,-0.008412,0.003721,0,418
1.725561,5.862765,0.014739,-0.030607,-0.050831,-0.017862,-0.007552,0.007789,2,419
3.747343,-2.652126,0.005602,-0.014498,-0.039805,0.040487,0.011551,-0.000194,1,420
4.337429,3.017210,0.000510,-0.045040,-0.057511,-0.057855,0.019351,-0.017876,2,421
3.214778,2.930101,-0.015826,-0.040807,-0.019774,0.015833,-0.047515,0.007830,3,422
-2.044142,-0.413747,-0.038448,0.022177,0.000865,-0.013891,-0.002497,0.031405,1,423
2.561494,5.024947,0.014727,0.037183,-0.014343,-0.032885,-0.007620,0.053493,2,424
2.079942,4.211576,0.008138,-0.011437,0.022001,-0.007869,0.037088,-0.010716,3,425
-3.697233,2.567907,-0.015281,-0.035013,0.027266,-0.001919,-0.022010,-0.076780,0,426
2.242918,0.975181,0.006460,0.014668,-0.027020,-0.024898,0.035833,0.012683,0,427
2.493699,5.087388,0.048197,0.009995,0.047421,0.030027,-0.055475,0.012016,2,428
2.957350,4.567801,-0.003224,0.005666,-0.051116,0.040368,0.006544,0.009689,2,429
1.735072,5.443000,0.081158,-0.003827,-0.012614,-0.019497,-0.002841,0.023932,2,430
3.824859,-2.320572,0.000009,0.029415,-0.041428,0.024968,-0.016499,-0.019027,2,431
-1.696882,2.656236,-0.039317,0.002056,-0.025630,-0.008902,0.005050,0.018105,1,432
0.799896,-2.277188,-0.009061,-0.001495,0.025072,0.063983,-0.026190,-0.020198,3,433
-2.235404,3.077084,0.010441,-0.028586,0.023312,-0.012574,-0.022410,0.029335,0,434
-1.861975,-2.253253,-0.020430,0.002633,-0.010913,-0.015625,-0.055540,0.021217,2,435
-1.800765,-2.331031,0.007155,0.008375,-0.011931,0.014087,-0.027489,0.017046,2,436
2.029073,-1.925466,0.027583,-0.004348,0.043893,-0.062310,0.009438,-0.004092,3,437
3.236373,-0.739888,0.003032,0.006293,0.027052,0.035088,0.016922,0.005972,3,438
3.428280,2.612302,-0.020880,0.000702,0.020926,0.011315,0.041342,0.013959,3,439
-2.560104,2.177130,-0.005038,0.001025,0.028516,-0.032195,0.009324,-0.050423,1,440
-3.231271,-2.924512,0.029906,0.004356,-0.014919,-0.051747,-0.005786,-0.064704,1,441
0.527669,-2.124036,0.032550,0.011844,-0.071455,0.024482,0.005952,-0.052760,3,442
7.161323,-0.176907,-0.057918,-0.025244,0.001149,-0.032364,-0.034831,0.048026,1,443
-0.271415,-5.186857,-0.043408,-0.057346,-0.043300,0.023786,-0.026915,-0.022064,1,444
-2.197971,-1.128709,0.006718,0.002096,0.004289,-0.025416,-0.000768,-0.044635,2,445
-2.806019,-7.235260,0.018876,0.045251,-0.063435,0.050075,-0.001847,0.039726,1,446
-2.790935,-3.477089,-0.009651,-0.035574,-0.021751,0.009016,-0.049026,-0.002660,1,447
-2.166098,-1.132047,0.002301,0.013540,-0.002027,0.018464,0.000583,-0.002346,2,448
-1.892198,-2.236733,0.075077,0.024773,0.002412,0.001215,0.035934,0.020980,3,449
-4.069222,2.171829,-0.001467,-0.028086,-0.037188,-0.018150,0.020850,-0.050573,0,450
-1.276667,6.690649,-0.010420,-0.017279,0.031936,0.021265,0.023895,-0.000822,2,451
4.563628,-1.349450,0.019227,0.003505,-0.024017,-0.077522,-0.059021,0.033012,2,452
1.876924,5.424831,-0.002836,0.023339,-0.034012,-0.017403,-0.003167,0.002894,2,453
-7.045317,2.037874,-0.017438,-0.018872,0.056462,-0.019136,0.021387,-0.028703,2,454
-2.883249,2.122866,-0.018401,-0.027111,0.018377,0.046138,0.001738,-0.004815,1,455
-1.262643,2.249935,-0.020264,0.022503,-0.042839,0.051583,-0.012723,0.052191,2,456
-0.023487,-5.321190,0.047453,-0.009492,-0.002132,-0.023690,0.013616,-0.035025,0,457
-3.253415,-2.733431,0.028529,0.009878,0.029760,0.008085,0.008154,0.007974,1,458
2.132567,1.528763,-0.032807,0.005497,-0.030866,-0.027584,0.026980,0.007951,3,459
-2.872234,-3.339420,-0.022909,-0.023964,-0.036239,0.003640,0.035759,-0.000781,1,460
8.698739,-0.466965,-0.061400,0.060528,-0.010584,0.023161,0.003650,-0.000227,0,461
3.262808,2.803221,-0.028003,0.077492,-0.044576,-0.030320,-0.017632,0.024580,3,462
2.008039,4.615615,-0.026497,0.029235,0.038238,0.033084,0.056322,0.069672,3,463
3.985046,-2.383245,0.018841,-0.038029,-0.052488,0.035424,0.053759,-0.013098,2,464
-4.086785,2.261291,-0.011234,0.019227,-0.055715,0.002797,-0.006603,-0.023865,0,465
-1.268671,2.150010,-0.009781,0.031249,-0.017307,0.039939,-0.022530,-0.012817,1,466
-0.408585,3.061266,-0.007333,0.024192,-0.028932,0.006829,-0.006821,0.000610,1,467
-3.588999,2.860523,-0.001191,0.010842,0.005599,-0.005076,-0.059998,-0.013399,0,468
1.910233,5.526400,0.038954,-0.047904,-0.001286,-0.063405,0.025342,-0.003658,2,469
-3.431737,1.693354,0.010454,-0.011086,0.036541,0.026780,-0.036099,0.028540,1,470
3.647493,1.674466,0.007041,-0.036258,-0.033063,0.053670,-0.020940,0.024344,0,471
2.954138,3.338494,0.028459,0.036287,0.005181,0.006203,-0.007781,0.015845,3,472
0.561907,6.772783,0.030605,0.000817,-0.031311,0.010214,-0.014492,0.013607,0,473
3.665451,-2.607708,-0.024123,0.031209,-0.033392,-0.086584,-0.045433,-0.006153,2,474
3.166127,3.014505,-0.032320,-0.008254,0.017537,-0.010101,-0.043756,0.067099,3,475
2.322950,-1.799107,-0.016869,0.008985,-0.038939,-0.051993,-0.013959,0.020783,3,476
4.572972,-1.265559,0.046224,0.026118,0.035384,0.007799,0.014654,0.047437,2,477
0.758884,-2.102831,0.011291,0.028876,-0.007563,0.023406,-0.019404,0.012588,3,478
-0.926987,2.466495,0.047149,-0.008067,-0.069733,0.032771,0.045817,-0.021678,2,479
1.769924,5.510242,0.019798,-0.010918,-0.058593,-0.018293,0.044257,0.016019,2,480
4.610907,-1.298968,-0.014761,-0.032149,0.021501,0.054822,-0.008265,0.009162,3,481
2.881526,-4.849196,0.009292,0.001150,0.022346,-0.021562,-0.036085,-0.003112,1,482
-3.699997,0.597560,-0.009186,0.021621,0.016969,0.033191,-0.008448,-0.017884,1,483
0.221199,3.031516,0.009390,-0.000499,0.020921,0.020380,0.023225,-0.029001,0,484
2.242329,-1.820849,0.005991,0.052259,-0.019078,0.016409,0.000710,-0.051279,3,485
3.094594,2.817197,-0.011946,-0.042086,0.020687,0.019362,-0.035582,0.048220,3,486
3.295473,2.669863,0.038113,0.023925,-0.023171,0.023619,-0.031153,-0.049731,3,487
-1.401348,2.495874,0.032849,-0.004274,0.036757,0.007659,-0.027540,-0.038467,0,488
-4.115107,2.219958,-0.036092,-0.008627,0.015023,0.015008,0.022552,0.005098,0,489
3.290878,2.737085,0.016180,-0.034726,-0.042637,0.052639,-0.036752,-0.018013,3,490
-2.127934,-0.349222,-0.012251,-0.003690,-0.005037,0.024488,-0.008049,0.027597,2,491
-4.881824,1.203819,0.033060,-0.000025,-0.011982,-0.012007,0.029596,-0.007961,0,492
-1.212971,-3.071846,0.002097,-0.019584,0.014913,0.001998,0.050588,-0.027954,2,493
2.304607,5.195272,0.063875,-0.035232,-0.003186,0.079402,-0.025794,-0.023642,2,494
2.090915,4.961736,0.004345,-0.036761,0.044116,-0.023668,-0.023622,-0.006168,3,495
1.780236,5.771204,0.006915,-0.066836,-0.009319,-0.012521,-0.001436,-0.044657,2,496
1.155923,6.461740,-0.022283,0.015198,-0.052040,0.009422,-0.000278,0.049783,2,497
-1.780451,2.735414,0.035929,-0.064023,0.009121,0.015603,0.001461,-0.020935,1,498
2.475696,3.814717,-0.024145,0.046473,-0.021712,-0.010804,0.015780,-0.022093,3,499
-1.514076,-2.612539,-0.002348,0.006048,0.030170,0.013949,0.036817,-0.038877,1,500
-2.021386,-4.280564,0.016077,0.039252,-0.005670,0.054413,-0.024303,-0.022260,1,501
-3.755665,2.538399,-0.014298,-0.004352,0.022885,0.019442,0.023717,-0.022140,0,502
2.001011,4.992005,0.010391,-0.029542,0.067213,0.001682,0.019573,-0.016812,3,503
-1.969777,-4.367589,-0.023713,-0.000952,0.034548,0.020885,-0.030327,-0.044057,1,504
1.182750,2.671413,0.011217,0.020752,0.039576,-0.015415,-0.001290,0.016760,2,505
1.441385,-5.065035,0.016634,-0.034346,-0.031454,0.007999,-0.006556,0.023227,1,506
-5.012196,-0.488456,-0.000143,0.006025,-0.001213,-0.013660,0.024547,0.028432,0,507
-0.917349,5.819621,0.029859,-0.020392,0.011656,0.032382,0.014080,-0.030210,3,508
-4.344510,1.767315,0.032346,0.012208,-0.018514,-0.006143,-0.004894,-0.016107,0,509
1.334703,6.185278,-0.048271,0.056395,0.024551,0.038549,-0.038367,0.040633,2,510
0.058939,-2.024071,0.027597,0.002383,0.008325,0.034601,-0.010139,0.008462,3,511
6.800750,1.489506,0.031314,-0.047891,0.007682,-0.039024,0.029110,-0.009567,1,512
-2.198671,-4.071794,0.037830,-0.018500,-0.049564,-0.024715,0.009143,-0.002634,1,513
8.704383,-3.108886,-0.011235,-0.023759,0.034424,-0.018649,0.007103,-0.011732,0,514
3.014102,-1.145794,0.007173,-0.025977,0.000196,0.041702,0.010304,0.106368,2,515
0.577433,-2.288740,-0.008221,-0.007779,0.003973,-0.034777,0.015631,-0.044990,3,516
-4.755745,1.608965,-0.022294,0.053126,-0.000734,0.037028,0.024971,-0.018349,0,517
-1.161744,6.728077,-0.027009,0.005192,0.075152,-0.001627,0.045368,0.009132,2,518
2.648522,-1.342164,-0.028990,0.041110,0.003974,-0.010288,-0.006644,-0.004562,1,519
-5.169032,-1.427266,-0.010554,-0.064281,-0.007715,-0.005244,-0.007873,0.016643,0,520
7.222550,2.832842,0.019349,-0.014093,-0.039690,0.074463,-0.037381,-0.074932,3,521
-2.409940,3.002904,-0.010075,-0.053363,0.005416,0.062485,0.009935,0.073598,0,522
6.498494,-0.145044,-0.026957,0.030838,0.001646,-0.001920,0.023391,-0.039331,1,523
2.796923,3.578339,0.009090,-0.013662,-0.016748,-0.021791,-0.004112,0.036711,3,524
-1.980339,-2.090956,0.004210,-0.029187,-0.012513,-0.026558,0.004071,0.033090,2,525
3.498580,-2.693770,-0.041658,-0.043895,-0.077768,-0.046384,0.016087,0.047729,2,526
2.208117,7.018830,-0.022151,-0.022206,0.039895,-0.005601,-0.033781,-0.011525,2,527
1.957869,5.026284,0.023567,-0.020505,-0.003818,-0.028291,0.035944,-0.065468,3,528
2.901103,-4.880022,-0.042538,-0.016717,0.024178,0.014572,0.017691,0.008040,1,529
2.517889,3.978409,0.027645,0.009324,0.038686,0.002554,-0.007113,-0.023347,3,530
-2.499996,-3.810338,0.002763,0.042833,0.066428,-0.000344,-0.032107,-0.070507,1,531
2.285228,4.273062,0.009223,-0.002946,0.032858,0.034889,0.014044,-0.014859,3,532
3.497271,0.553116,0.020673,0.097789,0.027518,0.038033,-0.024405,-0.011034,1,533
3.382539,-0.597872,0.008966,0.005314,-0.020593,-0.023514,-0.019849,0.017125,0,534
-5.195184,-1.289542,0.006095,0.008583,0.014163,-0.010150,0.011119,-0.036644,0,535
-0.726754,2.137185,0.002518,0.029696,0.014389,-0.010886,0.009800,-0.014576,1,536
-4.710701,1.024323,-0.039014,0.007355,-0.041085,0.030665,0.006754,0.011257,0,537
4.705802,2.019395,-0.052807,-0.023452,-0.025819,-0.016303,-0.022607,0.012674,2,538
0.981821,6.347969,0.014358,-0.004301,0.004232,0.015374,0.030374,-0.006292,2,539
1.472105,6.111316,-0.006303,-0.056201,0.004020,-0.013961,-0.042367,0.020152,2,540
2.403229,4.081604,-0.080153,0.024646,-0.024647,-0.012675,-0.001502,-0.009875,3,541
-1.570217,6.707070,0.015545,0.019522,-0.024535,0.018547,0.029872,0.012962,2,542
1.992782,1.098159,0.000373,0.007378,-0.009521,-0.041206,-0.000213,-0.044568,0,543
4.874616,-0.786531,-0.023841,-0.002152,-0.002877,-0.016922,-0.002985,0.014115,2,544
-1.710232,2.751006,0.020108,0.026588,0.016937,-0.025025,0.006968,-0.039226,1,545
5.717655,6.659332,0.001683,-0.030226,-0.024181,-0.009618,-0.043625,0.029423,2,546
-3.144296,3.043768,0.019780,-0.034256,0.002967,-0.006656,0.034986,-0.023267,0,547
-0.614773,-4.827037,0.006294,-0.016184,-0.025975,-0.033296,-0.043366,-0.025665,0,548
-2.383469,2.274798,-0.004471,0.035824,0.006164,-0.008364,-0.007556,-0.020668,1,549
2.591021,4.927402,-0.064715,-0.002913,-0.041055,-0.020129,-0.055516,0.045660,1,550
-2.431859,-3.792018,-0.046037,0.040503,0.022716,0.048555,0.000163,0.017138,1,551
2.400402,0.572370,-0.051732,-0.019778,0.009513,0.016167,-0.014984,-0.010864,3,552
2.733746,-1.668429,-0.007146,0.044729,-0.063658,-0.041053,-0.025951,0.011447,3,553
-2.620455,-3.766042,0.019052,0.006682,0.026322,-0.057373,0.000369,-0.023679,1,554
-5.225360,-0.040388,0.044093,0.024169,0.007125,0.038579,-0.019372,-0.005778,2,555
-0.035839,-1.854680,0.055863,0.030930,0.037648,0.007398,-0.031395,0.044384,3,556
-1.543278,2.707801,-0.023437,-0.008643,-0.005670,-0.001885,-0.017540,-0.039427,1,557
2.142273,5.479643,0.008082,-0.021279,0.006042,0.028034,-0.029596,-0.020937,1,558
-2.275754,2.994743,-0.010261,-0.057747,0.010453,-0.018187,-0.012364,0.004469,0,559
-2.680225,-3.610292,0.025092,0.019001,0.049624,-0.010714,-0.000935,0.024396,1,560
-2.241094,-0.395665,-0.004936,-0.030705,0.035038,0.060341,-0.027814,0.041362,2,561
0.391892,-5.066147,0.017194,0.004465,0.012501,0.042493,-0.032674,-0.034853,1,562
-3.822199,2.455948,-0.021893,0.036937,0.034278,0.054036,0.024309,0.004733,0,563
-2.580365,3.252480,0.042151,-0.041839,-0.038225,-0.039582,-0.021353,-0.031011,0,564
2.064111,0.435429,-0.005887,0.026222,0.026955,-0.016971,-0.018988,-0.023532,0,565
-0.381284,2.044216,-0.020587,0.016044,0.034085,-0.024368,0.017935,-0.002029,0,566
2.356053,4.094796,-0.020172,-0.062333,-0.003920,-0.004182,0.023854,-0.019468,3,567
2.346036,-4.874061,-0.015992,-0.006699,0.038106,-0.004565,0.024514,0.009264,1,568
0.825743,-3.615072,0.051149,-0.020482,0.067860,-0.015353,0.009020,-0.033459,2,569
3.231094,2.918138,-0.000920,-0.055931,-0.000531,-0.008278,-0.010971,0.022465,3,570
-4.503620,-3.015311,-0.016852,-0.005340,0.004512,-0.023850,0.013743,-0.035957,2,571
1.451275,-3.711705,0.018051,0.035042,-0.005492,-0.019839,-0.012926,-0.000494,2,572
-1.642009,2.774827,-0.007226,0.011359,-0.031638,0.008684,-0.012443,-0.033979,2,573
4.140841,-2.157372,-0.023217,0.029070,-0.025767,-0.049952,0.028225,-0.001696,2,574
-1.413732,-2.741927,-0.006830,-0.036193,0.042829,-0.066210,0.008351,0.002276,2,575
-0.269070,2.290237,-0.063461,0.005847,-0.022005,0.007701,0.002209,0.024509,0,576
-0.629257,2.218715,0.028523,-0.042862,0.014131,0.058585,-0.045108,0.016900,1,577
6.856833,1.281432,0.011026,0.046329,-0.017608,-0.006781,-0.001432,0.048809,3,578
4.101363,-2.127050,0.012867,0.019050,0.029599,-0.032696,-0.045271,0.010599,2,579
2.612041,-1.456792,-0.003162,-0.036428,0.047236,-0.036983,-0.073588,-0.074300,3,580
-3.300277,-2.803944,-0.029601,0.023233,0.015417,-0.005541,0.058799,-0.031255,1,581
3.509845,1.638166,0.039310,-0.004267,0.005445,-0.062669,-0.039756,-0.028027,3,582
-0.348141,5.688229,0.056878,0.030322,-0.041241,-0.002912,0.050326,-0.004025,3,583
1.256840,-2.032296,-0.001142,-0.036148,0.024648,0.031499,-0.011155,-0.000244,3,584
0.298076,-2.199007,0.002318,-0.059947,-0.056965,0.001791,-0.028454,0.001770,0,585
3.675506,0.181846,0.004779,-0.026865,-0.024052,-0.035041,-0.030589,0.002027,0,586
2.600697,-1.588758,0.000916,0.011029,0.032783,-0.011479,-0.032514,-0.049908,3,587
3.441815,2.620531,-0.003068,0.006677,-0.013938,-0.030454,-0.006106,-0.021145,3,588
-1.471518,-2.629162,-0.025797,-0.069595,0.035790,-0.009994,0.008577,-0.051693,1,589
-1.538063,2.768881,-0.047921,0.025854,-0.013329,0.003620,-0.004348,0.033004,0,590
2.415843,4.911642,-0.041184,-0.053120,0.006913,0.034317,-0.023199,-0.008997,2,591
1.009619,5.545208,-0.002175,0.019461,-0.006008,-0.033769,0.011223,0.033305,3,592
1.487462,5.367932,-0.047830,-0.015120,0.050965,-0.013661,0.027627,0.018133,0,593
3.261662,2.877166,-0.051612,-0.003368,0.061923,0.007834,0.001504,-0.025520,3,594
2.731385,-4.980258,-0.008410,0.071014,-0.026802,-0.001532,0.040463,0.033954,1,595
2.529788,3.827759,0.001796,0.021718,0.015412,-0.054865,-0.000884,-0.023693,3,596
2.105442,1.490558,0.035568,0.047428,0.000093,-0.026567,-0.008068,-0.056229,1,597
2.102858,4.679845,-0.026285,-0.008126,0.009858,0.026651,-0.013604,-0.012961,3,598
2.889347,-3.184256,-0.004821,0.075088,0.001188,-0.042367,-0.038553,-0.014860,2,599
-1.262037,5.748231,-0.026066,0.024373,-0.015530,-0.068734,-0.007653,0.021680,2,600
-3.477312,1.233336,0.025786,-0.010591,-0.011002,-0.018437,0.018714,-0.058856,2,601
1.153706,6.237421,-0.047980,-0.040555,-0.013277,-0.043566,0.011524,-0.018995,1,602
-6.863225,-7.184957,-0.008544,0.036662,0.019928,-0.014885,0.003831,0.002568,0,603
2.678750,3.634906,0.002454,-0.014592,0.025868,-0.027230,-0.019348,0.002963,3,604
0.307765,2.814499,-0.020124,0.062814,-0.037726,0.043801,0.039796,0.003363,0,605
-2.400243,2.520738,0.023547,-0.036779,-0.032534,-0.055653,-0.037186,0.027284,3,606
3.216875,2.957022,-0.041297,0.016555,0.045322,0.000436,-0.008054,0.057820,3,607
2.902349,3.544168,0.002598,-0.007524,0.010779,-0.010467,-0.053640,0.001279,3,608
-3.879901,2.481605,-0.033511,-0.010080,-0.021783,-0.004933,-0.012142,-0.050945,0,609
-3.796356,2.421287,-0.005962,0.002798,-0.015746,-0.052432,0.059396,-0.056701,0,610
1.550765,2.416054,-0.038384,-0.002300,0.008442,0.002121,0.010111,0.015884,3,611
2.369291,4.058399,-0.013626,0.042637,-0.030854,-0.022516,-0.043985,-0.007694,3,612
2.719295,3.576081,-0.048245,0.015364,0.006668,-0.027026,0.008127,0.017528,3,613
-4.222458,2.066566,-0.006568,-0.001427,0.036786,0.026757,0.003700,0.084707,0,614
-1.022901,3.016986,-0.006019,0.001389,-0.020731,-0.056476,-0.015354,0.054027,2,615
1.668361,5.965471,0.024737,-0.009639,0.011198,-0.040946,-0.009681,0.029518,2,616
-4.431096,1.672005,-0.015319,0.039677,0.022051,0.038053,-0.031464,0.034119,0,617
6.909667,1.417950,-0.013367,-0.021400,0.039001,0.035676,-0.053318,0.058653,1,618
3.526151,-2.626868,-0.008829,0.035935,-0.014863,-0.026600,-0.022029,0.036389,2,619
4.297152,-1.859362,0.036908,-0.043794,-0.005837,-0.025662,0.033267,-0.011368,2,620
-2.997438,2.272740,-0.051452,-0.036973,0.034072,0.007707,0.027959,-0.048770,1,621
2.093014,0.053900,0.010530,-0.015870,-0.012066,0.002679,0.004320,-0.019697,0,622
5.665669,-2.567548,0.005211,0.020112,-0.045129,-0.024950,-0.063591,0.018594,1,623
2.137678,4.453198,-0.051093,0.001496,0.042605,-0.018201,-0.046933,0.070991,1,624
-3.310424,2.912142,-0.009467,-0.001457,0.033134,0.018016,-0.023878,-0.025965,0,625
-4.866588,0.858124,-0.011356,0.070430,-0.003430,0.005051,-0.010509,-0.017805,0,626
-1.903372,2.516676,0.013803,-0.009631,-0.073342,-0.001304,-0.038026,-0.039602,1,627
3.493239,-2.709228,0.006165,-0.024618,-0.036543,0.013800,-0.022940,-0.025223,0,628
-1.181790,2.431925,0.005874,0.008157,0.050506,-0.000342,-0.001480,0.010551,1,629
-3.115892,2.976835,0.008043,0.034052,0.038814,0.013235,-0.028161,-0.064274,0,630
3.493954,-2.814514,0.015181,-0.015900,0.023101,-0.023629,-0.015232,-0.013167,2,631
-0.366880,2.207721,-0.012245,0.045655,0.030789,0.059758,0.003682,-0.021529,1,632
0.043671,-5.101196,-0.001544,-0.005690,0.003915,-0.000773,0.003043,0.021978,2,633
0.305723,-2.058671,-0.009816,-0.008804,0.008067,-0.003100,0.012853,-0.014021,3,634
1.497029,-6.653236,-0.045215,-0.009052,0.011437,-0.000858,-0.025313,0.039013,0,635
-3.604779,-4.955411,-0.046933,-0.003125,-0.020268,-0.012686,0.040017,-0.008353,0,636
-5.697730,3.155853,-0.004835,0.018835,0.001315,0.035529,0.048928,-0.066003,3,637
-1.626665,2.540373,-0.028886,-0.016679,0.034313,0.005787,-0.010211,-0.074039,2,638
2.796723,-3.151322,-0.011980,0.010874,-0.053573,0.023716,-0.002446,-0.008063,2,639
5.511748,-4.080205,0.056910,0.028862,0.047229,-0.015992,0.022860,0.007621,0,640
4.946681,0.776070,0.016172,-0.006477,0.037158,0.073004,-0.028642,-0.071049,0,641
4.451153,-1.874960,0.036085,0.013498,0.052841,-0.014371,0.035093,0.042010,2,642
3.959397,-2.188974,0.000878,-0.020703,0.023605,-0.000845,0.022159,-0.026380,2,643
-2.174888,-4.037150,0.048202,-0.004186,0.066390,0.035920,0.006188,0.008671,1,644
-6.231783,1.891570,-0.031145,-0.041723,0.021015,0.062770,-0.007779,0.041014,1,645
4.823629,-3.543165,-0.016089,0.009303,0.020566,0.002538,0.019655,0.030953,1,646
2.529841,3.916713,0.001360,-0.009630,0.022068,0.018919,-0.041879,-0.044578,3,647
-1.407992,2.445095,0.017732,0.054684,-0.027858,0.005412,0.000763,0.025530,1,648
-4.103396,2.120301,-0.047951,0.031010,-0.003857,0.032679,-0.011105,-0.019875,2,649
-2.199576,2.937577,0.012183,-0.007311,-0.025149,0.020555,0.052051,0.060045,0,650
-2.192272,-6.056970,0.009566,0.026716,-0.020571,0.013391,-0.009118,0.031886,3,651
-8.257704,5.163525,-0.003557,-0.017413,0.019617,-0.003314,-0.031352,-0.006552,3,652
-3.784974,2.455094,0.078925,0.016071,-0.047679,-0.001457,0.008491,-0.021139,0,653
-4.269395,1.872610,-0.020738,-0.053901,-0.000333,-0.016151,-0.040903,-0.041659,0,654
-4.953410,1.199005,0.016295,-0.030636,0.011245,-0.023097,-0.001547,-0.011179,0,655
2.411784,5.027044,0.002547,0.023283,-0.016138,0.014360,0.030348,-0.038500,2,656
4.504362,1.855806,-0.023667,0.026454,-0.015951,0.012566,-0.012742,-0.015511,1,657
5.150620,-0.083493,0.010511,0.046482,-0.031288,0.047606,0.047621,-0.035853,2,658
4.071461,-1.853025,-0.055810,-0.007260,-0.001406,-0.022441,-0.012892,-0.006767,2,659
-1.958477,2.514443,0.046360,-0.017880,0.009379,-0.056062,-0.019627,-0.006521,1,660
0.762236,2.955644,0.017192,-0.017859,-0.021297,0.064430,-0.030028,-0.000923,0,661
-2.165932,-1.352139,0.003311,0.022134,0.036779,0.038722,0.005612,0.050623,2,662
4.369961,-1.660944,0.012996,-0.018937,0.070165,0.000187,-0.012554,0.011937,2,663
-1.860458,-4.361233,0.027807,0.002839,-0.056015,-0.013647,0.055963,0.007715,1,664
3.568064,0.058550,-0.033769,0.036288,0.064524,-0.038982,-0.036069,-0.013695,3,665
-4.475592,1.686515,0.006035,0.017958,-0.010996,-0.030020,-0.039515,0.040461,0,666
1.887846,5.072365,0.011606,-0.041975,-0.061800,-0.000879,0.074527,-0.003718,3,667
-2.363241,3.025112,0.034435,0.006728,-0.000010,0.019154,0.023489,-0.016320,0,668
2.486526,-1.768545,-0.004017,-0.005022,-0.018492,-0.036548,-0.008128,0.013912,3,669
-2.914237,3.073579,0.003194,-0.000107,-0.010489,0.015934,-0.027413,-0.019446,0,670
-1.303022,2.262937,0.042374,0.000481,0.011633,-0.006792,0.003051,-0.015816,1,671
-0.503636,1.163692,-0.007748,0.014620,0.011756,0.009315,-0.008761,-0.023604,2,672
7.309910,-6.920088,-0.032296,0.006168,-0.039386,0.031270,-0.022345,-0.005045,2,673
1.541085,5.248625,0.000052,0.010449,0.034516,-0.026976,0.000499,0.000407,3,674
-3.274752,2.992567,0.045683,0.008524,0.004039,-0.002642,-0.012625,0.041075,0,675
1.718291,-5.043439,0.057932,-0.032477,-0.018753,0.030323,-0.046191,0.023575,1,676
1.483312,6.206192,-0.050191,0.009782,-0.025236,-0.019134,-0.007415,-0.012408,2,677
2.247979,4.647414,-0.028407,-0.003741,0.005145,-0.007804,0.005736,0.029922,1,678
4.193392,-1.823580,0.004181,-0.035500,0.067440,-0.007275,-0.018573,0.017462,2,679
-2.007418,-4.271399,0.011916,-0.012180,-0.019760,0.011482,-0.020103,-0.015597,1,680
-1.330733,-2.890843,-0.065209,0.008973,0.056347,0.003400,-0.004905,-0.068794,2,681
-4.675800,1.029737,-0.019433,0.022395,0.015012,0.010285,0.019930,0.001493,0,682
-3.077662,2.881220,-0.035824,0.012127,0.002354,0.045350,0.024046,0.020611,0,683
7.971038,8.050883,0.027279,-0.014751,0.007197,-0.031691,-0.006183,0.035897,2,684
1.748689,5.781693,0.014137,-0.049712,0.006900,0.009385,-0.063533,-0.014759,2,685
-5.002129,-1.798613,-0.033439,-0.041624,0.018371,-0.020628,-0.032359,0.008066,0,686
-3.710361,2.597593,0.020673,-0.039047,-0.006417,0.004206,0.056187,0.025301,0,687
0.778762,-2.320021,0.004968,-0.016395,-0.006286,0.017705,-0.047325,0.000115,3,688
2.759922,3.705003,0.012438,0.024256,-0.050493,-0.025822,-0.036582,-0.018177,1,689
-0.149040,3.793995,-0.010596,0.013332,0.000606,-0.056761,0.046878,0.000508,0,690
1.700599,-3.578029,0.024735,-0.012819,-0.020917,0.001654,-0.031944,0.032756,2,691
-0.866164,2.242615,-0.004285,0.064674,-0.016224,-0.017235,-0.029220,0.046936,1,692
-1.236050,-6.432076,0.052866,0.028637,0.005481,0.019770,0.001460,0.010718,0,693
-2.253060,-1.376523,0.010706,0.036542,-0.017182,-0.004183,-0.050433,0.015849,0,694
0.760607,2.779720,-0.008781,0.024517,-0.021273,-0.001958,-0.071177,-0.048528,0,695
-2.206152,-1.001912,-0.031639,0.037610,-0.015724,-0.019437,0.041438,-0.066431,2,696
4.833780,-3.773644,-0.005382,0.014158,-0.021277,-0.000104,0.039894,-0.000617,1,697
-2.789571,2.105592,0.000864,0.020471,-0.021006,-0.023101,0.006475,-0.021352,1,698
-2.392366,8.128100,-0.022204,-0.008839,0.034029,0.009653,0.046297,-0.016960,2,699
-1.542403,2.513056,-0.047126,-0.004088,0.050510,0.009788,0.000636,0.052701,1,700
-2.434446,-4.001469,-0.036856,-0.035231,-0.006876,0.015445,-0.012455,-0.049507,1,701
3.485039,-2.666640,-0.006966,-0.009019,-0.011840,-0.030769,0.002439,-0.016351,2,702
6.282562,-1.911882,-0.063292,-0.001141,0.007494,0.034670,-0.012892,-0.021518,1,703
-3.357875,-2.655291,0.024940,-0.018596,-0.001816,-0.009378,0.036142,0.039906,1,704
-4.018484,5.650121,-0.003524,0.017864,-0.030546,0.007744,0.012005,0.021560,1,705
2.500753,3.749519,0.019721,-0.021391,-0.052552,-0.038018,0.001770,-0.071651,3,706
0.129347,3.247488,0.010915,0.012329,-0.060582,-0.013337,0.051918,-0.011271,0,707
1.566512,5.273376,0.056052,0.015175,-0.018512,0.022596,0.031860,-0.039468,1,708
-4.805618,-3.523999,0.025387,0.007858,0.056183,0.029490,-0.003633,-0.042516,0,709
2.111970,4.686344,0.000417,-0.021446,0.036301,-0.040147,0.059777,-0.056973,3,710
-0.517159,-4.422225,0.046533,-0.007666,0.015568,-0.006454,-0.017888,-0.007304,3,711
-2.073075,-2.115383,-0.002362,-0.021352,0.007560,0.008065,-0.028881,-0.077921,2,712
-2.187704,-1.241497,0.021767,-0.023851,-0.037235,0.077714,-0.064039,-0.029468,2,713
-0.048874,2.152408,0.015151,0.005008,-0.024710,-0.014652,0.035128,0.006037,1,714
0.504405,5.213250,0.029599,0.025028,-0.071809,0.044764,0.015224,0.024949,1,715
4.243143,-3.987735,-0.031839,-0.032248,0.052687,0.024373,-0.001846,-0.040456,1,716
-3.579206,-1.361273,0.002666,0.019629,-0.014492,-0.007519,-0.026270,-0.009911,1,717
3.785797,-2.335507,0.013713,-0.005003,-0.027689,-0.015419,0.009491,0.002121,2,718
-2.884222,3.024902,0.035292,0.011329,-0.031723,-0.021955,0.016510,-0.022859,0,719
0.808060,-5.201047,0.000542,0.036952,-0.003508,-0.014623,0.013803,0.029007,1,720
0.793848,6.516989,-0.017097,-0.022401,-0.017668,-0.012535,-0.005385,0.022899,2,721
0.287755,5.586278,0.032333,-0.031197,-0.029697,0.033494,-0.016741,0.055020,3,722
-2.818190,-5.548287,0.006686,0.026291,-0.041246,0.033094,-0.030222,-0.030686,0,723
2.759892,8.547406,-0.007711,0.009043,-0.057710,-0.037770,0.014352,-0.012162,3,724
2.726486,-5.067608,-0.019418,0.030542,-0.002806,0.042932,0.021107,0.018495,1,725
2.020656,4.864991,-0.007935,-0.026788,0.039998,0.062418,0.035036,-0.002492,3,726
-3.392228,-2.569171,-0.029669,-0.029699,0.011792,-0.059936,-0.018291,-0.000479,1,727
3.612490,0.854602,-0.031196,-0.007721,0.063023,0.038284,-0.027928,0.013685,3,728
-3.148114,2.974702,-0.034446,0.001298,-0.010569,0.010956,-0.008258,0.053034,0,729
2.832462,-4.823925,0.002379,-0.033792,-0.002878,0.001174,-0.011863,0.012353,1,730
2.721463,-4.986903,-0.064467,-0.000876,0.036694,0.007287,0.072647,0.018125,1,731
3.611558,-2.489737,-0.004805,-0.013246,0.034859,0.000148,0.038156,0.061838,2,732
3.525962,-2.762756,0.005235,-0.041083,0.001026,0.013641,0.009502,0.059473,2,733
-4.892341,0.731189,-0.027670,-0.003536,0.022766,0.012572,-0.016353,0.010409,3,734
-3.622333,2.562956,-0.049720,0.043899,0.010569,0.015249,-0.019541,-0.017794,0,735
0.062780,5.684244,-0.023661,-0.036235,0.016695,-0.005978,0.000334,0.004451,3,736
-2.101769,-3.979600,0.009050,-0.029362,0.068418,-0.016025,-0.020109,-0.016207,1,737
3.157917,2.992390,-0.030158,0.031984,-0.021705,-0.028777,0.002822,-0.005716,3,738
-3.780287,2.413941,-0.013249,0.014022,0.020031,0.008370,-0.056169,0.007969,0,739
-1.525794,3.069523,-0.047724,-0.005228,-0.005649,0.032102,0.054090,0.040122,0,740
-3.585070,2.654554,-0.009793,0.035655,-0.003801,0.033544,0.003838,-0.024808,0,741
3.054050,-3.135006,-0.033243,0.088414,-0.047383,0.061220,0.027453,-0.028972,2,742
0.523358,-6.643555,-0.027761,0.007294,0.030654,0.015903,-0.001030,-0.028930,0,743
2.266642,4.268555,0.053888,0.012266,0.027853,0.013224,-0.027958,-0.015460,3,744
2.982343,-4.763731,-0.029505,-0.018008,0.010673,-0.019356,0.039324,-0.015685,2,745
-4.144083,2.194286,-0.004675,0.011747,0.030807,-0.038936,0.038305,-0.022796,0,746
6.382308,-1.239923,0.036854,-0.007785,-0.007034,-0.026868,-0.043256,0.021165,1,747
-2.192880,-0.911476,0.054546,0.065347,-0.044458,-0.000861,0.005746,-0.020042,2,748
3.537276,-4.480776,-0.010909,-0.029263,0.031146,-0.061610,0.000204,-0.039402,1,749
-2.933906,3.111230,0.021435,-0.014326,-0.046946,-0.004550,0.005355,0.047147,0,750
3.307865,-0.843520,0.040107,0.015507,-0.035435,0.022737,0.024305,0.022835,3,751
2.979556,3.326671,0.009352,-0.000003,0.033026,-0.000138,0.023582,0.051365,3,752
-1.702651,-2.447477,0.026805,-0.016596,-0.033385,-0.013826,-0.021005,-0.001120,2,753
2.077574,4.211671,0.019749,-0.021791,0.039687,-0.013510,0.011365,0.027026,3,754
3.423173,-2.851115,0.007930,0.007697,-0.016672,-0.022382,0.009280,0.013818,2,755
-4.147908,2.165437,0.034345,0.031505,0.006186,0.006764,0.018168,-0.033455,2,756
2.809329,-3.160846,0.035885,0.001152,0.012782,0.012346,-0.021215,-0.008784,2,757
-6.189192,1.886552,-0.012479,0.038863,-0.010752,0.001102,0.021822,0.038847,3,758
8.484242,-4.398188,0.012447,-0.026203,0.026568,-0.014921,0.022432,0.028250,3,759
-4.132191,4.772699,-0.041441,-0.024912,-0.016551,0.002750,0.023916,-0.021171,3,760
-3.558386,2.462113,0.031928,-0.057601,0.007561,-0.021774,-0.072354,0.045008,0,761
4.959432,0.519392,0.014256,0.014541,-0.036679,-0.010086,-0.007065,-0.032613,2,762
-0.248997,7.748329,-0.001363,-0.005509,0.002569,-0.012693,0.000831,0.008205,2,763
-2.222629,-4.147606,0.020738,0.005651,-0.027009,0.002084,0.010120,-0.029278,1,764
-0.790782,2.273051,-0.038013,0.034950,0.061582,0.023836,0.056374,-0.042430,1,765
2.078119,4.729283,-0.008639,0.009447,0.041597,0.014285,-0.007033,0.013465,3,766
-4.808140,5.450593,0.060714,-0.024050,-0.016399,0.030452,-0.003544,0.031488,2,767
3.021987,3.119026,-0.005879,0.000151,0.015001,0.032287,0.056340,-0.039665,3,768
1.763768,-1.969555,0.029762,0.023594,0.002372,-0.008947,-0.005043,0.015969,3,769
-4.152889,-4.123668,0.032130,0.002732,-0.062468,-0.051071,0.048005,-0.000639,0,770
3.442406,2.693818,-0.002340,-0.011185,0.069458,-0.038237,-0.040931,-0.013039,0,771
2.472952,3.927413,0.015010,0.057416,0.009043,0.012704,0.000869,-0.023552,3,772
3.027573,-3.088908,0.007215,-0.039992,0.015335,-0.045886,0.001748,0.004422,2,773
3.308718,-2.869011,-0.064623,0.005624,-0.074798,0.017236,-0.002156,0.050791,2,774
0.296378,6.548172,-0.013205,0.032772,0.024422,-0.021142,-0.021220,0.002866,2,775
-4.651235,4.162123,-0.017146,-0.046384,-0.005641,0.010480,0.004082,-0.001005,3,776
4.338295,-1.862386,-0.027796,0.036762,-0.011585,-0.009142,0.027452,-0.035520,2,777
2.826161,3.503351,0.044755,0.006081,0.014943,0.013013,-0.005014,0.016398,3,778
6.670132,1.535836,-0.001580,0.022646,0.007558,0.011668,0.003089,0.001726,3,779
-3.701342,6.666549,-0.020159,-0.020504,0.031370,0.037107,-0.013282,0.006026,3,780
6.737532,0.338587,-0.058938,0.023976,0.004641,0.027576,-0.037511,0.018945,1,781
0.904020,2.782992,-0.019949,-0.003049,0.013199,-0.000301,-0.040034,-0.034900,0,782
4.780035,2.167420,0.000288,-0.010741,0.055831,-0.036170,0.024147,-0.045037,0,783
6.805081,1.322677,0.043724,0.012429,0.021063,0.027247,0.007140,0.034821,1,784
-3.714930,2.559208,-0.019467,0.033829,0.026823,0.018426,-0.029256,-0.037953,0,785
-1.032865,-4.742352,-0.032740,0.034136,0.002081,0.030180,0.039838,-0.078814,1,786
2.765673,3.470306,-0.035730,-0.023820,-0.023519,0.020542,-0.076494,0.021880,2,787
-1.255941,-4.558597,0.012775,-0.007629,0.066713,-0.053674,-0.010747,0.022911,1,788
3.994134,-4.309251,0.032094,-0.010098,0.009429,0.013194,-0.014871,0.020031,1,789
2.372113,4.037408,0.024769,0.036769,0.032767,0.069469,0.003359,0.009136,3,790
-2.690730,4.683925,0.047396,0.036579,0.020651,-0.003467,0.005097,0.007851,2,791
6.235237,-1.573722,0.000088,0.025001,0.012392,-0.004319,0.029353,0.039573,1,792
3.642114,3.972963,-0.021247,-0.039198,0.015119,0.003777,0.003632,0.040749,2,793
2.109741,0.633203,-0.023874,0.002783,0.050556,-0.028163,0.004346,0.037016,0,794
2.036011,4.959985,-0.009847,0.027858,0.006203,-0.032974,-0.038777,-0.016355,3,795
2.619318,6.442625,0.017145,0.030454,-0.007885,-0.010370,0.048295,-0.004356,0,796
-0.188621,2.011434,-0.029081,0.043326,-0.038301,0.016295,-0.033575,0.011778,1,797
2.005779,4.695647,-0.019324,0.022582,0.011247,-0.008572,0.016745,0.008839,3,798
-1.935352,-4.274749,0.009785,0.005673,-0.018574,0.002666,-0.044262,0.051140,1,799
1.908383,1.508743,-0.019076,0.017772,0.068279,-0.039959,0.034920,-0.010776,0,800
3.173023,2.690155,0.047700,-0.022008,-0.045989,-0.033392,-0.004939,-0.003785,3,801
-4.207188,1.793363,-0.036507,-0.041870,-0.020551,-0.048037,-0.031275,-0.006469,0,802
-0.051628,5.686764,-0.032834,0.015590,-0.028066,0.018744,0.008858,0.010977,2,803
-1.371464,-2.796380,-0.031605,0.017275,0.047723,-0.016322,0.026757,-0.007731,2,804
8.753037,2.740823,-0.066440,0.016307,0.000545,0.060286,0.044428,0.002604,2,805
-3.847989,0.231725,-0.002495,-0.011881,-0.015407,-0.045302,-0.003902,-0.023854,1,806
-0.867129,-3.385191,0.055683,-0.016671,0.002655,0.054019,0.016386,-0.060733,2,807
-1.566776,2.458119,-0.016001,0.012126,-0.046994,0.027368,-0.017665,0.055321,1,808
-1.653835,2.655228,0.007563,-0.016817,0.072988,-0.020233,0.010030,-0.044861,1,809
2.622207,3.756166,0.022785,0.013084,0.058533,0.041690,-0.014175,0.007243,3,810
-0.668774,2.179233,-0.034261,0.005065,0.011131,0.027229,0.036281,0.021772,1,811
6.551010,-0.734703,0.033413,-0.048090,-0.039299,0.007822,-0.022003,0.024999,1,812
4.319497,2.779153,-0.012664,-0.021014,-0.050541,-0.005764,0.054739,0.015681,2,813
-4.492166,1.819736,0.073085,-0.011904,0.050170,0.001907,0.007469,-0.012690,0,814
-3.370914,2.793401,-0.058761,-0.020222,-0.014899,-0.049449,0.038070,0.005885,0,815
3.489572,-4.788214,-0.006526,-0.024388,-0.045491,0.027332,-0.031471,0.002122,3,816
5.059380,0.273168,-0.011272,-0.005733,-0.031673,-0.056796,0.037494,-0.001990,2,817
-3.022971,-3.278910,0.033567,-0.024712,-0.082132,-0.050898,-0.023874,-0.002925,1,818
5.557566,-2.782607,0.017879,0.000576,-0.012864,-0.023026,0.028399,0.055131,3,819
-3.232794,2.949113,-0.036676,-0.022301,0.030317,0.031397,-0.014796,-0.031350,0,820
-3.692551,0.672294,-0.036178,-0.028993,0.055636,0.022896,-0.021434,0.026686,1,821
-0.318868,-5.009501,-0.007245,0.001533,0.033785,0.005406,0.024277,-0.006080,0,822
1.383149,6.374467,-0.017533,0.043903,0.012125,-0.005655,-0.009018,0.024908,2,823
1.662558,5.852087,-0.059993,0.043842,-0.016376,-0.007567,-0.016147,-0.012292,2,824
3.871302,-2.360051,-0.035966,-0.017553,0.045179,-0.001589,-0.017003,-0.007477,2,825
-4.804806,3.943980,0.059000,0.004085,-0.007047,-0.033732,0.022706,0.008601,3,826
3.664898,0.878268,-0.021263,-0.057562,0.106705,0.002233,-0.007869,-0.012829,3,827
0.976482,-8.797385,0.000327,-0.017955,-0.006491,-0.035079,0.015783,-0.011405,3,828
-1.559174,2.259693,0.032968,-0.027573,-0.043396,0.001473,0.002520,-0.032236,1,829
-3.418152,2.888749,0.008254,-0.048373,0.005714,0.002447,0.030604,0.025979,0,830
-1.051465,-3.249427,0.010124,0.045004,0.028179,-0.021318,-0.021825,-0.030152,2,831
2.927137,-3.133741,-0.041352,0.010884,-0.060402,-0.036766,0.014828,0.018658,2,832
-3.485648,2.711447,-0.019783,-0.013069,-0.006622,-0.032410,0.009199,-0.004163,0,833
2.937342,3.216105,-0.002031,0.031484,0.001150,-0.016503,0.014812,0.003974,3,834
-3.303217,-2.858247,0.019881,-0.005314,-0.031548,-0.005939,-0.027902,0.009760,1,835
4.202023,3.286952,0.008728,0.105175,-0.033944,-0.010579,-0.024364,0.043375,2,836
-2.871969,2.960206,-0.004503,0.034347,-0.017663,-0.033450,0.055947,-0.023481,0,837
-3.673160,0.825376,0.008404,0.004216,0.040213,-0.030590,0.000792,-0.025709,1,838
3.491004,1.992138,-0.014067,0.001858,0.064875,-0.030950,-0.018185,-0.011211,1,839
-1.807664,-6.091855,0.015030,-0.003004,0.016279,0.058150,-0.060122,-0.008457,3,840
-0.506230,-3.246919,0.004889,-0.021055,0.008311,0.004644,0.015340,0.033997,1,841
-2.106687,-1.569863,-0.027506,-0.080150,-0.043190,0.023605,0.018382,0.046746,1,842
-1.266523,5.381126,-0.032025,-0.068046,0.000855,-0.004607,0.002315,0.009646,3,843
1.912226,4.597312,-0.006245,0.021475,0.033606,0.009286,-0.021610,-0.001651,1,844
-0.828499,-7.078299,-0.027832,0.070278,-0.015492,-0.002156,0.024600,-0.014803,2,845
2.048586,1.260538,-0.015291,-0.048650,-0.000967,0.026032,0.012945,0.006233,0,846
-8.315245,-1.388849,0.002651,0.014525,-0.004008,0.029770,0.057724,-0.042368,2,847
-2.791894,-3.233228,0.026039,-0.009405,-0.036012,-0.004119,0.050812,-0.040619,1,848
-3.081910,-3.053543,0.032052,-0.010323,-0.042040,-0.020000,0.021934,0.012439,1,849
1.732419,5.677968,0.013481,0.008287,0.022461,-0.048238,-0.037828,0.017203,1,850
-3.397125,5.078825,-0.011189,0.006220,-0.020965,-0.049169,-0.035138,-0.014286,1,851
-4.479245,1.891629,-0.016601,0.007987,0.059920,-0.013327,-0.022233,-0.047583,0,852
2.415627,3.969361,-0.003563,-0.015923,0.027034,-0.045769,-0.011844,-0.075197,3,853
-4.377989,1.859398,0.038428,-0.070079,-0.065795,0.029583,0.062503,0.015899,0,854
3.535240,1.838826,0.014735,-0.014962,0.020238,-0.008511,0.013987,-0.005391,2,855
5.860720,-2.434084,0.008910,-0.031179,0.001997,0.026626,-0.009295,0.003913,1,856
1.358615,-2.151224,-0.020703,-0.009247,0.006171,0.038543,-0.017396,0.009549,3,857
1.191307,6.464511,0.045611,-0.067376,-0.000745,0.019720,0.007147,-0.004837,0,858
3.835023,-2.396563,0.049330,-0.008872,0.001986,-0.002795,-0.040449,-0.028710,2,859
1.393907,6.183115,0.033188,-0.010284,-0.035505,-0.027410,0.036805,0.021065,2,860
2.072814,1.602393,0.007197,-0.013149,0.057545,-0.002211,0.016719,0.067545,0,861
-2.682827,3.151904,-0.038098,-0.007453,-0.048746,0.050299,0.017002,0.051960,0,862
6.335609,-0.921112,0.030235,0.032347,-0.023394,-0.037284,-0.046158,-0.030347,0,863
-2.038620,-1.807917,-0.000639,0.014539,-0.028381,-0.030549,0.017612,-0.003527,2,864
1.766727,5.309948,-0.007342,-0.024687,-0.001629,-0.004330,0.006368,-0.004849,1,865
2.723987,3.759614,-0.005076,0.071190,0.047745,0.000252,-0.009404,0.070745,3,866
-3.955386,-0.934722,-0.015203,0.013802,0.045315,0.012490,-0.005397,0.022937,1,867
6.607899,-0.450714,0.024079,0.003885,-0.017813,0.014675,-0.008324,0.009697,1,868
-3.446081,-2.615094,0.023467,0.011670,-0.001918,-0.021701,0.056869,-0.004120,1,869
-3.975571,2.350205,0.036045,-0.025193,-0.013472,0.025931,0.051944,0.005296,0,870
3.236522,2.901194,0.030946,0.019271,0.004876,0.042103,-0.005641,0.028411,3,871
-3.748589,2.527090,-0.040528,0.009920,-0.000776,-0.043556,0.021798,-0.025480,0,872
-1.605246,-2.456729,0.011858,-0.060325,-0.083237,-0.025000,-0.022896,0.021959,0,873
-4.164876,4.553087,0.033777,0.033249,-0.017642,0.011191,0.017578,0.002287,3,874
4.475619,-1.367008,-0.021127,-0.037142,-0.012076,0.010209,0.032511,0.083769,2,875
4.493581,2.597698,0.004997,-0.011130,-0.019519,-0.072016,0.055447,0.000935,2,876
4.445219,-1.599037,0.015105,0.047763,-0.005868,-0.014528,0.027184,0.000463,2,877
3.770062,-2.523358,0.061337,-0.000984,0.016594,0.050760,-0.041402,-0.043715,2,878
2.242580,4.122103,-0.046391,0.022365,-0.033581,0.067882,-0.007410,0.010371,3,879
2.690504,3.725679,0.027476,-0.038256,0.024554,-0.010223,-0.027898,0.033924,3,880
3.359169,-2.947665,0.016451,-0.005284,0.011327,-0.027795,-0.075989,-0.051107,2,881
-1.325123,2.383949,-0.062802,0.037843,0.005901,-0.006625,0.021044,0.020961,0,882
2.164165,0.712619,-0.016769,0.002636,0.000643,0.002888,-0.020088,0.020873,0,883
3.026530,3.320228,0.015853,-0.013594,0.036477,-0.065228,0.007620,-0.069107,3,884
-3.641741,-2.275564,-0.035102,0.046781,-0.001089,-0.040847,0.026913,-0.012885,0,885
4.656635,-1.188072,-0.008432,-0.039596,0.018309,0.049008,-0.003346,-0.037468,2,886
-1.482959,-2.567520,0.035429,-0.013615,-0.047724,0.038795,0.014560,-0.010300,2,887
-3.215212,2.710672,0.043764,0.011996,-0.012217,0.013101,-0.001327,-0.008250,3,888
-1.449315,2.333457,-0.061633,0.037839,0.047436,0.032439,0.035868,0.014056,1,889
2.918596,-4.977188,-0.034251,0.041815,0.063574,-0.079083,-0.039890,0.026139,1,890
8.582323,-5.261486,-0.011346,0.016025,0.019378,-0.018403,0.036998,-0.059919,0,891
0.457248,-3.525397,-0.078009,-0.001305,-0.031260,-0.010995,-0.017926,0.048630,3,892
-3.509989,-2.526878,0.008027,0.022282,-0.024383,-0.027425,-0.016607,0.010675,1,893
-2.372424,2.959974,0.004628,0.017019,0.037610,-0.052824,-0.009533,-0.021324,0,894
-3.416374,-5.141491,-0.020541,0.030527,0.015590,-0.024442,-0.019950,-0.035808,0,895
3.572260,-2.635017,0.020812,0.023464,-0.005497,0.068986,-0.002615,-0.032566,2,896
-4.059595,2.402482,-0.040276,-0.003792,-0.014136,0.021556,-0.000459,-0.043130,0,897
2.623872,-1.499739,-0.029402,0.020187,-0.011557,0.044651,0.027258,-0.018842,3,898
3.021116,-3.021943,0.001145,0.027031,0.105113,0.030085,0.057893,0.019758,2,899
-3.094807,2.021816,-0.011680,-0.065695,0.018577,-0.015521,-0.011631,-0.035194,1,900
-1.466276,2.350567,0.038772,-0.004638,-0.013889,0.000292,-0.037710,-0.001291,1,901
3.282391,2.744868,-0.035135,-0.006751,0.013030,-0.025016,0.014518,0.027598,3,902
-2.028636,2.628707,-0.003563,0.027530,0.013763,-0.007371,-0.018263,-0.012996,1,903
3.536683,-2.797563,-0.006141,-0.037630,0.002477,-0.052247,0.018547,0.044610,2,904
3.797835,-7.890290,-0.009441,0.016896,0.015863,-0.003093,0.004193,0.013164,2,905
1.838943,5.706911,0.006067,-0.068395,-0.004855,0.065675,-0.008282,0.059209,2,906
4.996707,0.478237,-0.029150,0.004268,-0.036957,-0.098525,-0.041007,0.005011,2,907
1.289203,-3.594227,-0.046440,0.003457,-0.020815,0.022146,0.009723,-0.032066,2,908
-0.409129,6.675310,0.036990,0.011264,-0.016558,0.009556,-0.006150,0.007729,2,909
1.414948,6.034607,0.019971,0.015059,0.021647,-0.020995,-0.035939,0.007751,2,910
2.089380,-0.040174,0.022519,0.039949,0.016507,0.013176,-0.005681,0.008481,0,911
-3.088351,-3.146837,0.006202,0.012447,0.105486,0.005037,0.017616,0.014986,1,912
1.752476,2.022739,-0.023180,0.018169,-0.043032,-0.006192,0.030987,0.012823,0,913
-1.598732,-2.587191,0.003233,-0.008332,0.006412,-0.032639,-0.006921,-0.060063,2,914
3.364652,-0.725541,0.072927,0.007613,0.036016,-0.025822,-0.026586,0.050185,1,915
-5.123279,-0.443276,-0.012913,-0.053064,-0.049778,0.025987,-0.023491,0.014595,0,916
-0.295945,-6.638123,0.024160,0.016024,-0.004831,0.054144,-0.034769,0.025863,0,917
3.094556,-0.896514,0.001735,0.004451,-0.010525,0.011910,0.007715,-0.008192,3,918
-1.535330,2.461164,0.000136,-0.035487,0.010754,0.054041,0.035519,0.013833,1,919
-0.791054,3.597535,0.000820,-0.003449,0.005418,0.010897,-0.019394,0.047130,1,920
-1.298032,-6.398080,0.000330,-0.042443,0.006521,-0.007324,-0.032805,0.041817,0,921
2.053867,4.247331,0.055323,0.023563,0.032052,-0.047983,0.040505,0.013377,3,922
-4.303067,1.946359,-0.027204,0.019973,-0.000884,-0.028290,-0.029292,0.020905,0,923
-1.853798,-4.250026,-0.000310,0.004902,-0.010529,-0.086971,0.014275,-0.076682,1,924
-0.075149,2.975375,0.006318,0.025621,-0.028165,0.055390,-0.076650,0.019434,0,925
-3.038107,-3.179991,0.001578,0.053002,-0.024070,-0.014645,-0.019114,-0.008351,1,926
-3.423975,-2.481946,0.032533,0.037778,-0.019114,-0.021836,0.006806,-0.014666,1,927
4.205023,-2.077519,0.020783,-0.016993,-0.059148,0.014524,0.002859,0.011090,2,928
0.304481,-3.572817,0.001483,-0.013117,0.030782,0.003897,-0.021250,0.022677,2,929
-2.034781,2.774786,-0.025010,-0.001908,-0.025313,-0.010760,0.021759,0.009195,0,930
-1.585579,-2.447206,-0.002297,0.024902,-0.025490,0.016107,-0.011068,0.014333,2,931
-3.219444,-5.242649,0.033290,0.034088,0.034626,0.004690,0.009862,0.034479,0,932
-3.078556,2.960466,-0.015676,0.001281,-0.043042,-0.006184,0.013386,-0.013502,0,933
0.221485,2.872612,0.015256,0.014847,-0.012505,0.007654,-0.025774,0.032758,0,934
1.723801,5.156708,-0.043401,-0.027269,0.012452,0.013736,0.020283,0.041612,3,935
-3.798403,-1.601164,-0.067824,0.012467,0.002625,-0.084140,0.048210,0.020760,1,936
0.205298,6.623622,-0.039909,0.014095,-0.016981,-0.011964,0.006981,0.068418,2,937
2.198150,4.185128,0.041639,0.012433,-0.022636,-0.055305,0.014743,-0.028550,3,938
-3.872768,2.460583,0.037794,0.023653,0.016249,0.041069,-0.042289,0.059082,0,939
0.624650,5.726669,0.012159,0.003549,-0.027115,0.012079,0.024253,-0.007793,1,940
4.402029,-1.566034,-0.012878,0.028861,-0.005306,0.011126,-0.043992,-0.005948,2,941
-2.292169,-4.042370,0.012319,0.065298,0.052600,-0.017190,-0.017199,0.018412,1,942
6.076563,-2.673241,0.031652,0.051556,-0.024655,-0.008749,0.022858,-0.015566,3,943
-5.194222,-1.261625,-0.031887,-0.002604,-0.052270,-0.021595,-0.007392,0.015574,0,944
1.487447,-3.720824,-0.032456,0.004934,-0.045379,0.021101,0.029750,-0.007076,2,945
-0.750092,-3.274236,0.034869,-0.009864,-0.059720,-0.037977,0.003214,0.023196,1,946
-4.362624,1.814062,-0.056321,-0.003052,0.026283,-0.019797,-0.026643,0.015275,0,947
-0.026281,-5.241139,0.004762,0.001625,0.004901,-0.003374,0.003463,0.035719,1,948
2.348520,4.129764,0.011385,-0.002214,-0.018419,-0.013982,-0.056469,0.002943,3,949
2.370291,3.944362,0.006558,0.012516,0.012538,-0.041772,0.018998,-0.023134,3,950
-6.576544,-1.054725,-0.023283,-0.046578,-0.007471,0.002823,0.015316,0.084309,1,951
-4.671939,-2.844890,-0.007241,0.032252,-0.040935,-0.033241,-0.011249,-0.022801,0,952
-4.871245,3.989475,0.022969,0.009461,0.054639,0.017748,-0.000785,0.004198,3,953
-3.581764,-6.265390,0.023192,0.007408,-0.005135,0.026482,0.017272,-0.008389,1,954
-1.330714,2.373228,-0.028485,-0.021604,0.007058,-0.010976,-0.058655,-0.028959,1,955
2.512440,3.809456,-0.053650,0.024875,-0.026441,-0.038360,0.049590,0.000420,3,956
-1.877295,-4.300742,0.032340,0.014302,-0.009055,-0.002930,-0.023719,0.012869,1,957
4.070641,-4.073918,0.005681,0.008104,-0.031885,-0.025022,-0.028848,-0.013506,1,958
-3.388942,2.855462,0.009861,-0.023879,0.004969,-0.001715,-0.012659,0.027510,0,959
4.311831,-1.735015,-0.068500,0.080389,0.004650,0.062850,-0.017238,-0.044514,2,960
-6.763345,-1.530495,0.004356,-0.021319,0.039668,-0.000486,0.016117,-0.004484,3,961
-3.384984,-2.571335,0.009359,-0.017601,-0.014743,-0.011238,0.021661,-0.007819,1,962
-2.002586,-0.271349,-0.023046,0.030464,0.004413,0.020160,-0.009709,0.025963,2,963
0.608306,2.956534,0.058085,-0.008205,0.005660,0.049758,0.011843,-0.034465,0,964
1.256286,5.317475,0.007212,-0.016786,0.036833,0.000221,-0.005148,-0.041148,3,965
-0.586172,-3.446323,-0.031970,0.036877,0.022021,-0.003791,-0.074536,0.024807,2,966
2.118984,4.122885,0.003062,0.033867,-0.011527,-0.005355,-0.045482,0.043597,3,967
-4.378308,1.732291,0.070524,-0.013791,0.006261,0.009610,0.014347,0.019223,0,968
5.709643,-2.793163,0.034074,-0.031290,-0.012921,0.015840,-0.005522,0.010358,1,969
3.176127,-0.940655,-0.005107,-0.072065,0.017998,0.073112,-0.008071,0.015352,2,970
-2.304178,3.210946,0.029786,0.014182,-0.008105,0.001665,-0.037235,0.056599,0,971
0.110819,-2.002233,-0.009591,-0.009863,0.033909,0.001496,-0.029875,-0.016394,1,972
-2.648459,-3.688295,-0.018685,0.020499,-0.033525,0.060827,0.042740,-0.028804,1,973
0.067382,3.010174,-0.053694,0.035374,0.007910,-0.016420,-0.027890,-0.016655,0,974
0.391296,-2.105873,-0.020113,0.027865,-0.041382,0.016166,0.028663,-0.015977,3,975
-3.250184,2.936782,-0.001004,-0.014288,0.009283,-0.035818,-0.023902,-0.015446,0,976
-1.299190,6.768978,-0.028220,-0.022407,-0.007807,0.032257,-0.020146,-0.014880,0,977
0.163867,8.811113,-0.025719,0.002968,0.003197,-0.006703,0.044835,0.008199,0,978
-4.266968,2.224481,-0.041940,-0.025745,0.006403,-0.023021,-0.012593,0.023242,0,979
-1.305559,-6.298909,-0.004380,0.032223,-0.042075,0.014056,0.032875,-0.004953,1,980
3.407104,-0.523379,0.000375,0.085829,0.040695,-0.033051,-0.004302,-0.004472,0,981
6.862568,1.086160,-0.022341,-0.071444,0.016946,-0.012973,0.005119,-0.031818,1,982
0.861303,-6.697815,-0.004004,0.044477,-0.068377,-0.024185,-0.007201,-0.019745,0,983
2.413735,4.042160,-0.003212,-0.032829,0.006688,-0.039948,0.013316,-0.009495,3,984
-3.586649,2.742901,-0.034777,0.015768,0.022071,0.003124,0.012387,0.068894,0,985
-3.483534,2.838398,-0.008260,-0.002055,-0.015788,0.010876,0.069897,-0.004455,0,986
3.593274,1.114567,-0.005321,-0.021227,-0.011454,-0.014643,-0.037081,-0.041137,3,987
5.560183,-2.712590,0.000160,0.007615,-0.024769,0.030343,-0.043566,-0.030243,1,988
-4.112476,2.190879,0.008452,0.020666,0.040858,-0.026907,-0.041180,-0.014752,0,989
2.909796,-4.866900,-0.000324,-0.071148,-0.003345,-0.008803,-0.060732,0.048903,1,990
-2.567017,-5.840554,-0.005787,-0.003569,-0.003087,-0.015196,-0.017969,-0.021771,1,991
-4.601357,-3.513830,-0.016230,-0.010596,0.021972,0.004561,0.008390,0.019346,0,992
6.850655,0.605745,0.042794,0.005090,0.015996,-0.043744,-0.025485,-0.038018,1,993
-2.941696,-3.242456,0.003416,0.066065,-0.044107,0.039087,0.021211,-0.048228,1,994
0.145794,2.910967,0.019449,0.036335,0.012034,-0.051740,0.017423,-0.034569,3,995
3.698822,-2.630421,-0.016207,-0.017398,0.036562,-0.019465,-0.016097,0.012412,2,996
3.968413,-2.220828,-0.045908,-0.022110,-0.020988,0.018732,0.045548,-0.040474,2,997
-3.398495,-2.413774,0.028223,0.049992,0.003134,-0.018568,-0.054242,0.039681,1,998
0.275565,6.593612,0.033123,-0.057522,-0.030335,0.013903,-0.024333,0.080521,2,999
-2.584937,-5.787348,0.013377,-0.003968,-0.002914,-0.031908,0.023769,0.033790,0,1000
3.036831,3.041194,0.018380,0.000918,0.051161,0.036981,0.035063,0.026447,3,1001
-4.402545,1.881285,0.007143,0.032407,-0.056215,0.033335,0.004410,0.014049,0,1002
1.558468,6.099977,-0.009965,-0.004160,0.020211,-0.049466,-0.010992,0.032860,2,1003
-1.918755,-4.348908,0.001471,-0.023016,0.006635,0.013880,0.035675,-0.033634,1,1004
0.948262,-3.893756,-0.051124,-0.025480,0.017937,0.035135,-0.036386,0.031320,1,1005
-0.805551,2.367620,-0.012517,-0.069731,0.010016,0.021442,-0.016203,0.030310,2,1006
3.214818,2.802950,-0.025659,0.027888,-0.053776,-0.033672,0.009041,-0.022328,3,1007
-2.191916,-4.193592,0.042804,0.025725,-0.039552,0.045196,-0.004397,0.050722,1,1008
-4.896547,3.863710,-0.003891,-0.004126,-0.008035,0.000150,-0.012571,-0.005978,3,1009
-4.382604,1.780363,-0.023363,-0.036506,-0.048243,-0.030216,0.005012,0.019666,0,1010
-2.629958,-3.637803,0.022298,-0.041996,0.030645,0.002153,-0.006424,-0.028730,1,1011
6.889935,1.757106,-0.001952,0.016397,-0.056744,0.076779,0.001905,-0.033058,1,1012
-3.430572,-2.507079,0.071089,-0.034985,0.013858,0.020587,0.035679,0.017463,1,1013
4.895207,1.501950,-0.037130,0.036491,0.032460,-0.014752,-0.029246,-0.022216,2,1014
-2.109697,0.019303,-0.052823,-0.019059,-0.081782,0.054639,-0.001660,0.015779,2,1015
1.625747,2.101225,-0.039942,-0.008131,0.043190,-0.020319,-0.020294,-0.000723,3,1016
-0.649406,2.052458,-0.036938,-0.007356,-0.015226,-0.023617,0.025995,-0.055281,1,1017
0.525736,6.530483,0.072652,0.016606,0.017643,-0.034418,0.011106,0.020620,2,1018
3.076374,2.934146,-0.002744,-0.021847,0.005691,-0.018054,-0.023065,0.015893,3,1019
-3.062348,3.023108,-0.009806,-0.051028,-0.001290,-0.001933,0.035226,-0.026893,0,1020
4.007018,3.287684,0.012619,0.049999,0.022386,-0.016165,-0.029026,-0.007677,1,1021
-1.615249,-4.542248,0.009199,0.014592,0.008870,0.019341,0.012688,0.003714,1,1022
-2.288891,-1.582549,-0.017554,-0.061471,0.016540,0.043352,-0.016814,-0.055709,2,1023
-2.218346,4.482200,-0.001693,0.008984,0.077215,-0.015492,0.035466,-0.023255,2,1024
-2.065650,-0.257685,0.041070,-0.001760,0.049310,-0.013652,-0.004373,-0.007718,2,1025
-2.318421,3.090143,-0.014709,-0.021676,0.018835,-0.005803,-0.001605,0.039298,0,1026
2.996996,-1.077360,0.045494,-0.020454,0.074476,-0.006339,0.010457,-0.023920,3,1027
-2.549127,-3.776185,0.061881,0.002828,0.011590,0.029238,0.015159,0.006978,1,1028
-1.660114,2.899281,0.012414,-0.038708,0.039875,-0.030992,-0.055803,0.051863,0,1029
-0.942412,2.207261,0.034745,-0.022833,-0.023467,0.008478,-0.007015,0.017306,3,1030
-5.004505,0.794257,0.005549,-0.001335,0.022651,0.035595,0.014087,0.028513,0,1031
1.833034,5.358381,0.014734,0.020968,-0.027894,-0.030034,-0.038899,0.013088,2,1032
0.452938,2.910523,-0.014426,-0.020618,-0.009915,-0.019969,-0.005211,0.012517,0,1033
3.733116,-2.455255,-0.024082,0.010304,0.016995,0.009787,0.050391,-0.027470,2,1034
6.214433,-1.705350,0.023793,-0.002288,-0.043545,-0.102516,-0.025139,0.014640,0,1035
2.054443,4.769182,0.001253,0.043332,0.032735,-0.011541,-0.038349,0.008816,3,1036
-1.644663,2.385703,0.039485,0.051804,-0.014857,0.057811,-0.013484,-0.005429,3,1037
-1.543676,-6.262194,0.020099,0.014150,-0.000207,-0.060630,-0.015660,0.014508,0,1038
3.074321,2.854188,-0.040209,-0.024704,-0.010601,-0.018851,0.020250,0.019407,3,1039
-4.124835,2.177884,-0.023060,-0.011072,0.032905,-0.062707,0.005031,0.008380,0,1040
1.385170,6.152039,0.013889,0.007743,-0.005486,-0.005585,-0.020381,-0.007368,2,1041
-6.646523,0.997852,-0.028371,-0.002831,0.039933,-0.033568,0.023556,0.017577,0,1042
4.694475,2.298457,-0.004205,0.037860,0.016443,-0.005978,0.044954,0.053242,2,1043
3.504732,1.815660,0.062537,-0.010245,-0.017539,0.018634,0.039177,-0.025050,3,1044
-3.868397,2.332531,-0.049010,0.013986,-0.046391,0.029018,0.051944,0.014872,0,1045
4.360512,-1.643430,-0.034047,0.004258,0.042385,-0.025974,-0.007445,-0.030911,2,1046
-4.124741,2.149271,-0.012517,0.018580,0.039786,-0.042711,0.086994,-0.018542,0,1047
-0.637143,2.248716,-0.002846,0.017456,0.023317,-0.003635,-0.027600,0.005427,1,1048
6.476004,-1.022066,-0.039444,0.001430,0.011759,-0.014766,0.047848,0.077511,1,1049
3.586964,4.035571,0.002825,0.005429,0.017731,0.033591,0.001947,0.018536,2,1050
2.820926,-3.145256,-0.070411,-0.024832,-0.002457,0.041127,-0.004895,0.029159,2,1051
-3.000056,-3.299889,-0.001272,-0.029331,-0.047339,-0.019517,0.022630,0.012616,1,1052
-1.130311,-3.157683,0.005682,-0.035514,-0.019708,-0.004765,0.074091,-0.007765,2,1053
2.872589,3.500099,-0.009955,-0.017298,0.019684,0.043914,0.014557,-0.037915,3,1054
1.215561,-3.715520,0.026281,0.032596,-0.006503,0.012676,0.021483,0.035726,3,1055
3.288050,2.879372,-0.017312,-0.038600,-0.035954,-0.006458,-0.025179,-0.009137,3,1056
0.336869,-2.092313,0.017141,0.039571,0.023920,-0.009732,0.010566,0.070256,3,1057
3.921243,-2.503933,-0.000767,-0.010441,-0.005923,-0.022778,0.040083,0.000029,2,1058
2.742087,3.555459,0.062196,-0.006632,0.033326,0.045439,0.003594,-0.000400,3,1059
-4.176665,2.102478,0.015061,0.018226,0.013499,0.030344,0.009211,0.023618,0,1060
4.135486,-2.073903,-0.001897,-0.056763,-0.016797,0.010148,0.037662,0.003940,2,1061
4.491174,-3.945955,0.013387,0.012844,0.063574,0.003022,-0.030272,-0.027827,1,1062
1.936067,5.236031,0.008800,-0.034605,0.012183,-0.030142,0.017201,0.016050,2,1063
3.588912,-2.545374,0.041953,0.026496,-0.000739,-0.000646,-0.028915,-0.040605,2,1064
-4.407048,1.971159,-0.044497,-0.019135,0.039154,0.005685,-0.069983,0.036499,0,1065
-2.094000,-0.432735,0.015837,-0.033419,0.009645,0.018654,-0.024711,-0.024318,2,1066
2.735624,-3.154249,-0.022285,0.016741,0.001208,-0.029956,0.021771,0.022558,2,1067
-3.862226,6.676989,0.032088,-0.040424,-0.056110,-0.031751,0.009414,0.019922,0,1068
-2.454263,2.901377,0.022223,-0.022863,-0.050813,0.044747,0.010642,-0.006456,0,1069
-2.392975,3.117447,-0.031871,0.002503,0.021727,0.011975,0.013416,0.002736,0,1070
-6.608121,0.431924,-0.000521,0.039156,-0.058921,-0.016188,-0.021735,-0.026307,3,1071
-0.581658,-3.416662,0.000143,0.011137,0.035013,0.048823,0.006510,-0.058846,2,1072
-3.630534,2.700925,-0.042239,0.019903,-0.006906,0.009477,0.040895,0.038309,0,1073
-2.898690,3.016568,-0.002496,0.020502,-0.026430,0.052815,0.022589,-0.012052,2,1074
-3.844494,-2.143594,-0.005954,0.020865,0.034659,0.002257,0.004570,0.011250,2,1075
1.199706,-2.249268,0.023376,-0.040439,-0.051070,-0.011428,-0.016714,-0.020110,3,1076
2.741374,-1.311375,-0.022123,0.032690,0.015904,-0.000211,-0.041351,0.021109,3,1077
2.212580,4.189660,0.008006,0.010379,0.007132,-0.056180,0.006833,0.022797,3,1078
-2.514622,-3.804759,0.024767,-0.034307,0.015613,0.010117,0.041386,0.036762,1,1079
0.044290,-1.944594,0.021675,-0.004887,0.019685,-0.020659,-0.012510,0.029222,3,1080
-1.863568,2.964023,0.018244,0.043953,0.001595,-0.048479,-0.035224,0.039773,0,1081
2.998219,3.276067,0.004446,0.036211,0.029027,-0.005618,0.032395,-0.003435,3,1082
1.358881,6.349880,0.019564,-0.008699,0.019323,-0.008048,0.005791,-0.005642,2,1083
1.703548,5.624590,0.026320,-0.003740,-0.064146,-0.021834,0.003496,0.047631,2,1084
2.618427,4.759176,-0.015916,-0.042298,-0.036647,-0.008701,0.034775,0.028426,2,1085
4.517480,-1.411693,0.021597,-0.026368,-0.011192,-0.031456,-0.046410,-0.002352,2,1086
-3.832894,-4.485272,0.010992,0.093298,0.034661,0.016804,-0.056890,0.010154,0,1087
2.539627,3.732753,0.004178,-0.019861,0.012932,0.002403,-0.025817,0.035807,3,1088
2.239674,4.098176,0.006021,-0.019522,-0.051679,0.019929,-0.056923,-0.025764,3,1089
-2.717207,-3.695789,-0.038896,-0.011562,0.014808,0.052771,0.016062,-0.034515,1,1090
-2.353772,-6.177598,-0.010178,-0.012299,-0.010624,-0.023473,0.008027,0.020418,2,1091
2.564314,-3.518063,-0.016603,0.007967,-0.051657,0.040763,-0.016518,0.070251,1,1092
-1.923573,2.689277,-0.034698,0.020463,-0.009652,-0.004939,-0.012051,-0.063030,3,1093
-5.133975,-1.642018,-0.006153,0.041948,0.001913,0.027799,0.053280,0.021166,0,1094
3.574346,0.448940,-0.018078,-0.008405,-0.002659,0.031397,-0.020982,-0.019532,3,1095
-4.065035,2.058843,-0.026618,-0.003336,-0.011912,0.047092,0.008294,-0.034012,0,1096
3.080052,4.595334,-0.035211,0.013590,0.060906,-0.003035,0.043126,0.046554,2,1097
6.331944,-1.177630,-0.000793,-0.001871,0.013828,0.009148,-0.009733,-0.026324,1,1098
-4.130352,2.239102,-0.003088,-0.014935,0.030322,0.020570,0.008070,0.042410,0,1099
-1.451959,-2.408365,0.043394,0.021348,0.075116,0.018313,0.017099,-0.007282,2,1100
2.166425,4.641798,0.029036,-0.010938,-0.003762,-0.004304,0.039853,0.068685,1,1101
7.304193,3.752781,0.011417,-0.001458,-0.030267,-0.039880,-0.015455,0.069451,0,1102
3.320963,2.727809,0.021778,-0.057537,-0.030662,0.006457,0.040918,-0.004184,3,1103
-1.684207,2.490615,0.040600,-0.062451,-0.018713,0.014987,0.002742,0.001638,1,1104
-0.962766,-3.172216,-0.000685,-0.001754,-0.016724,-0.046165,-0.035491,0.064009,2,1105
1.704341,1.921137,0.021305,-0.024663,-0.029158,-0.000312,-0.023922,-0.053670,0,1106
-2.336706,-1.259694,-0.013040,0.009953,0.020365,0.012685,0.010950,0.051265,2,1107
4.987300,-3.387366,0.000468,-0.025589,0.017558,-0.003384,-0.023834,0.042214,2,1108
3.730448,0.832907,0.003037,-0.008890,-0.010149,-0.012124,-0.010007,0.046519,3,1109
-3.009017,3.055667,0.010073,0.041377,0.008429,-0.004212,0.033866,-0.038659,0,1110
-2.012785,-4.178784,-0.026145,0.067379,-0.018493,0.026921,-0.003887,0.012274,1,1111
1.378222,6.246087,0.021631,0.033226,-0.026377,-0.030165,-0.001966,-0.008404,2,1112
-3.917279,2.470545,0.016582,0.017331,0.000551,-0.058909,0.035726,-0.015314,0,1113
3.007269,-3.103344,-0.037100,0.005957,0.031690,-0.050478,0.044782,-0.012987,2,1114
-8.803667,-5.228918,0.033605,-0.002563,0.029902,-0.029957,-0.008175,0.037929,2,1115
3.671782,0.597593,0.006117,-0.002100,-0.014104,0.012283,-0.005405,0.026529,3,1116
-1.209750,5.756515,-0.013707,0.011646,0.019579,-0.013614,-0.028590,-0.003829,3,1117
-1.389167,-4.700026,-0.021618,-0.049520,-0.000514,0.009833,0.006996,0.019406,1,1118
0.786935,-6.893638,-0.012303,0.020096,-0.044165,0.018460,0.024367,-0.041652,0,1119
-3.770237,0.822188,-0.013825,-0.040658,0.030608,0.054838,-0.040335,-0.016719,2,1120
2.911889,4.729208,0.011009,0.040510,0.037574,-0.048916,0.004017,-0.037480,2,1121
-0.836900,-3.113270,0.002137,-0.010713,0.018408,-0.039295,0.002294,-0.004795,2,1122
3.365582,-2.796794,-0.007923,0.058010,-0.036705,-0.021826,0.004631,-0.048397,2,1123
-2.281086,2.631080,0.035008,0.020625,0.042800,0.044194,-0.012930,0.017719,0,1124
-2.014330,0.019872,0.037334,-0.008189,0.013770,0.016601,-0.046975,0.024221,1,1125
-4.424845,1.835052,0.043857,0.040085,0.077113,-0.011341,-0.001863,-0.032346,0,1126
-3.120077,2.965609,-0.029743,0.004673,-0.032879,-0.009841,-0.008641,0.020776,0,1127
0.177766,-6.825170,-0.001862,0.013892,-0.062450,0.000480,0.002829,0.007109,0,1128
-0.369673,2.206155,0.036522,-0.007766,0.016585,-0.008424,-0.022684,-0.021268,1,1129
3.194434,3.209306,0.006022,-0.042601,0.010619,-0.015617,-0.017014,0.027488,3,1130
2.910234,3.373003,-0.032327,-0.019280,0.017366,-0.021367,-0.003758,0.033136,3,1131
-0.840733,2.324733,0.007898,-0.016327,-0.017484,-0.030899,0.058883,0.049449,2,1132
2.250679,0.705266,-0.016640,-0.023930,0.024654,0.012705,-0.013357,0.011604,0,1133
4.936249,-3.446160,-0.043349,0.027933,-0.005147,-0.003328,0.027987,-0.021398,1,1134
4.594447,4.818558,0.019480,0.009008,0.018948,0.012076,0.010225,-0.043190,1,1135
-3.863785,2.398522,0.061469,-0.049815,0.012574,0.006589,0.001107,0.015438,0,1136
-5.272756,-1.213880,0.037877,0.010468,-0.073318,0.034785,0.006206,-0.014364,0,1137
-3.049793,-3.197387,-0.000370,0.043130,0.043518,0.004007,0.016411,-0.017684,1,1138
-1.692311,2.523932,-0.025793,0.016649,0.033480,0.048297,-0.029400,-0.044711,0,1139
2.815745,3.489876,0.005399,-0.068198,0.019054,0.014923,0.046886,-0.036020,3,1140
-3.318392,2.960908,-0.052087,-0.017239,0.003672,-0.001808,0.023541,-0.028942,3,1141
-3.358108,-2.458774,0.017129,-0.010456,-0.072976,0.001992,0.010150,0.046507,1,1142
1.417024,-2.904111,0.046592,-0.031356,0.024703,0.009452,-0.012921,-0.010359,3,1143
-1.305006,2.357384,0.049452,-0.023861,-0.035289,-0.015331,0.032565,0.055206,3,1144
-3.975207,2.377184,-0.040245,-0.063316,-0.008124,-0.016633,-0.012383,0.015944,0,1145
-3.254358,1.652748,-0.016719,-0.017955,0.012856,-0.032688,-0.029084,0.036578,1,1146
2.855827,3.346993,-0.014889,-0.004723,-0.011391,0.008653,-0.036584,0.009895,3,1147
3.843735,-4.526483,0.024593,0.015595,0.022472,-0.014172,0.048866,0.017733,1,1148
-3.215698,3.005311,-0.020100,0.031015,-0.036059,0.016371,-0.012846,0.041849,0,1149
-2.939640,-3.321844,-0.014562,-0.018923,0.002849,-0.034426,0.016653,-0.067176,1,1150
5.020554,0.059440,-0.056632,-0.007172,0.019371,0.045640,0.005725,-0.031217,2,1151
3.072313,2.978999,0.018873,0.017783,0.010231,-0.006485,-0.029620,0.038233,3,1152
4.453411,-1.553907,0.015315,0.005141,-0.015727,0.004086,-0.025239,0.004362,2,1153
2.257488,4.756158,-0.075912,-0.008241,-0.010096,0.014436,-0.019547,-0.006512,3,1154
0.136341,-3.756168,0.003986,0.061100,0.065785,-0.023256,0.073539,-0.013279,2,1155
3.407590,-0.549129,-0.048751,0.019942,-0.018649,0.006050,0.049050,-0.028867,3,1156
-8.137121,-0.412753,0.019914,-0.037441,0.054504,-0.038107,0.010299,0.010050,3,1157
1.950869,5.928133,0.035111,-0.003811,0.030442,0.004591,-0.007911,0.021355,2,1158
1.810351,6.018898,-0.022007,-0.013044,-0.003688,-0.061789,0.038343,0.055554,1,1159
-5.025320,-0.195598,-0.020628,-0.009490,0.028251,0.006061,0.003752,0.054848,1,1160
2.991363,-2.996249,-0.039018,-0.032762,0.003311,0.016914,0.029331,0.014333,0,1161
-2.455546,-3.929315,0.007656,-0.016706,-0.006727,0.029268,-0.058851,-0.006232,1,1162
1.747991,5.574580,-0.004567,-0.000251,0.047749,-0.041314,-0.065804,-0.033618,3,1163
1.877220,5.278508,0.004777,-0.019274,-0.065009,0.041598,-0.019271,0.024145,3,1164
3.351165,2.564624,0.051823,-0.025256,0.009970,0.014695,-0.003089,-0.004080,3,1165
1.176161,-7.780460,0.004450,-0.049311,-0.052659,0.011968,0.044006,0.038655,1,1166
4.044137,-2.077669,-0.002272,-0.018114,-0.026770,-0.018629,0.039515,0.000229,2,1167
1.059322,-5.188861,0.044506,0.020756,0.004234,-0.014336,-0.032684,-0.040280,1,1168
4.185802,-2.137680,0.000055,-0.013961,0.020219,-0.028855,-0.028625,0.039535,2,1169
-3.438816,1.251379,-0.048370,-0.076419,-0.003480,-0.008763,0.017135,-0.014097,1,1170
-2.735275,2.354264,-0.017494,0.018083,-0.086762,-0.012133,-0.028250,0.004182,3,1171
-3.079953,3.145182,-0.006965,-0.015138,0.041985,-0.032755,0.036089,-0.025767,0,1172
4.912215,-0.127440,-0.021904,-0.033975,-0.045997,-0.029347,0.068719,-0.022534,2,1173
-5.017259,-2.689095,0.029172,-0.051090,0.033230,-0.026809,-0.014915,-0.018120,0,1174
2.719540,-3.324724,-0.021615,0.040230,-0.037784,-0.017755,-0.016458,-0.005246,2,1175
-2.445631,3.356515,0.016629,0.004321,0.004165,-0.022011,0.000713,-0.004564,2,1176
1.885745,5.349478,-0.000238,-0.056472,0.029314,-0.008714,-0.036063,-0.011300,0,1177
-6.440597,1.046150,-0.000654,-0.020079,0.022054,0.038042,0.010319,0.020465,3,1178
0.397344,-2.179518,0.007358,-0.000625,-0.036541,0.008852,-0.017249,0.009704,3,1179
6.105756,-1.746587,0.016753,0.011089,-0.022463,0.013105,0.025346,-0.001613,1,1180
-3.820901,2.484759,-0.056079,0.020032,-0.042621,0.030575,0.026606,0.020050,0,1181
-2.099509,-1.123111,0.003552,0.038507,0.021182,0.032498,-0.032600,-0.015707,2,1182
2.542610,-3.239655,-0.018274,0.021594,-0.068218,0.002185,0.007036,0.004086,2,1183
-2.200093,-0.799907,0.028939,0.001836,-0.006748,-0.011078,0.028884,0.015116,2,1184
-6.382495,1.829328,-0.025351,0.028283,-0.020670,-0.006267,0.001860,-0.024000,2,1185
-2.166310,-4.111898,0.005881,-0.038286,-0.004406,0.020196,0.063297,0.034682,1,1186
2.037538,1.057861,-0.004226,-0.001053,0.049569,-0.016178,0.020282,0.020920,2,1187
4.971805,-3.543256,0.050381,-0.042580,0.025531,-0.022696,0.026574,0.009845,3,1188
-3.869553,2.424907,-0.058168,-0.024951,-0.046992,0.010568,0.005231,0.024762,0,1189
-1.699579,-4.464602,0.009856,0.052316,0.063906,0.047505,-0.006558,-0.026190,1,1190
-2.902853,-3.374823,0.022881,0.022736,-0.003265,0.001005,-0.009547,0.024216,1,1191
4.454287,-1.629383,-0.008375,0.048297,-0.000975,0.030872,-0.068989,-0.003304,2,1192
6.055830,5.223480,0.026818,-0.033924,0.004548,0.002841,0.004728,-0.000687,2,1193
1.220288,-3.599286,-0.056476,0.002081,-0.051535,0.020473,0.006710,0.040246,1,1194
-8.553816,2.017126,-0.034799,0.039715,0.052982,0.027810,-0.012333,-0.004764,0,1195
-5.164713,-0.527031,-0.008819,0.003981,-0.027979,-0.024855,0.064130,0.047463,0,1196
5.604156,-2.856785,0.013235,-0.008187,-0.046586,-0.002512,0.030901,-0.017811,1,1197
-1.408704,6.791645,-0.046111,-0.011570,0.032649,-0.023975,-0.029480,0.070885,2,1198
4.611603,-1.343338,-0.014078,0.032085,0.012736,0.007485,0.007279,0.009372,2,1199
-2.755477,-3.440673,0.012950,0.023025,0.013897,0.043302,0.034452,0.021244,3,1200
-3.468297,-2.628480,-0.012146,0.001893,-0.071875,0.053363,-0.041537,-0.032018,1,1201
4.286060,-1.790367,0.011213,-0.010225,-0.036993,-0.013562,0.035077,0.019898,2,1202
-6.390690,1.580233,0.024804,0.032062,-0.034944,-0.013467,0.035035,-0.000550,3,1203
1.565128,-2.187726,0.018049,-0.018830,-0.009289,0.038134,-0.030595,0.055380,3,1204
2.710682,-4.879627,-0.030779,0.004753,0.041965,-0.036450,0.023152,0.003658,1,1205
-0.552008,6.048017,0.002005,-0.004179,0.027589,0.046230,-0.061166,-0.018955,3,1206
-0.292894,2.071351,0.013986,-0.000049,-0.014271,-0.040905,-0.009138,0.044355,1,1207
-4.791901,1.645381,0.002394,0.050191,0.051277,-0.016516,-0.029822,-0.065073,3,1208
-1.648258,2.369538,0.020617,-0.000343,0.002410,0.000979,-0.002850,-0.045844,1,1209
-1.061732,-3.028293,0.026104,0.046078,0.002872,-0.011197,-0.033121,0.031895,3,1210
-0.591379,-4.969549,0.013974,0.048574,-0.006714,0.030112,0.031034,-0.023001,0,1211
2.319297,4.142975,0.007036,-0.014604,-0.012840,-0.008106,0.018914,0.001560,3,1212
-1.514331,2.274901,-0.015157,-0.033183,-0.018667,-0.031362,-0.020914,0.031927,3,1213
-3.890908,2.303957,-0.033236,-0.007835,-0.042487,-0.007823,-0.015103,-0.018654,3,1214
4.641290,-1.480604,0.010335,0.005856,-0.016102,0.007800,0.028337,-0.002229,2,1215
2.885335,4.398286,0.003616,-0.013724,-0.004791,0.013270,0.013257,0.039707,2,1216
3.058923,4.363812,0.006018,-0.039141,-0.003239,0.018059,0.015311,0.052471,2,1217
5.977474,5.110835,0.003587,-0.047141,0.032004,-0.005582,0.020225,0.025117,1,1218
-3.500903,1.391560,0.033007,0.008466,0.033180,-0.032645,0.011869,-0.032223,1,1219
5.387169,-3.048121,0.006514,0.027056,0.016749,0.038902,-0.033620,-0.010637,1,1220
-3.089858,3.238207,-0.010882,-0.012912,-0.026492,-0.052083,-0.006285,0.013763,0,1221
0.350774,-2.081475,-0.017577,-0.012718,0.025816,-0.009704,-0.006740,0.023644,3,1222
4.626203,-0.853494,0.045284,-0.030238,0.015394,-0.030439,-0.020161,-0.017439,2,1223
2.284380,-1.777271,-0.012545,0.002826,-0.017087,-0.022572,0.029045,-0.016876,3,1224
6.826173,0.742666,0.014501,0.038913,0.011848,0.035909,-0.003732,-0.005770,1,1225
0.135605,-5.147222,-0.035841,-0.040307,0.003468,-0.018244,-0.002358,-0.000831,1,1226
0.069342,-2.082541,-0.045486,0.011112,-0.008534,0.018788,0.052223,-0.003881,3,1227
-6.199113,1.907720,-0.000246,0.022787,0.001995,0.040415,-0.007512,0.029205,3,1228
-3.975042,4.562810,-0.057049,0.002522,0.028148,-0.030611,-0.006423,0.009291,3,1229
-3.869647,-1.017263,0.000076,-0.014524,0.040699,0.009721,0.008259,0.032764,1,1230
-4.848013,-2.926624,0.028587,0.004631,-0.003868,0.057045,0.000654,0.025684,0,1231
-1.873678,-3.249388,-0.009351,-0.052698,0.028166,-0.013669,0.002877,-0.005491,0,1232
-2.847116,3.051426,-0.015949,0.010115,-0.005513,-0.021305,-0.002448,-0.023035,0,1233
-3.087105,3.078666,0.037023,0.010437,0.036860,-0.025429,0.001896,-0.066109,0,1234
3.234817,3.105335,-0.006185,0.034673,-0.029383,0.022272,0.032850,-0.008580,0,1235
-2.175093,-4.070164,0.000532,-0.018870,-0.030987,-0.036810,0.009113,0.000270,1,1236
-5.288565,-0.344447,-0.022579,0.004226,-0.010290,0.016210,0.019491,0.023739,0,1237
-1.695446,-5.987739,-0.029152,-0.013646,-0.020454,-0.035745,-0.018164,-0.005374,0,1238
-2.125940,-1.482819,0.033955,-0.029601,-0.010248,0.013872,-0.047028,-0.006533,2,1239
-6.383690,1.321402,0.041765,0.017645,0.023073,-0.021019,0.021813,0.008855,3,1240
-3.131719,2.951861,0.018743,0.051028,-0.039687,-0.011726,0.044763,0.057582,0,1241
-4.736057,-2.910661,0.014621,-0.011963,0.037594,-0.021249,-0.059924,-0.039896,0,1242
5.366936,-2.984196,0.019767,0.033918,-0.003220,-0.002739,0.002428,0.008021,1,1243
-2.629317,2.396376,-0.004973,0.013482,0.044962,0.012817,-0.046893,-0.024030,3,1244
-4.654265,-3.543789,-0.060351,-0.014478,-0.021249,-0.053466,0.023572,0.023568,0,1245
2.515243,-3.535443,-0.000139,0.020182,0.038364,0.013329,0.026752,0.079640,2,1246
-0.901742,0.828902,-0.026231,0.005921,0.040476,-0.007476,0.053520,0.047738,3,1247
-4.644035,-3.279731,0.054500,0.016165,-0.023420,-0.014455,0.010179,-0.000882,3,1248
-6.420074,-5.480662,0.018715,-0.033612,0.003331,-0.004453,-0.061607,0.003443,3,1249
-3.028740,2.944273,0.001922,0.031724,-0.045562,0.016070,-0.029668,0.044944,0,1250
-4.477794,-3.685828,0.034555,-0.031175,-0.000637,0.023198,0.018288,0.037774,0,1251
6.090762,-1.795378,-0.011812,-0.024802,0.034047,0.019297,-0.017491,0.000527,1,1252
-3.905621,-0.151967,-0.017135,-0.042273,-0.022996,0.002831,0.009373,-0.047397,1,1253
-6.450752,0.800672,-0.006213,0.009554,0.020215,-0.024220,0.013117,0.005917,3,1254
4.711577,-3.877492,-0.023354,-0.040964,0.016863,-0.041084,0.012520,-0.015121,2,1255
-0.255747,2.117801,0.001297,-0.020231,0.031340,-0.056678,0.008240,0.023431,1,1256
3.695190,0.281882,0.014773,0.025746,-0.035740,0.016636,0.003690,-0.002873,3,1257
-5.030530,0.128214,0.013740,-0.010222,-0.024062,0.009470,0.000050,0.049321,0,1258
1.154988,2.562962,-0.051551,-0.035675,-0.002013,-0.021339,0.011649,-0.033991,0,1259
-8.874283,-6.462167,-0.028146,-0.005018,0.046595,0.030866,0.006766,-0.023156,0,1260
2.424144,4.138367,-0.037144,0.008369,0.037820,0.029429,-0.016836,-0.046627,3,1261
-2.781797,2.055598,0.005282,-0.029970,-0.026016,-0.007456,0.010573,-0.025802,1,1262
-5.780761,2.508141,-0.005605,-0.004710,0.042127,-0.038903,-0.010612,-0.043109,0,1263
-2.523101,-3.842961,0.015470,-0.051775,0.000466,-0.034489,-0.034479,0.041741,1,1264
0.357876,-3.464224,0.013544,-0.025522,0.005256,-0.002409,-0.013432,-0.014528,2,1265
-2.857505,3.109852,0.012376,0.014659,-0.027110,-0.001057,-0.021180,0.021380,0,1266
-1.699269,2.702372,0.035512,0.039502,-0.022026,0.023673,0.045484,-0.050483,1,1267
1.554382,6.200266,-0.071685,0.003564,0.026246,-0.006468,-0.000786,-0.001810,3,1268
-5.266590,-1.999352,-0.004438,0.037132,-0.008382,-0.007740,-0.006193,-0.057047,0,1269
-4.151805,2.180192,-0.007180,0.008999,-0.034866,0.014801,0.007086,0.022848,0,1270
3.569721,-2.509823,-0.025317,0.057618,0.048963,0.009472,0.021768,0.008710,2,1271
5.651018,-8.440576,0.002930,-0.022097,0.029598,0.015970,-0.024094,-0.011053,1,1272
3.906188,-2.405412,0.000926,-0.039185,0.052342,0.013489,0.063176,-0.000172,2,1273
-3.412560,-2.522459,0.020901,-0.046730,0.026571,0.001123,0.052755,0.035344,1,1274
4.672985,-1.135663,-0.015483,-0.006444,-0.043436,-0.040287,-0.038618,-0.038661,2,1275
2.576342,-5.037906,0.047210,-0.014563,0.007778,-0.026153,-0.005577,0.003430,3,1276
1.856431,5.874043,0.010276,-0.006811,0.003885,-0.006355,0.056288,0.027272,2,1277
2.742680,-1.401047,-0.001783,0.007617,0.033827,0.035759,-0.012084,0.012537,3,1278
2.193311,-1.815481,-0.043387,-0.008266,-0.001957,-0.028247,0.001034,-0.051984,3,1279
-5.235384,3.497297,0.002317,0.005701,-0.011581,0.016580,0.003268,0.008327,1,1280
-0.630957,-3.344671,-0.001894,0.014910,-0.012060,0.007874,-0.037286,0.050241,2,1281
2.137686,4.436543,-0.006329,0.056324,-0.030238,0.034894,0.027744,0.002001,3,1282
2.285439,4.057497,-0.005983,0.036991,0.000799,0.006424,-0.023802,0.034152,3,1283
-1.039651,6.854227,-0.022526,0.044971,-0.023472,0.025889,0.080116,0.054330,2,1284
-2.138316,-4.102444,-0.034150,0.016160,-0.001737,-0.017455,-0.005017,-0.071188,1,1285
-1.542005,2.411755,-0.024857,0.012501,-0.012817,-0.016263,-0.010948,-0.019630,0,1286
-0.956493,6.703721,0.006574,0.013118,0.031266,0.042298,0.023837,-0.037176,2,1287
-3.903353,2.432663,-0.006079,-0.011297,-0.052066,-0.047495,0.028708,0.029703,0,1288
-0.336276,2.091873,0.006825,-0.007338,-0.039312,0.025724,-0.026804,0.018988,2,1289
2.076113,-1.387605,0.052206,-0.003960,-0.030567,0.033246,-0.030280,-0.018497,1,1290
-4.362079,1.858860,-0.053834,-0.001904,-0.038255,-0.033924,-0.000754,-0.014920,0,1291
-1.693849,-2.413907,0.001548,-0.030373,0.008080,0.014847,-0.017612,-0.007439,2,1292
4.050900,-2.213049,0.002416,-0.018525,0.004091,0.026874,0.023840,0.004884,2,1293
0.884906,2.701268,0.049045,-0.018611,0.011859,0.015947,-0.024672,0.001550,2,1294
-2.489397,2.677806,0.049320,-0.023761,0.003491,0.030241,0.023891,-0.018714,1,1295
2.100521,1.675939,0.093685,0.012028,0.030589,-0.012531,0.058012,0.051045,2,1296
-0.891524,2.092291,0.022692,-0.005385,-0.006017,0.041478,0.049423,0.009566,1,1297
3.223062,-4.946519,0.040139,0.015092,-0.018871,-0.014797,-0.025214,0.001592,1,1298
-1.733208,2.679173,-0.050883,0.004943,-0.015293,-0.013413,0.029415,0.000195,1,1299
-1.080649,6.852399,0.010966,0.022426,-0.033016,0.066160,0.031869,-0.005421,0,1300
3.764857,-2.510259,-0.023002,-0.059191,0.014735,0.043139,-0.040188,0.052049,2,1301
-6.931616,-0.699403,0.009340,0.081698,0.054650,0.033000,0.033342,0.015248,3,1302
-3.198932,-3.067889,0.035270,-0.006716,0.010743,-0.012241,0.006431,-0.022000,1,1303
-0.751943,-4.868454,0.010229,-0.023967,0.002682,0.041355,0.059540,0.017369,1,1304
2.753875,3.522975,-0.058011,0.011088,0.030762,0.017460,0.012908,-0.037547,3,1305
-1.694021,2.646944,0.023158,0.023078,0.015750,0.041039,-0.001038,0.010675,1,1306
-3.305701,2.888554,0.025981,-0.041585,-0.035714,-0.060156,-0.012432,0.032558,0,1307
-3.982438,2.363969,-0.040514,-0.001848,-0.025703,0.031561,-0.030723,-0.007302,0,1308
-2.273897,2.949244,0.002865,0.006896,0.014370,-0.000387,0.006188,-0.010605,0,1309
4.687644,-0.688450,0.026836,-0.005953,0.017194,-0.012541,-0.002973,-0.016562,2,1310
-3.922547,2.457693,0.054940,0.004162,0.038999,0.007859,0.001826,0.006321,0,1311
-3.968089,2.240301,0.021402,-0.018163,-0.032202,0.001629,0.037033,0.017179,0,1312
-3.681476,-5.153060,-0.000653,-0.000049,0.002855,-0.008018,-0.000541,0.008114,0,1313
2.219316,-3.623585,0.010574,0.028165,-0.032130,0.012923,0.049512,-0.056864,3,1314
3.224339,-3.214590,0.026764,0.047063,0.050021,-0.034974,0.016467,0.029366,2,1315
-1.510013,2.380620,0.006275,-0.038519,0.031671,0.057102,-0.022674,-0.038653,1,1316
1.879843,4.942977,-0.020799,0.058753,-0.009204,0.027811,0.003832,-0.010678,3,1317
-6.612873,0.582467,-0.002311,0.006035,-0.046422,0.041771,0.026536,0.008952,3,1318
-3.744315,2.537098,-0.018160,0.039873,-0.038362,0.034023,-0.040465,-0.002410,0,1319
1.965891,4.960476,-0.001630,-0.031666,0.006874,0.005584,-0.026721,-0.022105,1,1320
3.270261,2.889714,0.019095,0.014312,-0.024164,0.007585,-0.020143,0.004230,3,1321
-5.171760,-0.452527,0.002250,0.000530,-0.046303,0.031814,0.029278,0.001314,1,1322
2.249914,5.046489,-0.000713,0.046309,0.006563,0.006299,-0.013796,0.035465,2,1323
-3.923999,2.388005,-0.009004,0.007472,0.001617,-0.010991,-0.010207,0.002879,0,1324
-1.790593,-2.362370,-0.008566,0.013494,-0.014692,0.002846,0.019620,0.012219,2,1325
-2.695163,-3.611177,0.014700,0.016941,-0.009696,0.002105,-0.012304,0.018677,1,1326
-0.537982,-5.091172,-0.064171,-0.051192,-0.000640,-0.017827,-0.040222,0.027181,1,1327
-2.232273,-0.233870,-0.029030,-0.035184,0.039543,-0.051110,0.027701,-0.025311,2,1328
2.139020,0.296299,-0.003016,-0.015055,-0.012751,0.003057,-0.013715,-0.062532,0,1329
-1.841252,-4.332842,-0.029785,-0.012229,-0.044778,-0.003502,-0.024615,-0.039555,1,1330
4.383709,-1.803352,-0.028236,-0.056014,-0.017686,-0.025619,-0.037840,0.027838,2,1331
-5.111841,-0.951211,0.037944,-0.030440,0.006355,0.006364,-0.049305,-0.030647,0,1332
-1.984066,-1.625756,-0.026637,0.006366,0.018551,-0.020502,-0.026122,0.052793,2,1333
0.964501,-5.165184,-0.036208,-0.032738,-0.015112,0.000147,0.037295,0.021986,1,1334
1.545184,-6.845366,-0.055563,-0.047489,-0.034862,0.023166,-0.006370,0.035046,0,1335
-0.115852,2.962917,0.018898,-0.019521,-0.038222,0.033449,-0.001123,0.061170,0,1336
1.969524,0.899132,0.001614,-0.066542,0.043560,0.052412,-0.029056,0.007320,0,1337
-1.849393,-4.385847,-0.046399,0.015477,0.011475,-0.006053,-0.012740,0.001616,1,1338
-3.167830,2.949762,-0.016860,-0.035448,0.000933,-0.040576,-0.037602,0.001088,0,1339
-2.493024,3.023722,-0.029045,0.009255,-0.022505,0.029203,0.010256,-0.004568,0,1340
3.249451,2.889047,-0.039555,0.024665,0.003551,-0.027280,0.064888,-0.032809,3,1341
-4.806885,1.300102,0.020300,-0.028740,-0.001309,-0.023227,0.000231,-0.012163,2,1342
-2.806757,1.819409,-0.054350,0.015608,0.027829,-0.035727,-0.056258,0.005672,3,1343
-3.343816,2.846704,0.036500,-0.016445,-0.043857,0.012076,0.019272,-0.040556,0,1344
3.573008,-2.623012,-0.033921,-0.013075,-0.011595,-0.024485,0.040585,0.010184,1,1345
3.382962,-2.912677,0.070045,0.034259,0.039643,0.019424,-0.012868,-0.006093,2,1346
2.331203,4.010488,0.011145,0.075970,-0.035805,-0.009448,-0.039805,0.010035,3,1347
-2.069651,-1.325303,0.032270,0.026097,-0.046447,0.022203,-0.016861,-0.058157,1,1348
-1.449592,2.486466,-0.045600,-0.016288,0.026566,0.044687,-0.026939,0.020238,1,1349
1.770954,5.953413,-0.002998,-0.032182,0.000943,-0.018521,-0.001301,0.046213,2,1350
2.049769,0.254871,0.004049,-0.019485,-0.000046,-0.017516,0.003759,0.025529,0,1351
4.580933,-1.465080,-0.007589,-0.042474,-0.034434,0.027955,-0.042352,0.008731,2,1352
-6.060707,2.065214,0.015813,-0.005517,-0.000520,-0.000659,-0.022640,0.042362,3,1353
3.256852,2.722276,-0.004455,-0.008517,0.037588,-0.034336,0.001484,0.013441,3,1354
-1.775725,-2.442107,0.005353,0.016702,0.036484,0.028830,0.000778,-0.017392,3,1355
3.579089,1.558525,-0.054099,0.032162,-0.005210,-0.020218,-0.013184,-0.020809,3,1356
0.565124,3.035258,0.037610,0.003502,-0.041915,-0.010191,0.016496,-0.002116,0,1357
5.811644,-2.996454,0.006437,0.005732,0.036760,-0.043975,0.001721,-0.045386,3,1358
-1.594951,-4.540956,-0.024772,0.021928,0.011682,-0.059136,0.008851,0.004469,1,1359
0.715462,-2.204591,0.035492,-0.002613,-0.034043,0.029836,0.049524,0.022588,3,1360
-3.332088,-2.716115,-0.018302,-0.012277,-0.021923,-0.028631,0.001937,0.040483,1,1361
4.517808,-3.798002,-0.002947,0.020498,-0.025668,0.058676,-0.003063,0.027795,1,1362
1.460631,-3.394162,0.039713,-0.010699,0.002279,0.056532,0.018964,0.001723,1,1363
-3.354733,-5.242362,-0.012865,0.013141,-0.007446,-0.053399,0.027185,0.035251,0,1364
5.217113,-3.336320,0.016833,-0.039229,-0.008828,0.004641,-0.020576,0.018759,1,1365
-4.918454,-3.223384,0.021460,0.035798,-0.024821,0.004540,0.014938,0.017529,1,1366
1.644480,6.014249,0.003097,-0.039210,0.001212,-0.039486,0.006936,0.010468,2,1367
-3.919790,2.465908,0.025141,0.002176,0.007136,0.036560,0.009238,-0.050314,0,1368
-6.749289,-0.011780,0.004397,0.025523,0.025999,-0.028091,0.018961,-0.000662,3,1369
-2.618574,-3.386119,-0.035729,-0.074715,0.006679,0.054322,-0.025982,0.011414,1,1370
6.803334,1.352653,-0.000393,-0.056746,-0.001405,-0.035032,0.003062,0.044081,1,1371
3.374483,-2.834174,-0.026611,-0.022951,-0.039868,0.014617,-0.020903,-0.000028,2,1372
2.551946,4.040921,-0.015817,-0.053358,0.010883,0.028653,-0.041850,0.045065,3,1373
5.684125,5.648846,0.018750,-0.000503,0.019224,-0.025147,-0.017186,-0.035359,1,1374
2.195740,0.838464,-0.010328,-0.016320,-0.016718,0.028381,-0.012704,-0.008514,0,1375
-2.815803,-3.384422,-0.002413,-0.001573,0.019240,0.021710,-0.005215,-0.031337,1,1376
-3.540665,-2.511212,-0.019868,0.027271,-0.024236,-0.021190,0.034491,-0.017187,1,1377
-2.213910,-0.820981,0.036134,-0.004728,0.000331,-0.026502,0.036418,0.021497,2,1378
2.377945,4.095419,0.014660,0.055394,-0.005059,0.016700,-0.025119,0.025127,3,1379
-2.181743,2.667094,-0.017945,0.057236,0.031333,-0.036958,-0.023362,0.035750,1,1380
-5.264157,-1.204934,0.012825,-0.017474,0.009160,0.030667,0.015922,-0.060647,0,1381
-4.330861,1.867553,-0.007930,0.013369,0.031616,0.062410,0.051033,-0.001282,0,1382
3.685522,6.487403,0.024513,-0.005018,0.035957,-0.008996,-0.050877,-0.021927,2,1383
6.555237,-0.915387,0.025682,-0.027672,-0.002089,-0.048604,-0.008048,-0.021881,1,1384
-1.985076,-4.180683,0.045419,-0.009883,-0.007308,0.023037,-0.028446,-0.019451,1,1385
-0.572534,5.850136,-0.039386,0.020016,-0.003620,-0.027543,0.047422,-0.045229,3,1386
2.000612,-2.107867,0.008707,0.022552,-0.050839,-0.003941,-0.007218,-0.000354,2,1387
4.703930,1.908036,-0.028753,0.011921,-0.049543,0.012902,-0.001162,-0.033227,2,1388
-3.393215,-2.544261,0.080399,-0.058943,0.000886,0.019243,-0.025848,0.002726,1,1389
-4.499725,1.841981,-0.009082,0.006662,-0.006003,0.026264,-0.003510,0.003416,0,1390
-2.503440,3.118180,0.037969,-0.011240,0.030320,0.040953,0.029720,0.002938,2,1391
1.482279,2.369502,-0.016808,-0.015604,0.024218,0.048712,0.057803,-0.032832,0,1392
-0.874209,-3.207100,-0.044145,0.010394,0.046794,-0.002961,0.023105,0.011421,2,1393
2.774651,-3.291613,-0.030205,0.027450,-0.038343,-0.040250,0.039141,-0.019597,2,1394
-1.768879,-6.146608,-0.028174,0.022369,0.006931,0.038133,0.001722,0.004298,1,1395
5.001333,-3.491854,-0.016589,-0.008128,0.028904,0.033092,-0.006748,0.014956,1,1396
-5.362072,-0.836509,-0.015640,0.030898,0.010015,-0.009822,0.000253,-0.022758,0,1397
-0.077915,2.096658,-0.015643,0.002663,-0.006725,-0.021475,0.021187,0.003158,1,1398
-1.377033,2.318180,0.033073,0.008920,-0.051336,-0.042372,0.021686,0.019616,1,1399
1.971954,5.750086,0.002956,0.043140,0.019920,0.037999,0.031256,0.023417,2,1400
2.347503,4.141654,0.037440,-0.011764,-0.019392,-0.013355,0.064041,-0.006812,3,1401
-0.114427,1.936394,-0.002970,-0.050982,0.026268,-0.007642,-0.004770,-0.014503,1,1402
-2.417921,-0.944217,-0.015616,0.022467,-0.017855,-0.021561,-0.010262,0.015440,2,1403
-1.309947,-6.538016,0.024644,0.010359,0.016643,-0.007713,0.061926,0.018092,0,1404
1.841267,5.621663,-0.078028,-0.006340,0.061669,-0.017674,-0.002238,-0.004151,2,1405
3.377584,-2.877387,-0.027307,-0.051327,0.018957,0.016783,0.002896,-0.013002,2,1406
7.917292,-3.871915,0.010737,-0.010773,-0.026733,-0.006573,-0.010143,-0.001032,2,1407
1.737539,-1.999309,-0.025047,0.003895,0.000400,0.023919,-0.030172,0.008367,3,1408
-7.328981,-8.790069,-0.006684,-0.072799,0.003717,-0.013081,0.011676,-0.015305,2,1409
0.825843,5.738538,-0.007216,-0.046507,-0.002301,0.030153,0.010767,0.010106,3,1410
-2.158825,2.938398,-0.010070,0.043057,-0.056865,0.052560,0.038795,0.016957,0,1411
-1.579885,2.546347,0.040638,-0.009044,0.004918,-0.000869,-0.031748,0.045230,1,1412
-1.104149,3.067395,-0.005107,-0.106197,-0.022368,-0.009830,0.036526,-0.043874,2,1413
2.679734,3.799299,0.001984,0.068155,0.045995,0.009671,0.045487,0.000297,3,1414
-3.656665,-4.759906,0.012614,-0.013018,-0.015562,0.009512,-0.026308,-0.005125,0,1415
4.785207,-0.930080,-0.009848,0.018619,0.029339,0.002339,-0.040041,-0.010541,2,1416
-2.015662,-1.509944,-0.030771,-0.019815,0.015076,-0.034774,0.023864,-0.027908,2,1417
1.848752,5.065280,0.028828,0.027163,0.044779,0.028160,0.005976,-0.011956,3,1418
-0.425198,2.252865,0.023715,-0.058445,-0.008830,-0.049069,-0.010217,0.034849,1,1419
4.435575,-1.407632,0.019780,-0.002338,0.014072,0.040457,0.005611,0.010317,2,1420
-1.045174,2.250315,0.046023,-0.013273,0.050716,0.032014,0.018085,0.069494,1,1421
3.291104,4.419643,-0.029472,-0.015470,0.013478,-0.007627,-0.022704,-0.011241,2,1422
-7.994610,-0.301103,-0.007908,-0.043228,0.005945,-0.010340,0.041882,0.033952,3,1423
-1.784198,2.502155,-0.019573,0.004614,0.035832,0.022894,-0.037876,0.038421,1,1424
4.655537,1.906620,0.015784,-0.026283,0.011298,0.036154,-0.062750,-0.030882,2,1425
0.804463,-6.704263,-0.005839,0.022448,-0.047160,-0.022284,-0.002437,-0.011099,0,1426
3.340739,5.989554,-0.001186,-0.012647,0.029894,0.049731,0.008038,-0.010938,3,1427
0.672607,-2.126791,-0.016719,0.019137,-0.009738,-0.055254,0.019976,0.020553,3,1428
0.320994,-6.663444,0.052302,0.002177,-0.046946,0.038238,0.014816,-0.042171,0,1429
-2.154691,-0.323712,-0.011227,-0.051450,-0.000341,-0.007428,0.027490,-0.039877,2,1430
-2.307041,-0.671972,-0.008459,0.028263,0.000380,0.008298,-0.004607,-0.012303,2,1431
-3.398558,-2.694737,0.008992,0.011804,-0.044497,0.037171,0.058205,-0.004038,1,1432
-1.161119,3.166566,-0.029540,0.020795,0.042547,-0.015579,-0.065244,0.000633,0,1433
1.752112,5.738011,-0.008745,-0.014129,-0.050980,-0.024736,0.046116,0.009364,2,1434
-8.096306,1.400973,-0.026082,0.014041,0.050514,0.037505,-0.004846,0.025511,2,1435
1.756145,5.906131,0.029522,0.015463,0.009089,-0.022257,0.045700,-0.002392,2,1436
0.213101,-6.808385,-0.011950,-0.048979,0.005598,-0.000987,0.001375,0.049182,0,1437
-2.752226,3.106482,-0.013321,-0.044709,-0.006609,0.038297,0.085034,-0.000044,0,1438
-5.159243,-2.608034,-0.026860,-0.005181,-0.010619,0.027156,0.026133,-0.011452,0,1439
1.301534,-3.771298,0.041623,-0.031840,0.003091,-0.005742,-0.024760,0.023094,2,1440
-4.130667,2.106944,0.021427,-0.030192,-0.012199,0.005452,0.027704,-0.053831,0,1441
3.135364,3.072693,0.026013,0.058367,-0.008035,-0.041203,0.000485,0.002479,3,1442
-3.799391,2.437030,-0.060571,0.034425,-0.057780,-0.014554,-0.047206,0.009482,0,1443
3.033385,3.295712,0.002765,0.014290,-0.014846,0.052944,0.009538,-0.028110,3,1444
-1.876622,-4.189502,0.022804,-0.028907,0.035730,-0.023280,-0.093784,0.014970,1,1445
-6.817131,-0.213208,0.005532,0.030485,-0.052468,0.044760,-0.001256,-0.034875,3,1446
4.157907,-2.012058,0.007698,0.033468,-0.033021,-0.013744,0.003199,0.066157,2,1447
-2.382155,-3.960536,0.010040,-0.013997,0.006896,-0.007710,0.067118,-0.003597,1,1448
-0.982184,-6.395764,-0.024188,0.000162,-0.018540,0.016691,0.049074,-0.030149,0,1449
-3.362076,2.756967,-0.047069,-0.024215,0.072671,0.020322,0.050411,0.011450,0,1450
3.004638,-3.071039,-0.003147,-0.016879,-0.019985,-0.017837,0.006769,0.022858,2,1451
-4.899435,-3.022817,-0.001780,-0.002593,0.007464,0.028225,0.027498,0.017064,0,1452
3.811419,-2.357232,-0.019828,-0.050623,-0.026935,0.036164,-0.015793,0.043349,2,1453
-1.772291,-2.479567,0.044143,0.022251,0.010819,-0.101256,0.030010,0.022649,2,1454
-3.849613,-1.590163,0.005078,-0.061471,-0.000699,0.005191,-0.007205,-0.008982,2,1455
-2.003912,-6.161644,-0.032944,-0.011501,0.012577,0.016806,-0.002988,-0.006617,0,1456
1.345140,6.391897,0.030434,0.039059,0.053817,0.052716,-0.052008,-0.020675,2,1457
2.022061,0.696528,-0.001347,-0.009928,-0.029444,0.006458,-0.025301,-0.002576,0,1458
-1.228511,2.387172,0.029555,0.001026,0.008170,0.053235,-0.010337,-0.003311,3,1459
-2.337685,2.939923,-0.029080,-0.035742,-0.092729,-0.016135,-0.001177,-0.022322,0,1460
1.811056,5.953952,0.026257,0.063862,0.013902,-0.029647,-0.025631,0.020714,2,1461
-1.561368,-6.169007,-0.006881,-0.000283,-0.034443,-0.031194,-0.034433,-0.040744,0,1462
5.955189,-2.470725,0.041052,0.008993,-0.030773,0.065183,-0.025571,-0.015774,1,1463
-2.355490,-3.955781,0.015992,-0.034510,0.013947,0.023823,-0.004204,0.008284,1,1464
2.213718,-1.812768,0.014377,0.003187,0.002434,-0.018263,-0.024041,0.010810,3,1465
-3.646597,2.560236,-0.012273,0.062486,0.022451,0.012927,-0.000255,-0.027816,0,1466
-4.614058,1.614915,-0.001325,-0.005912,-0.002087,-0.031324,-0.023684,0.011898,0,1467
-2.684757,-3.711029,0.017983,0.078856,-0.042909,0.017318,0.014501,-0.000377,1,1468
-4.721450,4.121202,-0.025711,0.001441,0.051956,-0.008565,-0.026798,0.018357,3,1469
5.643651,-7.413383,-0.013796,-0.009364,0.044277,0.021304,-0.083101,0.011836,3,1470
-0.135474,-3.347339,-0.016312,0.046396,0.024052,0.053983,-0.075397,0.019613,2,1471
7.011736,-2.078754,-0.000118,0.008006,0.008720,0.039275,0.067532,-0.045417,0,1472
2.721397,3.603925,0.004501,-0.012911,-0.005007,0.014082,-0.024454,0.024817,3,1473
-1.434750,5.677304,-0.039784,-0.021252,0.019923,0.024007,-0.001779,0.021715,3,1474
2.087675,1.344808,-0.012862,-0.024533,-0.001544,0.023551,-0.020572,0.057829,0,1475
-2.516678,3.175795,-0.015838,-0.021388,-0.021428,0.016360,0.017327,-0.022172,1,1476
4.051050,-4.484153,-0.010717,-0.035388,-0.021426,0.030453,-0.045253,0.031065,1,1477
-1.007215,-2.994148,-0.007048,-0.029931,-0.003155,-0.010756,-0.025114,-0.034248,2,1478
-2.473455,3.091055,0.055637,0.008649,-0.023700,-0.035562,-0.022440,0.066347,3,1479
-4.478915,-3.433143,-0.005167,-0.014407,0.036811,0.016501,-0.002292,-0.004430,0,1480
6.848176,0.197460,-0.022980,-0.061455,-0.070930,-0.071604,-0.009512,-0.002605,1,1481
-1.586847,2.534199,0.034756,-0.006940,-0.019665,-0.031818,0.031047,0.038670,1,1482
-1.013838,2.413479,-0.047964,-0.009214,-0.007162,-0.025060,0.011991,0.014976,0,1483
1.107124,2.544717,0.033677,-0.048181,-0.027765,0.019776,-0.033520,0.002733,0,1484
6.240744,-1.818407,0.002360,0.030776,-0.009968,-0.007792,0.016566,-0.030036,1,1485
4.576327,-1.287660,0.052864,0.044093,0.007233,0.001688,0.006159,0.046839,2,1486
-2.617494,-3.727740,0.005484,0.018027,-0.015215,-0.026666,0.054852,-0.022343,1,1487
2.079988,5.499527,0.028844,0.013870,0.035365,0.007061,-0.030039,0.009537,2,1488
-3.842630,2.525298,-0.015829,-0.014465,0.026157,0.038963,-0.037453,0.020972,0,1489
-0.682300,2.161918,0.068583,0.047922,-0.031401,-0.011532,0.017049,0.049125,1,1490
2.892930,-3.255916,-0.043544,-0.019848,-0.038803,0.029436,0.020607,-0.010693,2,1491
2.621766,3.727660,-0.031498,-0.018913,0.038342,0.001290,0.009061,0.005438,3,1492
-4.993425,0.780665,0.004038,0.027910,-0.009897,0.009725,0.036730,0.074846,0,1493
-3.323045,1.566385,0.063641,-0.012506,-0.010555,0.019973,0.041357,0.056320,0,1494
2.670042,4.881229,0.029354,-0.035651,-0.028370,-0.041586,-0.046240,-0.009156,2,1495
-3.405094,2.748759,0.033998,-0.017217,-0.000016,0.009330,-0.020086,0.010002,0,1496
0.377613,-2.039383,0.005847,-0.006726,0.012921,0.027329,-0.012951,-0.026924,3,1497
-3.694928,1.072839,0.043146,0.052186,0.013668,-0.008959,-0.023902,-0.002159,1,1498
0.778879,-5.255771,-0.019117,-0.007326,0.000088,-0.021466,0.017648,-0.038237,1,1499
-2.099381,-0.308394,-0.003341,0.006588,0.001360,0.009798,0.015819,-0.011967,2,1500
-3.530176,2.711346,0.066457,-0.005752,-0.032916,0.036888,0.010294,-0.011663,0,1501
7.905571,-2.867849,0.007827,-0.005600,-0.002229,-0.024664,0.013207,-0.015706,2,1502
2.316274,-5.056049,0.033575,-0.012240,-0.010451,0.031262,-0.035190,-0.009454,1,1503
6.137069,7.127087,0.039552,0.033144,-0.003683,0.016216,-0.029635,0.001870,0,1504
6.319436,-1.425765,0.040335,0.031670,0.025476,-0.047678,0.009696,0.030404,2,1505
-0.125437,-3.668350,0.026989,0.065587,0.018602,-0.013776,-0.009761,-0.005916,2,1506
2.876264,-1.283487,0.016937,0.001231,-0.023022,-0.027798,0.006659,0.010787,3,1507
-3.478135,2.792611,0.009640,0.029165,0.051484,-0.075913,0.019756,-0.015114,0,1508
0.333731,-6.905304,-0.026856,0.056046,0.061315,-0.013626,-0.028396,-0.047326,0,1509
-4.041142,-3.595421,-0.044515,0.040548,-0.020496,-0.001621,-0.081883,-0.016887,3,1510
3.852682,-2.342104,0.030691,-0.000001,-0.027942,0.014431,0.011528,0.002974,2,1511
2.319579,-1.697509,0.017318,-0.045917,0.034635,-0.024321,-0.001959,-0.022121,3,1512
-3.574322,2.791394,0.009899,0.013778,0.027509,-0.007249,0.045898,-0.017150,0,1513
7.918432,-5.790229,-0.000800,0.021253,0.000188,0.000650,0.034582,0.025489,3,1514
3.168059,2.839503,0.016608,-0.081921,0.003177,-0.059740,-0.058946,0.003611,3,1515
8.198505,-4.898187,0.022732,0.006452,0.018719,0.034702,0.025443,0.015203,3,1516
-2.102841,-6.105795,-0.028174,0.051594,-0.037346,-0.001902,-0.058458,-0.038053,0,1517
-3.701980,2.409590,0.006677,-0.054790,-0.041521,-0.022497,0.057383,-0.022301,0,1518
3.168045,1.804169,0.011505,-0.036458,0.013668,0.004119,0.009060,-0.033013,2,1519
-4.252250,2.040986,0.008399,-0.038600,-0.014597,0.011786,-0.038278,0.012436,0,1520
4.303060,-1.939202,-0.010660,0.014373,0.008620,0.007895,-0.029904,-0.028147,0,1521
-2.017379,-0.360488,0.070906,0.006778,0.032941,0.010048,-0.019255,0.056048,2,1522
-3.220297,-2.892009,-0.014572,0.013383,-0.012831,0.036545,0.043237,-0.008058,1,1523
1.742173,6.038389,-0.011781,0.024744,0.029350,-0.033164,-0.010556,-0.016367,0,1524
2.839636,4.582493,0.058329,-0.026437,-0.000955,0.000609,-0.046725,-0.021934,2,1525
0.747273,-3.733939,-0.022114,-0.023366,0.054638,0.016409,-0.031894,0.034107,2,1526
-2.508098,-3.835930,-0.013663,-0.009163,-0.023255,-0.036631,-0.018069,0.083167,1,1527
0.570717,-8.690802,-0.001784,-0.047595,0.023047,-0.002221,-0.033057,0.002940,1,1528
-2.439680,2.901656,0.000286,0.030366,0.002140,0.006985,-0.046151,0.015137,3,1529
4.489300,-1.519035,0.017525,0.038049,-0.019565,0.011129,0.011313,0.090585,2,1530
-2.110125,-0.754889,-0.001037,0.000576,0.014681,-0.003224,0.001075,-0.018777,2,1531
2.861620,-3.148531,-0.010269,0.024925,0.023631,-0.033001,0.001032,0.022705,2,1532
-1.742212,-2.364955,0.041573,-0.050005,0.029112,0.006583,-0.007476,0.025188,2,1533
2.126572,4.602677,-0.034782,0.017798,0.002057,-0.047131,-0.017987,0.016134,3,1534
3.165573,2.919788,0.053516,-0.017603,0.041503,-0.034409,0.016264,0.015278,3,1535
2.845623,-3.218570,0.025947,0.033094,-0.001102,0.015763,-0.026422,0.031874,2,1536
1.610997,-2.065962,-0.023181,0.015975,0.026678,-0.046566,0.020167,0.000993,2,1537
-2.439142,2.933052,-0.024018,-0.013306,0.038048,0.009842,0.015743,-0.022859,0,1538
-4.294324,1.869082,-0.019930,0.007607,-0.040403,-0.009148,0.001507,-0.003212,0,1539
2.545568,3.803480,0.053256,-0.053545,-0.002115,-0.017882,-0.023574,-0.022460,3,1540
-4.570851,-3.763116,0.005668,-0.005945,-0.013478,-0.030476,0.027412,0.030134,2,1541
2.127858,4.477463,0.049745,0.001671,-0.038740,0.007941,0.017999,0.071988,0,1542
3.017401,3.034963,-0.045122,-0.000627,0.009486,-0.029682,0.011243,0.051427,3,1543
3.547805,0.227261,0.007555,-0.079246,0.000441,-0.016985,-0.039840,-0.019797,3,1544
2.315035,4.143912,0.030892,0.020762,-0.080659,0.002352,-0.007976,0.031634,3,1545
-2.992300,-3.332462,-0.018275,0.023994,-0.052775,-0.002152,-0.018861,-0.042236,1,1546
-1.683688,-4.581429,-0.023273,-0.047770,0.007128,-0.023642,-0.020393,0.037255,1,1547
1.415350,-3.605352,-0.012610,0.003458,0.004128,0.018321,-0.020079,0.012557,2,1548
-0.744729,-3.043514,-0.027759,0.051775,0.015590,0.012119,0.013635,-0.020731,2,1549
3.202944,-3.053982,0.011425,0.066510,-0.030540,-0.004712,-0.010380,-0.007398,2,1550
1.775133,5.432290,-0.024950,0.037105,-0.014750,-0.020225,-0.012797,-0.020751,2,1551
-3.114214,-3.083898,0.039928,0.012155,-0.002842,-0.006905,0.040963,-0.010465,1,1552
2.461377,4.874801,-0.007820,0.031289,-0.017829,0.041621,0.005332,-0.047807,2,1553
3.008062,-3.084495,0.040378,0.005138,0.007809,-0.036160,0.038304,0.013912,2,1554
-0.567785,5.871744,-0.019660,0.014298,0.000850,-0.001378,0.004849,0.004532,3,1555
-3.147742,-3.128458,-0.008789,-0.042884,-0.081515,-0.032573,-0.052127,0.002736,1,1556
-3.350596,-2.702861,0.019339,0.019904,-0.016392,0.010122,0.013584,0.056273,1,1557
-1.321678,-2.530100,0.028439,0.018690,0.048527,0.048042,0.001386,0.008420,2,1558
3.108095,3.046648,0.006630,0.030648,-0.030858,-0.051480,0.015598,-0.025268,3,1559
8.440137,-3.410653,0.040491,0.048958,-0.007454,0.030036,-0.020722,-0.010518,3,1560
4.713820,2.628686,-0.013371,0.018881,-0.040837,0.012136,-0.064172,0.053680,0,1561
-0.931364,2.960640,0.017709,-0.002031,0.012279,0.013093,-0.016290,0.019053,0,1562
0.135722,-2.096330,-0.039389,0.017605,-0.048518,0.007411,0.057446,0.031726,3,1563
0.528742,-2.274008,0.018695,0.006511,-0.034165,-0.022768,0.009305,0.013460,3,1564
-3.791173,-0.853862,0.017835,-0.035026,-0.001617,-0.024728,-0.017399,0.017813,3,1565
1.568050,-2.057021,-0.001141,0.029082,0.028370,0.011306,-0.058177,-0.021814,3,1566
-1.124360,2.448966,-0.031427,-0.056868,-0.024094,-0.039213,0.040458,-0.021652,1,1567
-3.795689,-2.159427,-0.004996,0.017110,-0.034870,0.036402,-0.031890,-0.006102,3,1568
-5.199852,0.123450,0.012612,0.046624,0.015342,0.035031,-0.027837,-0.054278,0,1569
-2.489665,-3.762756,0.010209,0.033757,-0.004448,0.009726,-0.040811,-0.027772,1,1570
-2.829757,-0.202604,-0.027878,0.036730,-0.019510,0.000211,0.042904,0.002825,2,1571
2.103519,4.711726,-0.029087,0.005049,-0.029967,0.002688,-0.011099,0.016954,3,1572
-3.664310,4.938271,0.025219,-0.043272,0.032519,-0.018838,-0.012413,-0.005806,3,1573
-1.579110,-2.580915,-0.005069,-0.013270,-0.028466,0.018398,0.018206,0.031367,2,1574
3.003563,3.300877,0.017993,-0.012624,-0.038686,-0.001050,-0.008896,0.011962,3,1575
-2.878837,5.336099,0.006877,0.042578,0.018327,-0.048960,0.022006,-0.058146,1,1576
-6.189768,2.197068,-0.031221,0.033058,0.030444,0.003967,-0.015153,-0.067719,2,1577
-2.926901,-3.466517,0.014396,-0.005998,-0.000766,0.012433,0.017684,0.042066,1,1578
2.893088,3.228350,0.021058,0.001289,0.016741,-0.034539,-0.043021,-0.016738,0,1579
6.685546,-0.543427,-0.046602,-0.015828,-0.012427,-0.011643,-0.073812,0.002160,2,1580
2.655782,-3.205550,-0.010118,-0.025785,-0.034060,0.034417,-0.020178,-0.025231,2,1581
-3.983900,2.286476,0.005877,0.015701,-0.021074,0.014419,0.008073,0.044894,0,1582
-3.791900,2.458201,-0.015148,0.039142,0.062365,0.005274,0.045843,0.058291,0,1583
-0.617447,-6.586627,-0.023605,0.049616,-0.004708,-0.000415,-0.026970,-0.003483,0,1584
1.583789,6.132882,0.046397,0.021616,-0.028656,0.033852,0.029266,0.013408,2,1585
2.294766,5.096520,-0.000716,-0.004068,0.048963,-0.028212,-0.008472,0.010745,2,1586
2.890862,-1.261304,0.010533,0.007671,0.017674,0.053797,-0.007764,0.019332,3,1587
0.265603,6.557787,0.004084,0.021055,0.043789,0.009833,-0.011199,0.024171,2,1588
-3.638558,-2.286719,0.035267,0.017746,0.044982,0.021699,-0.024277,-0.047620,2,1589
2.920131,3.267822,-0.020878,0.002535,0.020345,-0.008142,-0.049170,0.001807,3,1590
6.568250,-0.377482,-0.025398,-0.082781,0.031714,0.019303,-0.008831,-0.022173,1,1591
2.604192,3.798400,0.002078,0.002798,0.042236,-0.030545,0.024059,0.045654,3,1592
-1.019263,-1.358813,0.016436,0.004580,0.005218,-0.022404,0.000401,-0.035977,1,1593
3.487173,-4.697337,-0.030626,0.013201,0.045943,0.005685,0.010422,-0.034079,1,1594
-2.118201,-0.679570,0.041153,0.012054,-0.015084,-0.000624,0.032848,0.071753,2,1595
-4.995795,6.261183,0.012704,-0.033704,-0.049621,0.001524,0.056707,-0.009199,3,1596
4.405146,-1.783968,-0.007817,0.016559,0.012571,-0.023672,-0.046377,-0.002872,2,1597
-3.686577,2.594227,-0.007288,-0.025685,0.040327,0.022317,0.041581,0.023555,0,1598
-2.398525,2.532395,0.010003,0.007973,0.020373,0.015301,-0.049838,0.016396,1,1599
8.584785,7.450576,0.010737,-0.042097,0.029102,-0.030592,0.000779,-0.026632,0,1600
-0.747529,2.100344,0.007971,-0.055040,-0.016142,-0.020082,0.027503,0.042100,1,1601
2.063896,1.061647,-0.012336,-0.011423,-0.003829,-0.005510,-0.005904,0.012335,2,1602
2.623032,3.685661,-0.040532,0.047933,0.051335,0.022128,-0.019968,-0.021679,3,1603
-2.476379,3.060823,-0.022705,-0.016702,0.015535,0.002021,-0.038224,0.027749,0,1604
4.608915,-3.846934,-0.015888,0.006171,-0.078310,0.002003,0.053186,0.031786,1,1605
-4.882839,-2.310229,-0.024836,0.033018,0.005622,-0.018438,0.027464,-0.024367,0,1606
3.139399,4.303245,-0.060412,0.038269,0.006215,-0.008705,0.017196,0.021817,2,1607
0.999049,-2.324709,-0.024094,-0.018063,0.007155,0.050932,0.003307,-0.030182,3,1608
-0.242941,2.159045,-0.020824,-0.009537,-0.012559,0.025858,-0.020362,-0.077397,1,1609
-6.221140,6.342264,-0.045413,0.005339,0.010235,0.004606,-0.017811,-0.014717,0,1610
2.055912,0.545422,0.001068,-0.039184,-0.028049,-0.019366,-0.001754,0.006097,0,1611
1.514059,6.264283,0.030905,0.026213,0.003569,0.011502,0.011018,0.000210,2,1612
5.096522,0.063941,-0.006289,0.041088,-0.021468,-0.026273,0.001142,0.006747,2,1613
1.737991,6.089425,0.030286,0.008776,0.021809,-0.014746,-0.023042,0.065672,2,1614
0.382646,-6.774597,0.006309,0.005014,-0.005685,0.008933,0.045758,0.026896,2,1615
1.932480,-1.965514,0.042991,-0.038435,-0.036043,0.008533,0.036232,-0.018065,3,1616
1.996294,-2.058676,-0.008485,-0.014924,0.038671,0.030867,-0.016561,0.042412,3,1617
-6.490523,0.813183,-0.041991,-0.022970,-0.033249,-0.017911,-0.039489,-0.012837,3,1618
-4.707306,1.205189,0.048680,0.018357,0.029030,-0.016983,0.041539,-0.011472,0,1619
6.848703,1.407867,-0.008003,-0.008399,0.005400,-0.018783,0.014148,-0.037793,1,1620
2.192404,4.266008,0.003442,-0.002660,0.052527,-0.002688,-0.005657,-0.021115,3,1621
-1.048659,2.235246,0.008147,-0.002350,-0.017884,-0.031488,0.045833,0.042586,1,1622
3.317302,-2.951971,0.028696,-0.019524,-0.003798,0.021229,-0.041103,0.087388,2,1623
-5.343014,-1.428019,0.061571,-0.021172,-0.003413,0.030998,0.022010,0.018928,0,1624
-3.128632,-3.173466,0.037438,-0.000996,0.013955,-0.043329,-0.058282,0.032156,1,1625
-2.475971,-5.817023,0.052689,0.032726,-0.006994,0.020362,-0.001825,-0.012120,3,1626
6.637900,0.017908,-0.029502,-0.018918,0.052065,-0.002513,-0.025450,-0.008758,0,1627
0.179858,-1.984670,0.043113,0.040758,-0.034724,-0.013453,-0.056317,-0.003213,3,1628
-2.322909,-1.379585,-0.015264,-0.004821,-0.033345,0.021586,-0.026058,0.015186,1,1629
2.321150,0.382202,-0.005192,0.040379,-0.026326,0.014852,-0.021686,-0.035055,1,1630
3.647384,-5.532562,-0.036067,0.051581,0.001947,0.003781,-0.046898,-0.010486,2,1631
-2.244754,-0.579780,0.115885,0.029920,0.011680,0.016349,0.028491,-0.023520,2,1632
3.495384,-2.755811,0.005654,-0.006112,-0.037037,0.010356,-0.009879,-0.000524,2,1633
2.155542,4.289742,0.009324,-0.032282,-0.045505,-0.015225,-0.035453,0.018130,3,1634
2.089933,1.562484,-0.041962,0.009639,0.037390,-0.000139,0.026751,-0.017727,0,1635
-7.718405,-7.540112,-0.003898,0.016327,0.046222,-0.006932,-0.013367,0.016948,3,1636
2.526022,-3.509680,0.042385,0.005353,0.022800,-0.017567,-0.010638,-0.021316,2,1637
-2.365609,3.124565,0.026409,-0.004995,0.070774,-0.054951,0.003914,0.044120,0,1638
-3.576388,-2.527071,0.037135,0.014154,0.015702,-0.012529,0.014626,-0.028455,1,1639
1.889001,1.997886,-0.037933,0.046911,-0.021660,0.031056,0.041500,0.035522,0,1640
1.414230,6.252754,0.010206,0.008098,-0.010161,0.022844,-0.018327,-0.010521,2,1641
0.870933,6.483405,0.019147,0.078453,0.004655,0.056073,-0.023932,-0.032453,2,1642
-6.903491,-1.552934,-0.039380,-0.040752,0.011946,0.056716,0.035519,0.011741,1,1643
-0.318064,-5.051015,0.059560,0.008820,0.008383,-0.059329,0.023360,0.007454,1,1644
2.529009,3.744781,-0.012172,0.017255,0.034551,0.009774,0.030838,0.011827,3,1645
1.862026,1.721493,-0.032232,-0.025779,0.018473,0.008578,-0.046882,0.012808,0,1646
-1.885519,-4.331653,-0.026827,-0.020362,0.017738,0.030012,-0.055514,0.048770,1,1647
4.529415,-3.822877,-0.036321,0.007640,0.007673,-0.001315,-0.021182,0.014166,1,1648
5.545370,-2.657212,0.066212,0.002181,-0.033909,0.044906,0.044041,-0.017268,1,1649
2.543149,3.815991,-0.000869,-0.038702,0.014976,-0.011096,-0.017378,0.062546,3,1650
-3.410874,2.837749,0.006084,-0.073723,0.053373,0.009039,0.029531,-0.028968,0,1651
1.767214,6.062838,0.021173,-0.012922,-0.079860,-0.003941,0.020144,-0.020468,3,1652
2.388181,-5.063356,-0.051207,-0.023742,-0.025319,-0.033337,-0.050767,0.061970,3,1653
2.590494,3.780724,0.012762,-0.013198,0.019992,-0.008203,-0.026397,-0.038172,3,1654
3.332183,-0.579223,0.006429,0.013395,-0.020645,-0.018423,0.031849,-0.016559,3,1655
-0.033587,3.211477,0.029816,0.008569,-0.004375,0.066140,-0.040492,0.019036,0,1656
-2.303189,-1.136010,0.025233,-0.018823,-0.026111,0.016545,0.015612,-0.032269,2,1657
3.595958,-2.661251,-0.021148,-0.021628,-0.007036,-0.010478,0.002991,-0.016950,2,1658
1.055394,-2.378639,-0.008064,0.029727,0.034109,0.013089,0.035182,-0.016318,3,1659
5.070824,-3.311557,-0.042845,-0.000874,-0.069305,-0.014727,-0.038550,0.069157,1,1660
-3.755364,2.576751,0.013969,0.043972,-0.019791,0.019763,-0.046528,-0.006963,0,1661
3.541284,-2.624314,0.009663,0.068206,0.022768,-0.039120,-0.042232,-0.006916,2,1662
-1.277660,6.803515,0.035302,0.031809,0.005729,0.040722,0.019670,-0.005068,2,1663
-7.684752,-3.222274,0.034548,0.001379,0.024450,0.010484,-0.004245,0.039818,2,1664
5.525934,-4.314438,0.017759,0.006260,-0.038842,0.025739,0.087784,0.007999,0,1665
-1.912788,-1.913691,-0.016872,0.000639,0.015645,0.020759,0.011579,-0.026444,2,1666
-3.080830,2.960731,0.021005,0.004476,0.009657,0.020197,-0.039064,0.025090,0,1667
4.840511,0.330146,-0.037996,0.029134,-0.008402,0.026269,0.054749,-0.026256,0,1668
-0.588134,-3.423094,-0.013025,0.036255,-0.042462,0.041319,0.011330,-0.003853,2,1669
-0.464319,-3.592031,-0.037837,0.024105,0.039098,-0.030912,0.034781,0.011855,2,1670
-3.147206,2.942738,0.035762,-0.055470,0.038776,-0.013353,0.006542,-0.039235,0,1671
-0.856911,-6.540519,0.038767,0.018216,0.008240,-0.018256,0.008300,0.002807,1,1672
-1.133414,2.139945,0.005518,-0.021709,0.041620,-0.078177,-0.015962,0.006892,1,1673
-5.364645,-0.333918,0.067742,0.013213,0.056432,0.006443,0.001779,0.001252,0,1674
-6.555160,-0.270581,-0.016303,-0.015042,0.050284,0.006958,-0.003866,0.045410,3,1675
4.393541,-1.773453,-0.047460,-0.007140,0.020398,0.050967,0.003981,-0.037333,2,1676
2.602464,3.797595,-0.011263,-0.023642,0.025415,-0.004219,0.037111,-0.010523,3,1677
-3.876103,-1.037967,-0.012824,-0.015239,0.040815,-0.026522,-0.014898,0.002471,1,1678
4.734986,-0.605032,-0.031774,-0.011027,-0.049229,-0.016717,-0.027732,0.010686,3,1679
3.732507,0.928408,0.045187,0.005297,-0.030494,0.016973,0.049599,-0.037613,3,1680
-1.193637,2.566671,0.075430,-0.040610,-0.030436,0.042625,0.002248,-0.017592,1,1681
-2.319670,-0.984468,0.006032,-0.030068,0.012817,-0.024226,0.030008,-0.002653,2,1682
3.587872,0.737904,-0.005304,0.036690,0.014396,-0.000573,0.034127,-0.013503,3,1683
2.205010,4.729547,-0.011949,-0.030539,-0.016197,-0.015151,-0.035086,0.013569,3,1684
-3.878016,-0.664600,-0.034639,0.002046,-0.006238,0.008914,-0.055773,-0.000774,1,1685
-2.480333,2.408039,-0.064919,0.034417,-0.000473,0.055830,0.027619,0.030789,1,1686
-2.204385,-1.492826,0.010882,0.049856,0.014073,0.034573,0.040852,0.034837,2,1687
3.152972,-0.928445,0.008836,-0.050961,0.054361,0.032133,-0.019821,0.023143,3,1688
-2.694790,-3.610613,0.006453,0.036524,0.006827,0.018413,-0.042242,-0.008011,1,1689
2.000823,0.226906,0.014897,0.028545,-0.007036,0.039738,0.022750,0.026180,2,1690
-1.035581,-3.119251,0.001510,0.025593,-0.040500,0.037224,-0.059354,0.010197,2,1691
-4.256470,1.913325,0.075601,-0.014080,0.005730,0.063546,0.025432,-0.016168,0,1692
-4.358265,-3.903152,0.013470,0.068324,0.017952,0.019086,-0.027483,0.038903,0,1693
3.680803,-2.560782,-0.019074,-0.003149,-0.016166,0.023452,-0.014711,-0.007734,2,1694
1.146692,-2.155260,-0.053104,-0.003755,0.064066,0.002396,0.039019,0.036155,3,1695
3.203387,3.134541,0.055122,0.047680,0.045752,-0.018139,0.002003,0.003269,0,1696
-2.182851,2.746353,-0.011751,0.013017,0.026315,0.045770,0.021722,-0.002184,0,1697
-2.288222,-4.017623,-0.023771,-0.002609,0.023162,0.005450,-0.053834,-0.016370,1,1698
2.817061,-1.312814,0.027461,-0.034707,0.005626,0.015910,-0.009601,-0.011493,3,1699
2.820318,-3.268834,0.006457,0.046523,0.010242,0.044027,0.019938,0.018164,2,1700
-3.108864,3.062063,-0.009812,-0.025890,-0.005893,0.044860,0.005863,-0.007158,0,1701
4.429061,-1.575104,0.034007,-0.055093,0.023746,-0.004756,0.044347,-0.037606,2,1702
2.150388,0.644102,0.021599,-0.035349,0.051767,-0.004401,0.005731,0.018507,0,1703
2.100496,0.603844,0.017726,-0.025213,-0.037557,0.047096,-0.025102,-0.036283,0,1704
4.446492,-1.528364,0.042560,0.033825,-0.023456,-0.058421,-0.043369,0.017441,2,1705
-4.807581,-2.507635,0.021188,-0.005989,0.009067,0.038862,0.028860,0.027995,0,1706
3.256648,2.809067,-0.019180,-0.007073,0.012478,0.017345,-0.027586,0.011278,3,1707
3.160549,-2.998581,-0.044985,0.040242,-0.001808,0.009775,0.025831,-0.009001,2,1708
-4.240424,4.486876,-0.007440,0.024820,-0.030551,0.042589,-0.026222,0.025491,3,1709
-1.147443,5.795022,0.023000,-0.042777,0.012753,0.044333,-0.023559,0.003688,3,1710
2.229561,-3.521748,-0.009591,0.001316,0.051972,0.004486,-0.036258,0.004239,2,1711
2.663780,3.893288,-0.021419,0.032748,-0.001429,0.000599,0.006412,0.076081,3,1712
1.681820,5.997493,0.027692,-0.046977,0.031741,-0.027949,0.040955,-0.040481,2,1713
-2.147856,-0.493937,0.023859,0.028142,-0.026104,0.037495,-0.044009,0.029125,2,1714
0.030963,-3.512785,-0.017684,-0.036878,0.010046,0.001848,-0.037948,-0.036232,2,1715
-2.087507,0.085127,-0.028977,0.000174,0.006154,-0.025562,0.033379,-0.025346,2,1716
-1.706588,-4.525422,0.032502,0.016878,0.026139,-0.008322,-0.032234,-0.025722,1,1717
4.379126,3.050229,0.028225,-0.028162,-0.010075,-0.000790,-0.001653,-0.016551,0,1718
-2.092671,-4.151634,0.028437,-0.010553,-0.008986,0.014608,-0.030283,0.003888,1,1719
3.142361,-3.135147,-0.033488,0.001905,-0.003461,-0.002322,0.001729,-0.025016,2,1720
3.619284,0.175956,-0.055770,-0.024740,0.031420,0.015644,-0.024436,0.028745,3,1721
-4.180603,2.144392,0.047063,-0.034171,-0.056350,0.031825,0.025551,0.082007,0,1722
-3.499687,-2.289211,0.028958,0.031008,-0.039603,0.001849,-0.011360,-0.070116,1,1723
-2.302405,2.864709,-0.026371,-0.018497,-0.020664,0.002141,-0.021192,-0.003185,0,1724
6.802587,1.730784,-0.049741,0.015376,0.037541,-0.020117,-0.012190,-0.002367,1,1725
-3.240874,-2.972490,0.019300,0.014261,-0.062719,-0.018834,-0.020796,0.012354,1,1726
2.230660,1.827019,-0.100659,-0.040953,-0.006144,-0.033911,-0.050414,0.045810,0,1727
-4.190939,2.087940,0.012858,-0.013803,0.039778,-0.015115,-0.049417,-0.005710,0,1728
0.145607,-2.059932,0.056873,-0.003317,0.011227,0.000464,-0.034573,-0.017735,3,1729
2.093823,4.304153,-0.005743,0.035030,-0.015252,-0.042954,0.023664,-0.001904,3,1730
-3.364723,-2.819816,0.005053,0.010001,0.064389,-0.062695,0.025110,-0.023853,1,1731
-5.255033,0.448634,-0.034877,0.049601,0.003879,0.012517,0.030163,-0.020576,0,1732
2.803128,3.539414,-0.025544,0.042861,-0.008223,0.014635,-0.012497,-0.007210,3,1733
2.173215,4.281290,-0.009599,-0.005335,-0.020561,0.016834,-0.055690,0.021835,3,1734
6.036788,-1.777311,-0.000146,0.015261,-0.023588,0.040725,0.012158,0.016179,1,1735
3.005368,-3.155530,0.023219,0.068547,-0.039247,0.024094,-0.013760,-0.040883,3,1736
-0.386955,1.998317,0.020989,0.011780,0.042646,-0.011853,0.012966,-0.015043,1,1737
0.680736,2.749482,0.002310,0.027365,-0.033112,0.047780,0.004025,-0.074195,1,1738
1.963176,1.365308,-0.008057,-0.012704,-0.010043,0.043039,-0.013839,0.002581,0,1739
-4.992756,-2.400156,0.004477,-0.031471,-0.007644,0.025918,0.007464,0.011538,0,1740
0.958313,-7.013406,0.103310,0.026314,0.033377,0.007666,0.019170,-0.019633,3,1741
3.209537,3.072719,0.016765,-0.001742,0.023397,-0.006727,0.041189,0.043379,1,1742
2.019350,4.298131,-0.080026,0.002794,-0.048967,-0.015387,-0.013643,-0.032588,3,1743
-2.263873,-0.702403,0.007713,-0.012838,0.010292,0.013057,-0.028793,-0.024081,2,1744
8.478799,0.382977,-0.021697,-0.081012,0.033562,0.007961,-0.001463,-0.069873,1,1745
-4.415339,1.752973,0.021425,-0.011284,-0.021196,-0.010975,0.014215,0.003658,0,1746
3.436165,-2.736894,-0.008600,0.016421,-0.084028,-0.009935,-0.031946,-0.003728,2,1747
1.603280,-5.202831,0.016346,-0.006460,0.008449,-0.039634,0.006065,-0.007266,3,1748
-1.333888,2.882286,0.023647,-0.013428,-0.008954,-0.036477,-0.024859,-0.044980,2,1749
-3.398796,2.921030,-0.008757,0.032951,-0.005957,0.025116,-0.026805,0.040318,0,1750
2.112627,-5.260651,0.006046,-0.000152,-0.078291,0.048782,0.042991,0.046440,1,1751
2.279520,4.726462,-0.027952,-0.008567,-0.040057,-0.004361,0.002659,-0.024542,3,1752
-3.714938,2.646341,0.015400,0.013371,-0.056602,0.033485,-0.023578,0.003171,0,1753
2.733748,3.572770,-0.017777,-0.013712,0.024743,0.037752,-0.040100,0.018266,3,1754
4.994625,0.350180,-0.006083,0.012236,0.019427,0.018414,-0.039263,0.019680,2,1755
0.086224,5.519257,0.042024,-0.011314,-0.022466,-0.019938,0.007496,0.020576,3,1756
-6.965047,-0.138435,-0.025987,-0.006442,0.050643,0.006352,-0.031208,-0.025866,0,1757
-3.480233,-2.425408,-0.045104,0.028742,-0.080087,-0.001115,0.001627,0.043592,1,1758
2.338661,-1.627176,-0.004309,-0.042939,0.009212,0.016257,0.050711,0.033534,0,1759
-2.642353,-3.658662,0.022328,-0.031312,0.044116,0.064940,0.007694,-0.023760,1,1760
2.376375,-1.784476,-0.026833,-0.010528,-0.014327,-0.020524,-0.011417,-0.004363,1,1761
2.864824,3.310511,0.024993,0.006034,0.015415,-0.009871,-0.013539,0.008540,3,1762
3.212657,2.771886,0.016181,-0.012537,-0.028186,-0.027945,-0.006932,-0.038086,3,1763
3.743325,1.680123,-0.030715,-0.013920,-0.018125,-0.023627,0.001392,-0.012044,3,1764
2.613912,3.864754,-0.035137,-0.012324,0.053750,0.065291,0.010494,0.039683,3,1765
-2.488357,5.393239,0.026563,0.010573,-0.010671,0.061451,0.060382,-0.034148,3,1766
-3.570279,2.662453,-0.067233,-0.029592,-0.017678,0.028053,-0.046554,0.034969,0,1767
1.502566,-2.126944,0.034371,-0.014354,-0.002448,-0.039503,-0.036030,-0.001957,3,1768
-3.542650,1.365834,-0.022315,0.005402,-0.020015,0.003736,-0.014719,-0.002312,1,1769
-2.038698,-4.195161,-0.042250,0.000351,0.035988,-0.024567,0.002765,-0.005284,1,1770
-3.405734,2.901505,0.003467,0.016851,-0.016859,0.008502,0.025535,-0.021724,0,1771
6.749341,-0.242540,-0.029589,0.020939,-0.008951,-0.025664,-0.046764,0.017940,1,1772
3.757504,0.918744,-0.064764,0.030711,-0.014914,-0.010764,0.037015,0.005054,3,1773
-1.243763,2.872283,0.035376,-0.003264,-0.013931,-0.022106,-0.002849,-0.034516,3,1774
-2.269895,-0.473129,-0.014844,0.034845,-0.028013,0.019814,0.041896,0.050058,2,1775
-4.118061,2.277499,-0.019887,-0.034366,0.050416,-0.041368,-0.063548,-0.029256,0,1776
-2.116383,2.825526,0.069908,0.011705,0.010074,0.048086,-0.046778,-0.025554,0,1777
-0.568580,2.183725,0.031346,0.041012,-0.048497,0.012079,0.020600,-0.016372,1,1778
-3.534760,2.794240,-0.003500,0.034672,0.007345,0.006509,-0.019977,-0.028356,0,1779
1.728056,5.737874,-0.020966,-0.027232,-0.017569,0.001693,-0.000069,0.026248,1,1780
1.041028,-5.205439,-0.009831,-0.012994,-0.033479,0.011368,0.054173,0.015273,3,1781
-1.903681,2.848306,0.008748,0.018665,0.019276,0.034323,-0.057688,0.011844,0,1782
-2.156972,5.661590,0.009335,0.055911,0.036491,-0.035081,-0.005109,-0.068975,3,1783
-3.231221,-2.829594,0.075522,-0.004471,0.007377,0.053430,0.000097,-0.047465,1,1784
-1.564037,2.466225,-0.031002,0.015283,-0.032976,0.042300,0.078970,-0.001605,1,1785
-2.355086,3.066142,-0.004029,-0.030046,-0.034225,-0.027645,-0.019413,-0.000130,2,1786
-1.319417,-6.219598,0.028313,0.029084,0.057734,-0.027707,0.002664,-0.032861,0,1787
2.341890,-1.613883,-0.035484,0.042187,0.018173,-0.002364,0.014836,-0.022890,3,1788
4.007534,-2.363861,0.001364,-0.002258,0.006877,0.038996,0.028428,-0.033872,2,1789
-1.156886,-3.094861,-0.010872,-0.007751,0.077567,-0.031104,-0.026662,-0.010853,1,1790
-2.018399,2.885473,0.035294,0.041964,-0.081730,0.000387,-0.035053,0.012190,0,1791
-1.277748,-4.655556,0.042387,-0.015118,0.015365,0.012721,-0.056844,-0.003800,3,1792
-0.769191,1.882442,0.018745,-0.023920,-0.039032,0.018846,-0.013838,-0.036359,0,1793
0.474478,2.845681,0.032426,0.040069,0.065570,-0.009660,0.062413,-0.050462,3,1794
-2.151886,-1.743697,0.043390,-0.032966,-0.022726,0.016239,0.036050,-0.002630,2,1795
-6.740423,-2.573958,-0.022263,-0.007798,-0.015605,0.034008,-0.053729,0.005663,2,1796
-0.008325,-2.833259,-0.014214,-0.016827,0.000788,0.013544,0.045585,0.018833,0,1797
3.721518,3.782034,-0.041063,0.023679,-0.046012,-0.006445,-0.051172,-0.030007,2,1798
3.499785,0.760952,0.015681,-0.004288,-0.021296,0.028414,-0.026718,-0.024109,3,1799
4.289208,-1.962594,0.005965,-0.020694,0.085882,-0.015105,-0.026423,0.015145,2,1800
-0.942603,3.148654,-0.024588,0.014225,0.007789,-0.010043,-0.016420,-0.016127,0,1801
0.511343,-2.077558,-0.001725,-0.054317,-0.006349,-0.011292,0.015825,-0.002956,3,1802
1.266069,-5.197218,-0.019153,-0.001862,-0.006618,0.060181,0.049251,0.012725,3,1803
2.156470,4.992774,-0.044773,-0.059820,0.020427,-0.039190,-0.026969,0.013694,3,1804
-2.539950,5.313739,0.033582,-0.017902,-0.005317,-0.039251,-0.038464,-0.021214,3,1805
2.125728,4.681172,-0.022868,0.014325,0.003248,0.003671,0.010955,-0.024302,3,1806
4.402658,-3.914186,-0.005016,-0.032569,-0.016266,0.037171,-0.038097,0.043307,1,1807
6.343419,-0.972018,0.004928,-0.004143,-0.030709,-0.024589,-0.003440,-0.003374,1,1808
1.183507,2.664658,0.025072,0.025740,0.055454,0.043498,-0.026404,-0.079097,0,1809
1.935174,-2.000799,-0.075458,0.008869,0.006719,0.009692,0.051562,-0.041010,3,1810
-1.377523,2.332956,-0.048873,0.002362,-0.052714,-0.016410,0.000154,-0.001944,1,1811
3.336172,-5.062691,-0.022622,0.032948,-0.042032,-0.013452,-0.028499,0.048609,1,1812
-6.790619,0.229741,0.054336,0.022222,-0.015171,-0.013972,0.037864,-0.008486,3,1813
1.908517,5.792375,0.024228,-0.031568,-0.051451,-0.015386,0.014713,0.003535,2,1814
-4.122598,-4.506167,-0.025563,0.019375,0.021429,0.040307,-0.030396,0.002440,3,1815
-2.403104,-5.713745,-0.034827,-0.024919,0.034083,0.027344,-0.033113,0.001279,0,1816
-3.856584,2.433656,0.011656,-0.023799,-0.004664,-0.053149,0.005423,-0.075581,0,1817
-4.444711,1.898778,-0.052060,0.021460,-0.036066,0.016663,0.059565,-0.044679,0,1818
1.608232,5.564959,0.063486,-0.067758,0.014586,0.006076,0.012352,0.021049,2,1819
0.015869,6.682549,0.045248,0.009913,-0.014751,0.022030,-0.051366,-0.060090,0,1820
-3.111924,2.949781,0.082821,-0.001692,0.012451,-0.018493,0.007314,-0.016112,0,1821
-1.277027,-4.685302,-0.047191,0.010908,-0.044099,0.001127,-0.019007,-0.062470,1,1822
-3.487635,2.647337,0.035449,0.098599,0.000381,0.011183,0.024846,-0.057870,0,1823
-3.343070,2.864137,0.022595,-0.008429,-0.024160,0.028328,0.044488,-0.034725,0,1824
-4.381863,2.000202,0.019909,-0.020137,-0.044255,0.084208,0.016001,0.008984,1,1825
4.826206,2.050524,0.012390,-0.058019,0.017542,0.048144,-0.049400,0.014549,2,1826
4.500407,-1.548455,0.011544,-0.005065,-0.000352,-0.057004,0.006620,-0.030902,2,1827
-3.668725,-1.876216,-0.016217,-0.009792,0.014795,-0.015559,0.013924,0.025217,1,1828
-4.987099,0.809385,-0.018100,0.032926,-0.000996,-0.045510,0.017930,0.016143,0,1829
2.592397,3.701499,-0.039659,0.019518,-0.026663,-0.039090,-0.056445,-0.006442,3,1830
-2.208382,3.017219,-0.018599,0.018067,-0.002570,0.003541,0.032476,0.024654,0,1831
2.253758,4.034014,-0.005440,0.012868,0.010958,-0.018566,0.071535,-0.023555,3,1832
1.846489,2.220100,-0.010157,-0.007057,-0.007596,0.016149,-0.019929,-0.025190,0,1833
1.414843,6.331023,0.016241,0.005671,0.005367,0.015036,-0.044741,-0.011018,2,1834
2.894237,3.429677,-0.017246,0.041522,0.046279,0.001698,0.020509,0.019446,3,1835
2.617622,3.742416,-0.031225,0.030689,0.053512,-0.024716,-0.022860,-0.013307,3,1836
3.055025,-1.133260,-0.004019,0.023200,0.022170,0.043037,0.036922,-0.016811,0,1837
-2.201950,3.083495,-0.010826,-0.029617,-0.003167,0.025884,0.008634,0.066009,0,1838
2.051041,-5.030815,0.000780,-0.009187,0.066800,0.021831,0.018824,-0.006565,1,1839
2.951346,-4.776232,0.021652,-0.027193,-0.005606,0.012120,0.022851,-0.047466,1,1840
-1.547575,2.198597,0.003651,-0.005898,-0.010539,0.010430,-0.009767,0.006198,1,1841
4.503318,-1.527319,0.030184,0.003767,0.037924,-0.024483,-0.015548,-0.026619,2,1842
-3.852712,2.516628,-0.027814,-0.015717,-0.021457,-0.020934,0.020040,0.040327,0,1843
1.961573,0.326838,0.004226,0.001481,-0.016347,0.029843,-0.043669,0.029380,0,1844
4.166635,-2.193063,-0.032409,0.021371,-0.062911,0.036032,0.036647,-0.023610,3,1845
2.396687,4.166749,-0.013176,-0.027005,0.031970,-0.031513,-0.022820,-0.006196,3,1846
2.097979,4.547731,-0.000129,0.014143,0.054570,0.022006,-0.014651,-0.041087,3,1847
3.044192,3.413072,-0.024560,-0.032052,-0.014915,-0.010375,-0.005613,-0.018121,3,1848
-3.151966,-3.023388,0.005260,-0.013648,-0.031265,-0.015885,0.031509,-0.047956,1,1849
2.584527,-1.629486,-0.003305,-0.003551,-0.023882,0.031429,-0.002960,-0.020823,3,1850
-4.908676,0.634212,0.023032,0.006794,-0.006280,-0.053830,-0.047399,-0.005973,0,1851
-3.144958,-5.309744,-0.000937,0.001580,-0.008738,-0.001831,-0.019631,0.053726,0,1852
-2.290735,-6.017603,-0.014436,0.012503,0.009314,0.064403,-0.021460,-0.065784,1,1853
0.675501,-2.301774,-0.032387,0.006473,-0.001967,-0.032947,-0.026316,0.031990,3,1854
1.373284,-6.856109,-0.032204,-0.019149,0.022720,0.018027,-0.018352,0.020982,2,1855
3.486861,-0.407248,-0.010676,-0.033671,0.007911,0.000415,0.005488,0.030446,3,1856
-6.666696,8.957915,-0.053514,0.006049,0.053753,0.000313,-0.001552,-0.022587,3,1857
-5.007440,-2.480451,0.060134,-0.003474,0.049355,0.014224,-0.004627,-0.026525,0,1858
2.331527,3.965042,0.041321,-0.005441,-0.007772,-0.004401,-0.009102,0.041300,3,1859
-2.031104,-4.255469,0.019209,-0.026784,0.041565,-0.007224,-0.034201,0.054944,1,1860
2.947205,-3.225928,0.034677,0.031965,0.039237,-0.010459,0.023078,-0.042942,2,1861
2.001042,4.620677,-0.029511,-0.010544,0.000396,0.000035,0.016775,-0.008279,3,1862
3.113646,2.824918,0.031983,-0.005880,-0.014843,0.022059,0.012890,0.030137,0,1863
-0.404672,6.379679,-0.008865,0.021982,0.035362,-0.003077,0.024176,0.012797,0,1864
-1.677948,2.611252,-0.011061,-0.013438,0.020803,0.043220,0.054482,-0.012590,0,1865
-1.607665,-2.120531,0.059377,-0.045795,-0.031361,-0.004494,0.031648,0.004727,2,1866
-5.198130,-1.457457,-0.029377,0.036708,0.004430,-0.001922,0.000017,-0.011642,0,1867
-1.387230,-2.815875,-0.067300,0.011116,0.013995,-0.029645,-0.029706,0.036011,2,1868
-0.727872,2.287148,0.023462,-0.032982,0.012753,-0.020388,-0.010664,-0.030783,1,1869
-2.194242,-4.149606,0.017741,0.046635,0.003405,0.050825,0.004306,0.040869,1,1870
-2.217558,2.920371,-0.004274,0.037452,0.024237,-0.013032,-0.036060,0.004434,0,1871
-3.274600,-2.881789,-0.028008,-0.013214,0.026025,-0.041460,-0.036842,-0.008669,1,1872
3.399496,-2.914575,-0.024338,-0.018155,-0.009375,0.023514,0.051644,0.010961,3,1873
6.158315,7.240451,0.019573,0.011438,-0.040927,0.047997,0.040273,-0.009901,0,1874
-3.282883,-2.871711,0.051758,0.004519,0.051401,0.038360,-0.019355,0.014569,1,1875
-4.128365,2.133377,0.011129,-0.054696,0.011240,-0.052451,0.014595,-0.040067,0,1876
2.628500,3.861800,0.057959,0.021045,0.050358,0.040500,0.040419,-0.006692,3,1877
2.350915,4.085655,-0.030895,-0.020582,-0.003440,0.008770,-0.004032,0.013940,3,1878
2.220167,-5.167323,0.020336,0.011563,0.011619,0.015375,0.006660,0.016506,3,1879
-3.915169,-0.445653,-0.047473,-0.031941,0.001226,-0.037782,-0.009154,0.001129,1,1880
2.145426,-3.414427,0.028642,-0.031982,-0.059560,-0.027040,-0.020902,0.008309,0,1881
-4.629838,4.225513,0.009445,-0.015488,-0.013820,0.077803,0.052590,0.025191,3,1882
-3.080533,3.126532,-0.015952,-0.002572,-0.024706,-0.037619,-0.026968,0.014579,0,1883
2.513152,3.849971,-0.009028,0.018674,-0.055875,0.017218,-0.005022,-0.030490,3,1884
-2.225519,-4.120921,0.007620,-0.008338,-0.017556,0.035750,0.030247,0.043053,1,1885
-3.617424,0.989403,0.010966,-0.013991,-0.057869,-0.031328,-0.028371,-0.027786,1,1886
-3.258111,-2.871557,0.007137,0.008974,-0.043110,0.006932,-0.030289,0.064533,1,1887
-1.022906,-3.168094,0.002395,0.020888,0.000940,-0.022926,-0.013521,0.045143,2,1888
-7.991034,5.169822,-0.028227,-0.028458,0.047250,-0.021509,0.015449,0.011182,1,1889
-3.571236,2.872980,0.017604,0.006722,-0.018653,-0.032638,0.007955,0.002354,0,1890
-2.780506,-3.436000,0.040611,0.041550,0.035003,-0.044080,0.003001,-0.047997,1,1891
-2.790054,3.111638,0.005191,-0.003270,0.021181,0.035516,0.013039,0.008003,0,1892
2.973125,-3.192865,0.008418,0.057000,0.031705,-0.030324,-0.016141,0.006950,2,1893
0.580283,-2.339643,0.042432,0.042649,-0.024193,0.009469,0.018791,-0.064346,3,1894
3.777674,-2.436783,-0.041274,-0.060352,0.068523,0.016622,0.010414,-0.009137,2,1895
-3.588382,-2.275797,-0.026156,-0.012068,0.020023,0.018476,-0.018728,-0.046004,1,1896
-6.935420,-0.630376,0.028077,0.060061,0.052497,-0.054368,0.013103,0.026649,3,1897
-1.167226,2.964550,0.047297,0.008437,0.033914,0.014137,0.029994,0.095529,0,1898
7.714409,7.281612,-0.001176,0.002945,-0.008298,-0.005667,-0.012625,0.034811,3,1899
2.290657,-5.129982,-0.020367,0.055835,-0.001380,0.023181,0.014417,0.040540,1,1900
2.353223,4.162534,0.085176,-0.016496,0.031685,0.010404,-0.026245,0.055368,3,1901
4.329805,-1.906591,-0.074707,-0.055603,-0.032685,0.003054,-0.003329,0.017512,2,1902
-2.912252,-5.656374,-0.012049,-0.018221,0.026451,-0.062376,-0.008171,-0.003414,0,1903
-8.254899,-8.431050,0.034669,-0.034022,0.079563,-0.036846,0.050506,-0.004481,3,1904
-4.034862,4.499437,0.000490,0.017631,0.007264,0.027968,-0.018004,-0.015437,3,1905
-4.062833,2.256005,-0.011373,0.041045,0.044619,-0.058565,0.004492,0.026205,0,1906
-3.373105,2.764903,0.059389,0.000051,0.000131,-0.007395,0.012547,0.032880,0,1907
-2.333536,-3.949161,-0.038344,0.031027,0.001166,0.040622,-0.040983,0.007793,1,1908
-2.471617,-3.930892,0.001107,0.026445,-0.014967,-0.011004,0.027418,-0.035517,1,1909
-4.314900,-5.792526,-0.037795,0.033058,0.052724,-0.037464,0.026590,0.014297,2,1910
0.487771,-5.375686,0.005692,-0.048723,-0.003169,-0.019004,0.008694,0.016561,1,1911
-2.694088,-3.617715,-0.014046,0.085463,-0.019834,-0.017705,0.022733,0.042601,1,1912
2.388128,4.161874,-0.024105,-0.020397,0.018275,-0.029836,-0.006051,-0.004074,3,1913
1.742245,5.715958,-0.005954,-0.014777,0.012012,0.036565,0.031394,0.047376,2,1914
-2.386242,2.914152,0.040594,0.022294,0.060756,-0.007760,0.008742,-0.007938,0,1915
4.525001,-3.790355,-0.021543,-0.016554,0.012204,0.016073,-0.022006,0.012009,1,1916
6.365709,-1.035828,-0.013148,-0.021766,0.028695,0.037000,-0.055656,-0.024953,1,1917
1.094943,6.407160,0.013807,0.030261,-0.001313,-0.017317,-0.020664,-0.019509,2,1918
2.229624,4.124216,-0.009352,-0.056562,-0.001391,-0.048002,0.027699,0.001685,3,1919
3.014908,3.169426,-0.020007,0.029008,-0.017247,0.004880,0.012238,0.007156,2,1920
1.320881,-2.186960,-0.011853,-0.038732,0.012909,-0.029219,0.018839,-0.025007,3,1921
-1.047066,-4.718573,0.056213,0.017963,0.010930,0.026190,0.033105,-0.019793,1,1922
-0.144092,3.095552,0.011530,-0.022068,0.005655,-0.023628,-0.005580,-0.005818,0,1923
-2.117960,-4.045974,-0.003089,0.029052,0.033841,0.037375,0.050244,-0.024408,1,1924
3.477993,-2.785287,0.038757,-0.006386,0.004945,0.021576,-0.009690,0.033029,2,1925
1.219239,-2.075946,0.020891,0.008224,-0.041285,-0.064389,0.003363,-0.045048,3,1926
0.122575,2.994814,0.012179,-0.079007,0.020170,-0.012918,0.002172,0.014431,0,1927
-2.193074,-1.221152,-0.028772,-0.016199,0.055588,0.049966,0.041026,0.010267,2,1928
4.542725,-1.571076,-0.004912,-0.013176,-0.022030,0.000523,0.001203,0.017945,2,1929
-3.205296,-5.190095,-0.007809,0.033742,-0.041636,0.078989,0.040750,0.034400,2,1930
6.713218,-8.094655,-0.049634,0.001997,0.005582,0.023738,0.026120,-0.028745,2,1931
-3.553391,-3.964308,-0.047701,-0.023316,0.025283,0.011986,0.019073,0.010647,1,1932
3.442971,-2.785413,0.042358,-0.036390,0.026478,-0.047343,0.012072,0.033657,2,1933
6.653096,-0.094990,0.022197,0.020518,0.006290,-0.005152,0.019345,-0.010742,1,1934
4.918588,0.159944,0.026841,-0.025148,0.007301,-0.010488,-0.024048,-0.009598,2,1935
-5.122736,-0.946224,0.016678,-0.016496,-0.020734,0.017181,0.001112,0.026513,0,1936
2.170961,4.146072,-0.037845,0.009323,-0.029659,-0.027935,-0.001503,-0.039113,0,1937
-3.875602,2.327601,0.026851,-0.025822,-0.023849,0.038561,-0.032383,0.031901,0,1938
2.726390,-3.186478,-0.009582,-0.052518,0.016637,0.005980,-0.024609,0.031188,2,1939
-3.867151,-0.125908,-0.038448,-0.010979,0.016807,0.008787,-0.001735,-0.006212,1,1940
-2.329426,4.352399,-0.009502,-0.001166,0.043109,0.015229,0.017080,0.033045,3,1941
1.825928,-1.860013,-0.025636,0.036388,-0.040862,0.009427,-0.018624,-0.014514,3,1942
5.180136,-3.366874,0.008442,0.000933,0.047760,-0.024864,-0.029568,0.022977,0,1943
-2.745056,-5.780887,-0.009947,-0.016913,-0.028643,0.031827,0.014987,0.026572,0,1944
-0.405186,2.083560,0.076726,-0.017569,0.000137,0.051299,-0.018534,-0.014713,1,1945
-1.719281,-4.191470,0.040371,-0.025547,-0.033529,0.006863,-0.029548,0.029091,1,1946
-4.297239,1.870060,-0.005712,0.043591,-0.002117,-0.001480,-0.012869,-0.004801,0,1947
-5.080509,-0.124898,-0.002620,0.019562,0.033013,0.004845,0.037675,-0.009086,0,1948
-1.873057,2.700355,0.074137,-0.001156,0.015769,0.049117,-0.000740,-0.016605,1,1949
-2.890811,3.178969,-0.036793,0.021348,0.033829,0.023713,0.078202,0.005167,0,1950
-1.816298,2.679792,0.019621,0.017676,0.021822,-0.013056,0.010098,0.010163,1,1951
3.333675,2.741565,-0.027447,-0.007291,0.030616,0.036596,0.022375,0.006098,3,1952
1.788969,2.016110,0.022142,-0.035262,-0.000279,-0.030450,0.011073,-0.065378,0,1953
-2.280859,2.948843,0.004050,0.006958,0.020942,-0.013701,0.032186,-0.003368,0,1954
-2.604322,3.132634,0.015170,-0.002332,-0.017464,-0.029895,-0.003804,-0.045130,0,1955
-3.275366,-2.905996,0.068687,-0.012596,0.008885,0.028470,-0.074791,-0.005793,1,1956
-2.096394,-4.248839,0.009323,-0.016782,0.059447,-0.010461,-0.010459,0.018085,1,1957
-3.902416,2.250456,0.042015,-0.002824,0.015360,0.004634,-0.031398,0.019628,0,1958
-3.046723,-3.144968,0.014994,-0.012008,0.006931,-0.033924,0.065346,-0.012278,1,1959
1.811365,5.850600,0.009518,-0.034999,0.028361,-0.030401,-0.038992,0.017191,2,1960
-5.286443,-1.581571,-0.005764,-0.000606,-0.024748,-0.016886,0.001060,-0.017746,0,1961
-5.686329,2.772854,0.063207,-0.044110,0.013245,-0.004506,-0.023660,-0.054342,3,1962
-4.386839,1.981627,-0.025824,0.011780,-0.024670,-0.010019,0.044121,0.017696,0,1963
2.026320,0.328497,-0.007278,-0.050654,0.007846,-0.046979,0.007246,0.003430,0,1964
-4.128047,2.184573,0.016685,-0.047724,0.077585,0.015506,-0.001880,-0.063306,0,1965
1.752060,5.866447,-0.002198,0.001166,0.007973,-0.020346,-0.048445,-0.022390,2,1966
3.697030,-6.495521,-0.034243,-0.034057,0.036264,0.034601,0.045471,-0.026568,3,1967
1.525680,6.054622,-0.009791,-0.003440,0.034308,-0.023705,-0.077752,-0.040771,3,1968
3.667140,-2.632754,-0.001990,-0.014485,-0.006168,0.015773,0.033152,0.039225,2,1969
-3.970698,2.260977,-0.003682,-0.051629,-0.021363,-0.000046,0.039236,0.036957,0,1970
-8.381899,-6.228871,0.015659,0.012926,-0.012544,-0.041580,0.000238,-0.017498,1,1971
2.212676,5.288937,0.036039,0.047261,-0.016542,-0.004486,-0.002495,-0.006786,3,1972
-1.636925,2.649750,-0.006321,0.018325,-0.005205,0.004995,0.006303,-0.023407,1,1973
1.904461,5.284986,0.002340,0.016028,0.041812,0.011152,-0.011748,-0.045584,2,1974
2.172405,-3.492645,-0.009118,-0.019392,-0.026912,0.054869,-0.011167,-0.034643,2,1975
7.551061,6.714371,-0.006300,0.003320,0.000629,0.080795,-0.035057,-0.019534,2,1976
-6.718032,-1.444590,0.021089,-0.032326,0.019373,-0.024959,-0.020172,0.020066,3,1977
1.976285,-2.041985,0.023941,0.045224,0.045543,-0.048140,0.003546,-0.040946,3,1978
1.834141,6.041662,-0.006493,-0.025798,0.060437,-0.021791,0.027459,-0.008822,2,1979
1.992458,5.719255,0.028076,0.028120,0.024102,0.000072,-0.001077,0.014624,2,1980
5.006321,3.238476,0.047129,-0.027107,-0.038162,0.029127,-0.008535,-0.013430,1,1981
-5.167369,0.224393,-0.008266,-0.056360,-0.018576,0.024054,-0.002990,0.023337,0,1982
2.759785,3.338457,-0.007586,0.011339,-0.014677,-0.010196,-0.006165,0.001663,3,1983
-2.287766,-4.099367,0.004365,0.009107,-0.003402,0.015036,-0.029457,-0.025601,1,1984
1.027801,-2.195127,0.004609,0.012034,0.001585,0.049940,-0.015594,-0.047970,3,1985
-1.454186,2.375413,0.008320,-0.052866,0.017949,-0.064763,0.007122,-0.006257,0,1986
-3.807409,2.357232,0.018020,-0.024564,-0.013502,0.002423,-0.010104,-0.007906,0,1987
-4.708171,-3.261834,0.001188,-0.035179,0.021472,-0.021250,-0.045507,0.010761,0,1988
-2.833927,-5.418072,-0.055727,-0.005593,0.006069,-0.025419,0.023227,0.039332,0,1989
-1.430513,2.253175,0.037972,-0.038541,0.050423,0.050923,-0.017038,-0.021986,1,1990
-6.410772,1.139884,0.030590,0.014575,0.005784,0.025295,0.009440,-0.021055,3,1991
-3.135733,8.173996,0.013834,0.037095,-0.048837,-0.006089,0.042826,-0.012207,3,1992
2.958224,-6.292412,-0.097060,0.033264,-0.015763,-0.030469,0.028917,0.005533,1,1993
4.406207,-1.951286,0.004089,0.012643,-0.064261,-0.033969,0.012692,-0.043959,2,1994
-6.161858,2.083664,-0.007173,-0.015030,0.001233,-0.005316,-0.023273,-0.006833,3,1995
1.797795,5.465378,-0.006798,0.025728,-0.007149,-0.010982,-0.018096,-0.013390,2,1996
5.244486,-3.278463,-0.001120,-0.060190,-0.007566,0.045616,-0.038496,0.082079,1,1997
3.592447,-2.753556,-0.004835,-0.050295,-0.033036,-0.028852,-0.047025,0.009100,2,1998
3.549891,1.130677,-0.012192,-0.010055,0.027021,-0.019335,-0.012860,-0.014641,3,1999
-3.031797,-3.343185,-0.008480,0.053014,-0.045138,0.009254,0.008949,0.022221,1,2000
-2.914797,-3.327328,-0.007650,0.017876,-0.002694,-0.017318,0.051894,-0.037329,1,2001
2.459534,3.904545,0.014107,-0.051310,-0.008064,0.010620,-0.045221,0.013577,3,2002
-3.168083,2.930398,-0.000086,-0.046685,0.015512,-0.019325,-0.025756,-0.010625,0,2003
1.539599,6.158008,0.015597,0.001825,-0.024022,-0.004632,-0.022359,-0.062968,2,2004
6.224841,-1.944694,0.023433,0.061669,-0.028644,-0.022007,0.024043,0.015642,1,2005
-3.655669,4.857741,0.009426,-0.003504,0.011097,-0.009799,-0.018341,-0.013520,1,2006
-3.950971,2.298007,0.007193,-0.020897,-0.022669,0.004501,-0.029839,0.056250,0,2007
3.935743,-2.276070,0.013723,-0.056032,0.014108,-0.043808,-0.046549,-0.045270,2,2008
-3.822934,2.575120,-0.003654,0.022095,0.056402,-0.017727,-0.018081,-0.033527,0,2009
-1.966311,-4.190083,0.014604,-0.045277,-0.021372,0.039701,-0.028991,0.004897,1,2010
0.027788,6.881010,-0.019165,0.009094,-0.019595,0.021189,-0.029899,0.028934,0,2011
-1.672746,2.648735,0.000245,0.018069,0.004110,-0.028115,-0.044521,-0.034135,1,2012
-1.897829,-2.097246,0.038496,0.002139,0.034379,0.030583,-0.005071,0.026538,2,2013
-5.220332,0.065669,0.022202,-0.004041,-0.043322,0.058364,0.026410,-0.010816,0,2014
-4.196108,2.085258,-0.052290,0.027403,0.032968,-0.054124,-0.011019,0.035494,0,2015
2.675472,3.571103,0.022044,-0.003333,0.005099,-0.004784,-0.013426,0.044546,3,2016
4.335610,-1.797268,0.055027,-0.027657,0.055944,-0.061258,-0.037919,-0.016211,2,2017
-1.965039,3.964928,0.013953,0.032495,0.012077,0.037144,0.010929,-0.022782,2,2018
0.271961,2.968730,0.013974,-0.009563,-0.006519,-0.009063,-0.008000,-0.003722,0,2019
-2.205912,-4.127614,-0.051605,0.014280,-0.021633,0.008278,0.021013,-0.006354,1,2020
-4.205097,1.985451,-0.039840,0.065649,0.021750,-0.018995,-0.017439,0.016023,0,2021
4.971693,1.094707,0.001963,-0.023209,0.034588,-0.058760,0.001728,0.004908,2,2022
6.798995,0.900174,0.027447,-0.038879,-0.003266,-0.029832,-0.023175,0.009392,1,2023
-2.210827,3.036099,0.036441,-0.008024,0.045318,-0.035130,-0.037933,-0.024928,0,2024
-1.993830,-1.885980,0.071090,-0.019306,0.022992,0.014702,-0.054139,-0.019308,2,2025
2.581011,-1.472012,0.007569,-0.027696,0.035668,0.020099,0.016243,-0.032328,3,2026
-5.827749,2.360679,-0.042543,-0.009118,0.031837,-0.055073,0.060668,0.012597,3,2027
-1.584964,-2.658324,0.000683,0.046446,0.006296,-0.055809,0.014344,-0.048450,0,2028
0.017627,3.147365,-0.016176,0.045990,0.015250,0.017357,-0.034025,0.027343,0,2029
-6.321056,-8.776293,0.018999,-0.009131,-0.040942,0.031878,0.021965,-0.000729,2,2030
-5.367597,3.045810,-0.030822,0.032561,0.023540,0.003812,-0.042799,-0.011441,3,2031
-0.356423,3.143617,-0.011014,-0.001754,-0.021512,0.013899,-0.054334,-0.013740,0,2032
-3.379678,-5.173995,-0.005071,0.003609,0.009519,0.006954,-0.001418,0.010918,0,2033
-3.445060,2.689266,0.018052,0.028534,-0.031539,0.021442,0.004653,0.028415,0,2034
-2.845899,-3.430017,-0.012401,-0.037699,-0.067827,-0.025273,-0.000641,0.012636,1,2035
-1.153692,-2.978510,-0.007051,-0.029323,-0.030222,0.030740,0.017270,0.005927,2,2036
-3.982848,-1.014671,-0.040349,-0.037694,-0.006056,0.014256,0.004526,0.035653,1,2037
-5.092195,-2.557623,0.002885,-0.026850,0.024188,0.001499,-0.070469,0.008748,0,2038
-0.432123,-5.001146,0.018043,0.031972,0.003100,-0.024374,0.000195,0.000185,2,2039
-2.421692,3.159064,-0.032738,0.014660,-0.034101,-0.069949,0.009257,0.012111,3,2040
-3.119145,3.050666,-0.019311,0.039821,-0.035901,-0.004776,0.018256,0.047828,0,2041
5.635027,-2.761182,-0.026318,0.046166,0.026326,0.020495,0.019679,-0.008758,0,2042
-5.054855,0.886743,-0.019373,0.013117,0.016882,0.050505,-0.005621,-0.007089,2,2043
0.529252,-2.107438,-0.025082,0.006386,0.005608,-0.006137,-0.039659,0.010059,3,2044
2.331065,-3.641048,-0.057369,-0.016052,0.020091,-0.022103,0.011842,0.000488,0,2045
3.412622,-2.771020,0.016650,0.000937,0.032367,-0.006072,-0.003535,-0.016199,2,2046
3.793031,-2.519475,0.004006,0.011538,0.040019,0.024085,0.009132,-0.037217,2,2047
-3.345543,-2.619768,0.015669,0.008993,-0.042118,-0.012784,0.018625,0.009966,1,2048
-0.150701,3.015984,0.030882,-0.045122,0.055968,0.029724,-0.047268,-0.000889,0,2049
1.870343,5.371234,0.002496,-0.007056,0.015129,0.002427,-0.018715,0.048162,2,2050
6.707068,0.162988,-0.002757,-0.009118,0.004733,0.018094,-0.009450,-0.000599,1,2051
-3.225941,-5.289650,0.007233,0.024272,0.027973,0.011695,0.019526,0.001460,0,2052
-0.550794,2.296934,-0.004017,0.017132,-0.007600,0.046784,0.021097,-0.041449,1,2053
4.595857,-1.328777,0.037522,0.043584,0.023799,0.013802,0.004947,0.047353,2,2054
-4.715214,1.443124,-0.012340,-0.018119,-0.000734,-0.014183,-0.025416,0.073186,0,2055
2.768773,3.514405,-0.055853,-0.047879,-0.035913,0.005828,0.014474,-0.014113,3,2056
-2.854376,-3.967118,-0.051498,0.016456,0.007312,0.032155,-0.048278,0.056395,1,2057
1.902196,4.759097,0.016970,0.020821,-0.004804,0.004864,0.026358,-0.022515,3,2058
7.184913,0.972451,0.007882,-0.037838,-0.016107,-0.031383,-0.049181,-0.039867,3,2059
-2.068543,-4.158593,0.043899,0.036911,0.012007,0.038089,0.004754,-0.025482,1,2060
4.657826,-1.172659,-0.021702,-0.002618,-0.011330,-0.018920,0.006776,-0.033307,2,2061
-0.668222,2.130719,0.000752,0.001013,-0.012350,-0.001135,0.037057,-0.057870,1,2062
-4.499192,4.366491,0.016861,-0.013923,0.005464,0.003183,0.020249,-0.002284,3,2063
-0.024256,2.044894,-0.025935,0.013201,-0.042820,-0.021435,0.000759,-0.016651,1,2064
-0.807359,2.910068,0.017141,-0.051206,0.009098,-0.045363,0.031296,0.064549,0,2065
-4.819252,0.845593,0.018075,0.017390,0.031542,-0.042397,-0.001243,-0.023348,0,2066
-0.638878,2.202075,0.026818,-0.019526,-0.027141,-0.031685,0.014134,0.000890,2,2067
1.165040,-3.701686,-0.080048,-0.030006,-0.029839,0.000298,0.011911,0.000315,2,2068
-3.264071,-2.978951,-0.029483,0.012764,0.090282,0.044247,-0.045840,-0.015174,1,2069
-5.055066,-2.941852,0.062260,0.015059,0.005579,-0.029770,-0.013605,0.029807,0,2070
-6.680843,-0.191639,-0.017549,0.013935,-0.013619,-0.018390,0.011505,0.030286,3,2071
-2.360850,3.039539,0.004855,0.015743,-0.008095,-0.037816,0.028483,-0.030806,2,2072
-2.191888,-4.063529,0.003227,0.007204,0.043472,0.014474,0.017733,-0.005311,1,2073
3.492983,-4.730852,0.049022,-0.001795,-0.014783,0.021656,-0.051156,0.026517,1,2074
-3.325282,-2.657478,0.031050,-0.044772,0.043949,-0.022416,-0.000539,0.038261,1,2075
-3.743579,-4.692206,-0.006689,-0.037045,-0.036747,-0.002966,0.040695,0.033151,0,2076
1.642676,-3.796067,-0.005358,0.036847,-0.026891,-0.000661,0.016224,0.033084,3,2077
-1.944297,-4.343340,0.037820,0.041261,0.006959,-0.015981,0.002527,0.014334,1,2078
-1.566559,-2.700937,0.033206,-0.017668,-0.028402,0.031779,-0.024611,0.001240,3,2079
2.194520,0.959320,-0.002236,-0.006203,0.039800,-0.035826,0.004930,0.009469,0,2080
1.303533,6.426800,-0.001778,0.008058,0.008623,-0.011364,0.018396,-0.003129,2,2081
-2.363559,-3.706604,-0.037809,-0.027819,0.006836,0.041555,-0.015258,0.026709,2,2082
-3.035425,-5.255092,0.035805,0.041324,0.026353,-0.038976,0.022820,-0.002904,0,2083
4.568809,-1.052628,-0.001917,-0.008336,-0.030970,-0.010871,0.037548,-0.031048,2,2084
-2.044368,-1.547818,-0.067639,0.046825,0.006960,0.011909,-0.001455,-0.029518,2,2085
-0.385306,-5.102661,0.049131,0.009117,-0.008537,-0.067366,0.024081,-0.044989,1,2086
6.847459,0.260453,0.037322,0.014365,-0.062153,-0.046322,0.045185,0.005708,2,2087
2.069351,5.120678,0.032004,0.065435,0.005281,0.050304,0.060115,0.015840,3,2088
1.910045,5.555349,-0.052036,0.014048,0.000832,0.019060,-0.036501,0.019091,2,2089
2.896886,-3.016670,0.010975,-0.000533,0.009398,-0.036979,0.009175,0.020924,2,2090
-3.562067,-2.492810,0.007132,-0.030252,0.024506,0.011644,-0.002499,-0.004532,1,2091
2.748860,-3.244130,-0.019797,0.044840,0.002689,0.013493,-0.005334,-0.014085,2,2092
-5.215111,-1.465065,0.017028,0.010131,-0.035826,0.008355,-0.003185,-0.016593,0,2093
-4.271344,4.720561,-0.003018,-0.009804,0.030471,0.036857,0.006650,0.001101,3,2094
-0.589934,-3.489431,-0.002648,0.009214,-0.005171,0.009194,0.003994,0.044811,3,2095
-1.297988,-2.708296,0.027582,-0.026104,0.026414,-0.035485,0.002830,0.058566,3,2096
-6.160745,2.020806,0.066429,-0.064118,-0.008624,-0.010904,0.028953,-0.048362,3,2097
2.431152,3.889695,0.012016,-0.029815,0.030498,0.021350,0.019453,-0.022303,3,2098
1.928642,5.213300,0.048065,-0.000499,0.026482,0.022182,0.011448,0.085264,3,2099
1.745706,5.262006,0.003979,0.016125,0.009812,-0.016028,-0.049425,0.004080,3,2100
5.009076,1.697252,-0.045087,-0.012887,0.009539,0.015939,-0.012166,0.056152,2,2101
-2.439487,-0.778689,-0.033945,-0.052435,0.022534,-0.045716,-0.033855,0.067156,2,2102
-1.661233,2.650481,-0.025890,-0.001568,0.018112,0.020239,-0.078281,0.013526,1,2103
0.355030,2.697511,0.027272,0.045509,-0.004203,0.003494,-0.015767,0.002414,0,2104
2.139960,5.118408,0.055541,-0.017723,0.036491,-0.065238,0.007227,0.056227,3,2105
-4.169667,2.172802,0.010103,-0.012614,0.020847,-0.011243,-0.037185,-0.000987,0,2106
-0.272164,6.685243,-0.023363,0.045179,-0.028421,-0.003148,-0.031286,-0.034781,2,2107
2.174762,-7.831077,0.006024,0.056200,-0.002161,0.030559,0.010276,-0.055234,2,2108
-0.432477,-3.493825,-0.048764,-0.002375,-0.064042,-0.022233,0.043619,-0.022353,2,2109
-4.658095,-3.427016,0.001192,-0.009127,0.010346,-0.012190,0.003243,0.006090,0,2110
-2.363794,-3.918459,-0.014752,-0.047587,0.008233,0.040739,0.071892,-0.007006,1,2111
3.211164,2.939559,0.045850,-0.083905,0.021287,0.006402,0.027584,-0.022343,3,2112
0.952269,2.420022,-0.026297,-0.051354,-0.001561,-0.044421,-0.022070,-0.023787,0,2113
4.205536,-1.968594,0.064329,-0.001211,0.001665,-0.006790,0.019295,-0.064114,2,2114
-4.220887,4.490454,-0.010087,0.027343,-0.039440,0.045848,-0.046520,0.035808,3,2115
3.169190,-2.878858,-0.053384,-0.031000,-0.023417,-0.001027,0.053311,0.033633,2,2116
-2.716814,-3.664695,-0.016160,0.005293,0.013524,-0.024769,0.022520,0.015460,1,2117
-3.578508,2.734455,0.010229,-0.011284,-0.009828,-0.015987,0.005642,-0.016266,0,2118
-3.110310,-2.895144,0.032447,0.053714,0.021474,-0.024352,-0.014993,-0.056498,1,2119
1.953185,-3.649113,-0.004201,0.010799,0.032488,-0.006191,0.005338,-0.038538,2,2120
-1.908504,-4.413933,0.008809,-0.026793,0.016817,0.001235,0.006476,0.025722,1,2121
-3.431869,-4.989753,0.033175,0.052430,-0.007537,-0.011389,0.022850,0.035492,0,2122
3.303334,2.627109,-0.004078,0.062522,0.021719,0.028470,-0.003779,-0.051232,3,2123
-3.019652,3.040641,-0.019544,0.028995,-0.025966,-0.012778,-0.000451,0.013281,0,2124
3.702495,-2.593020,-0.001041,-0.013171,0.033082,-0.001390,0.030046,-0.011388,2,2125
6.882522,0.778282,-0.003408,0.040763,-0.047625,0.037290,0.006885,-0.017001,1,2126
6.413378,-1.406199,-0.054334,-0.009069,0.023645,0.030182,-0.020214,0.018904,1,2127
-3.295261,2.850612,0.018553,0.006260,0.000581,0.014148,0.032971,-0.027683,0,2128
3.947638,-2.191566,-0.032650,-0.083153,0.007260,0.002292,0.019534,0.001269,2,2129
-2.429832,3.450291,0.025554,-0.006732,0.044753,-0.016443,0.002603,-0.006410,0,2130
-3.701088,2.553818,-0.031438,0.000398,0.022614,-0.005739,0.030552,0.031098,0,2131
-4.378226,4.175268,-0.024034,0.026799,0.049183,0.007937,-0.030857,0.003799,3,2132
-0.895825,-6.463295,0.031022,-0.034601,0.029123,0.059739,0.031241,-0.024261,0,2133
-5.128039,0.721150,0.039057,0.023161,-0.024176,-0.041482,0.045110,0.017207,3,2134
2.130517,4.314623,0.063710,-0.003496,0.001906,-0.043489,0.069855,-0.028320,3,2135
0.815089,5.417737,-0.010678,0.012949,-0.010517,0.012648,0.020364,-0.019445,3,2136
0.598562,2.972410,0.009321,-0.000710,0.003812,0.007362,-0.065625,-0.034533,1,2137
-6.979217,-1.061741,-0.032083,0.002211,0.016594,0.004572,0.001002,-0.067992,3,2138
-1.010259,-6.468196,0.002897,-0.016350,-0.015500,-0.022406,0.035067,0.034911,0,2139
-5.027529,-5.287285,-0.065889,-0.051642,-0.001873,-0.002177,0.016289,0.037161,0,2140
3.221579,-0.834126,-0.036037,0.032185,0.072038,-0.024724,0.062183,0.019739,3,2141
-1.291203,-6.428460,-0.009436,-0.023780,-0.068704,-0.004761,0.035314,-0.061910,0,2142
-1.753718,3.071502,-0.007874,-0.015766,-0.038120,-0.079728,-0.019740,-0.006738,0,2143
-3.118605,1.860661,-0.005434,0.025312,-0.052447,0.059763,-0.006534,-0.025263,1,2144
-3.741349,2.423609,-0.051601,0.039075,-0.026431,0.001233,0.043493,-0.020381,3,2145
-3.197809,2.910204,0.010175,-0.037307,0.020205,-0.018819,0.014041,-0.040170,0,2146
2.118803,4.298077,0.033334,-0.024548,-0.008490,0.003295,0.021692,0.024769,3,2147
-3.872591,0.043283,-0.027010,-0.033045,-0.017618,0.060896,0.018513,0.019346,1,2148
0.831374,5.738216,-0.004048,0.025410,0.002064,-0.001884,-0.020026,-0.030285,3,2149
2.124049,4.579525,-0.012036,-0.001595,-0.047430,0.046835,0.011377,-0.022406,3,2150
2.652849,3.862596,-0.018700,-0.057841,-0.010101,-0.001547,0.015853,0.014674,3,2151
-1.110499,-2.819688,0.010270,-0.031420,0.017935,-0.020970,0.032998,-0.008339,2,2152
-6.228419,1.834057,0.003954,0.061158,-0.008878,0.011088,-0.004948,-0.018275,3,2153
2.704087,3.614233,-0.009883,-0.000826,-0.055197,-0.016546,-0.028690,0.012976,3,2154
1.987798,-1.961087,0.028721,-0.033408,0.005519,0.055849,-0.005041,0.023293,3,2155
-1.155564,2.380852,-0.051519,0.019028,0.002869,0.029781,-0.038947,0.029333,1,2156
3.609140,1.004192,0.059299,0.005780,0.029538,0.040342,-0.002640,-0.000079,3,2157
-8.140587,-7.108816,0.042935,-0.003455,-0.030883,0.035428,0.003610,-0.050638,1,2158
-0.799633,3.075172,0.042116,-0.003033,0.070032,-0.013485,-0.000712,0.007605,0,2159
-1.755981,2.925569,0.035008,-0.031746,0.052647,-0.001893,-0.021399,-0.035858,0,2160
2.996974,-0.906048,-0.041956,-0.020359,-0.010400,-0.015641,0.028385,0.025564,3,2161
2.870010,-3.184941,-0.063849,-0.012731,-0.036869,0.038279,0.036517,-0.046943,2,2162
-1.136067,2.317493,-0.037884,-0.015032,0.048974,0.011477,-0.011591,-0.046654,1,2163
-3.399581,2.848135,0.024886,-0.020424,-0.009535,-0.030564,0.012302,0.015883,0,2164
-1.976949,2.802697,0.041264,0.004785,0.006142,-0.046486,0.008559,-0.042003,0,2165
-2.702470,-3.644197,0.058813,-0.000952,0.009559,0.025652,0.003769,-0.035899,1,2166
3.116273,3.188973,0.002389,-0.033276,0.032669,-0.023764,-0.043034,0.088367,3,2167
-4.452749,1.773484,-0.002893,0.025118,-0.014722,0.036005,-0.007658,0.028910,0,2168
2.602948,-5.221345,0.012721,0.038822,-0.059465,-0.003536,0.003774,-0.017761,1,2169
3.661288,-2.614508,-0.001769,0.012735,-0.020715,0.052682,0.033067,-0.035715,2,2170
6.070840,-8.720601,-0.051342,-0.014934,0.012311,0.034346,0.005921,0.017998,2,2171
2.594229,-1.500226,-0.048692,0.002872,-0.000060,0.013859,-0.023850,0.012899,3,2172
-2.847960,-3.542746,0.004128,0.019631,-0.052188,0.029666,0.032341,-0.032716,1,2173
-3.248108,-2.905825,-0.037961,0.003072,-0.025738,-0.051715,-0.012095,-0.006659,1,2174
-1.520461,2.408577,-0.008063,-0.011658,0.033532,-0.047005,-0.021690,0.004041,1,2175
-2.534095,2.387257,0.030895,0.040284,-0.025247,0.010229,-0.017966,0.018123,1,2176
2.560076,-3.484322,0.005692,-0.003881,0.013338,0.013636,0.007067,-0.003171,1,2177
6.675219,-0.014528,-0.019070,0.062661,-0.010629,0.014813,0.046763,0.019068,1,2178
-3.581430,-4.992084,-0.008282,0.013679,-0.061852,0.015070,0.022944,0.052772,0,2179
-4.806895,1.007746,-0.039448,-0.046875,0.047799,0.002090,0.001456,0.054744,0,2180
2.185433,-1.824877,-0.021528,0.016263,-0.043523,-0.000595,-0.005138,-0.036897,3,2181
-3.108665,-5.425667,0.009194,0.030801,-0.017428,-0.030696,-0.002397,-0.006191,1,2182
1.615031,-1.944209,-0.007740,-0.044524,-0.015048,-0.030379,0.021944,-0.018207,3,2183
1.588569,5.655032,-0.067625,0.027267,-0.043993,-0.041011,-0.015370,-0.004692,2,2184
4.348509,-1.629077,0.040323,-0.008278,0.045464,-0.022292,-0.037495,0.024294,2,2185
-2.703458,-3.666342,-0.034980,-0.023591,0.008309,0.049766,-0.002816,0.003347,1,2186
-2.959064,3.005765,-0.000308,0.014132,-0.040594,0.016702,-0.017500,0.018745,0,2187
3.494046,1.988971,-0.025966,-0.110336,-0.018297,-0.025548,-0.025029,0.003816,3,2188
3.665565,-2.545963,0.017220,-0.011019,0.044237,-0.034645,0.032772,0.074854,2,2189
0.824942,5.678283,0.012806,0.039499,0.017643,-0.031841,0.037146,0.023416,3,2190
3.240956,2.880844,-0.035948,0.010674,-0.000955,0.039442,0.025730,0.014743,3,2191
0.234913,3.180094,0.013725,0.002464,0.019106,0.008192,-0.014377,0.015808,0,2192
0.960149,-2.118571,-0.043930,0.007010,-0.009896,-0.011251,0.002155,-0.011038,3,2193
-3.833609,-0.703548,-0.001737,-0.014828,0.035260,-0.002273,-0.058025,-0.008957,1,2194
0.956174,6.506548,0.040085,-0.021261,0.014341,-0.017007,-0.010808,-0.015483,0,2195
1.850476,-1.929441,-0.004903,-0.051988,-0.038245,-0.073163,0.042954,0.030861,3,2196
-4.265872,2.037260,0.000526,-0.083481,-0.001158,-0.011696,-0.040083,-0.036012,0,2197
2.182550,1.301173,-0.050662,0.018149,-0.001839,-0.037421,-0.000430,-0.025901,0,2198
2.367095,4.066234,-0.027375,0.041067,0.010494,-0.001472,0.037348,-0.031916,3,2199
-2.527694,-3.644988,0.005265,-0.006643,0.013869,0.030631,0.011082,-0.007483,1,2200
-0.327742,6.707763,-0.023330,-0.003684,0.017815,-0.002112,0.016750,0.010836,2,2201
-0.668140,-5.076386,-0.018659,-0.004072,-0.000198,0.000112,-0.023229,0.013601,2,2202
3.654042,-2.688452,-0.008395,0.022821,0.005124,-0.007434,-0.027371,-0.020311,2,2203
-0.953792,-4.681916,-0.040992,-0.007217,-0.031820,-0.015931,0.002558,-0.013151,1,2204
3.681046,1.077301,0.012651,-0.007324,0.039983,-0.004754,-0.013374,-0.030757,3,2205
1.318924,-5.255156,-0.012243,0.029676,0.055938,0.003850,-0.018536,0.035846,2,2206
-1.651946,-4.487551,-0.013728,0.015266,-0.008030,0.034839,0.042399,0.023268,1,2207
2.868336,3.521125,0.006030,0.040540,-0.023698,0.034069,0.036382,-0.028669,3,2208
-2.273800,-4.031372,0.017190,0.027623,-0.044957,-0.065758,-0.038803,0.011275,1,2209
1.561124,-2.025139,0.037031,0.007288,-0.026306,-0.003265,-0.006959,-0.004900,3,2210
-1.697749,-4.427365,-0.029020,0.013279,0.019619,0.005952,-0.006030,-0.070779,1,2211
1.484011,-3.723984,-0.004064,-0.023912,0.026370,0.004825,0.004783,0.029985,2,2212
3.852327,0.315019,-0.025775,0.013090,0.014154,-0.031125,0.008752,0.004850,3,2213
-7.307114,8.844210,0.011181,0.030850,-0.008636,0.011034,-0.040523,-0.008185,0,2214
4.898503,1.047729,0.002284,-0.000322,-0.042179,-0.011049,0.011928,-0.010535,2,2215
-2.934079,-3.476964,0.080369,-0.023725,0.065710,0.036816,0.006480,0.028350,1,2216
-6.337307,1.743031,0.012315,-0.021506,-0.034143,0.033347,-0.067563,-0.001178,3,2217
1.859621,5.560528,0.000986,-0.006266,0.042817,0.046437,0.029865,-0.036881,3,2218
4.832445,1.388632,-0.033199,-0.005113,0.042098,-0.022789,-0.020871,0.028270,1,2219
0.857361,5.507494,-0.006527,-0.012530,-0.042153,0.006713,-0.014417,-0.033548,3,2220
6.740499,1.336707,-0.019555,0.009271,0.021385,-0.096671,0.015701,-0.018937,1,2221
4.404313,-1.745760,-0.006811,0.000903,-0.050565,-0.056775,-0.048982,0.030728,2,2222
-1.515469,2.634590,-0.009152,0.038734,-0.008056,-0.009665,0.022086,0.003211,2,2223
2.039165,5.383192,-0.081524,0.019212,-0.009374,0.030710,0.013125,0.008149,2,2224
-3.311035,6.220477,-0.036154,0.015296,0.000530,0.005249,0.007849,-0.064997,0,2225
-1.555924,2.263994,-0.060853,0.040297,-0.017647,-0.086327,-0.012491,0.005377,1,2226
3.042563,3.024059,-0.035544,-0.006044,-0.010649,0.013980,0.002298,0.009562,3,2227
2.741247,-1.462804,0.016583,0.011685,-0.061842,0.068253,0.016607,-0.009330,3,2228
4.243162,-2.614191,-0.003400,0.020440,0.000222,-0.009498,-0.032857,-0.000204,2,2229
-4.524459,4.280205,0.012406,0.024995,-0.037398,-0.002077,0.027263,-0.027219,3,2230
-1.755282,-4.464592,0.007480,-0.000113,0.031579,0.005205,-0.038892,-0.006326,1,2231
0.605411,3.009897,0.038304,0.030034,-0.013312,0.021445,0.026818,0.007822,0,2232
6.588675,-0.887236,0.023197,-0.007875,-0.038522,-0.027785,0.046457,0.018472,1,2233
-3.513801,1.698419,0.063547,-0.014505,-0.040502,-0.021000,-0.033647,-0.016744,1,2234
5.029288,0.804148,-0.026062,-0.016148,0.002826,0.024458,-0.033370,0.002665,2,2235
-6.905246,-0.327588,0.001745,0.060110,0.071060,0.000582,0.012057,-0.011230,1,2236
2.221611,4.017359,0.075648,-0.054962,-0.042161,-0.011311,-0.035699,-0.043280,1,2237
-5.994150,2.622282,-0.051343,0.029791,0.011352,-0.006126,-0.021858,0.051750,3,2238
-2.276460,-4.010105,0.032386,0.008413,-0.000010,0.002183,0.029197,-0.028459,1,2239
-2.909729,3.187709,-0.010316,-0.056257,-0.029055,0.035052,-0.084428,-0.039767,0,2240
-3.380795,2.752539,0.026142,0.026880,-0.002468,-0.013554,0.013081,0.004269,0,2241
0.007149,3.144734,0.018376,0.007910,0.018825,-0.019365,-0.028488,-0.022000,0,2242
-3.031141,-3.107783,0.033899,0.051361,-0.014967,-0.036726,0.057225,-0.011183,1,2243
5.363279,-6.744853,-0.032729,0.007310,0.007635,-0.012022,-0.023977,0.014458,3,2244
3.358601,2.733464,-0.001327,-0.014449,0.029321,0.021505,0.008948,0.088062,3,2245
2.324537,5.457121,-0.024860,0.004232,-0.021445,-0.027235,0.000709,-0.004178,0,2246
-3.335388,-5.260436,-0.020634,-0.024462,0.050329,0.034098,-0.005962,0.023089,0,2247
-2.974104,-3.346052,-0.000120,-0.035023,-0.006307,0.007309,-0.012183,-0.029056,1,2248
-5.022469,-1.867593,0.006100,-0.026217,-0.005269,-0.035731,-0.032703,0.000807,0,2249
8.820875,1.470413,0.006653,0.024472,0.050850,0.047314,0.063048,-0.018063,1,2250
0.984273,5.562342,-0.034467,-0.005978,0.036341,-0.040711,-0.014011,0.023320,1,2251
-5.133574,-1.586202,0.067889,-0.006379,-0.006355,0.004443,0.035870,-0.044392,0,2252
-1.982545,-4.311488,0.001051,-0.010139,-0.012668,0.004240,0.053815,0.063010,1,2253
-1.046195,6.834872,-0.016238,-0.001235,-0.041650,-0.004876,-0.012129,0.019385,2,2254
-1.939677,5.739870,0.019670,-0.001315,0.008446,-0.010531,0.055951,-0.008639,3,2255
3.580431,-2.589134,0.086104,-0.019649,-0.044779,0.004539,-0.024250,0.026879,0,2256
4.730971,-1.034020,0.031068,-0.013311,0.031345,0.002853,0.018018,0.016283,2,2257
1.913504,-0.070355,0.001458,0.027646,0.023353,0.033052,-0.005838,0.006077,2,2258
-3.068633,3.090921,0.007986,-0.028239,-0.007722,-0.009035,-0.019716,0.036599,0,2259
-3.254038,2.936169,-0.056604,0.034443,0.007934,0.030903,-0.015868,-0.054969,0,2260
-2.875885,3.240464,-0.062149,0.009627,0.010929,0.006824,0.009064,-0.025017,0,2261
-3.273119,2.906950,0.025796,0.004376,-0.029956,0.002900,0.056421,0.044663,0,2262
5.046940,-7.548691,0.017612,-0.096007,0.043021,-0.030377,0.011302,0.022731,2,2263
-1.320428,-2.948873,0.002662,0.007959,0.021236,-0.020602,0.021633,0.024997,2,2264
2.478441,3.892892,-0.025182,0.014549,-0.012128,0.041964,0.030685,0.046575,3,2265
1.855403,-3.567741,-0.051810,-0.023841,-0.031699,-0.001757,-0.016443,0.013699,2,2266
4.983687,0.160488,-0.016504,0.002892,-0.007892,-0.024741,-0.035474,-0.034881,2,2267
3.671394,0.387049,-0.011611,-0.007302,-0.016307,-0.065786,-0.009126,-0.072421,2,2268
3.433100,2.123830,-0.008353,-0.008160,-0.025163,0.046378,-0.003455,0.007133,3,2269
1.229039,-2.055390,-0.018467,0.022505,-0.032390,0.032964,0.017231,0.015796,3,2270
-0.614230,3.111908,-0.038611,-0.021387,0.039994,0.001081,0.021478,0.033838,0,2271
2.093814,5.083649,-0.005116,0.019163,-0.010128,0.043712,0.030904,-0.036732,3,2272
6.762040,0.753019,-0.014964,-0.042945,-0.059516,0.055668,0.022806,0.023085,1,2273
3.187114,-4.655551,0.047532,0.036108,0.029157,0.008803,-0.025909,-0.018583,1,2274
-5.285425,-1.121726,-0.014503,-0.043096,-0.049803,-0.019314,0.006291,0.003783,0,2275
3.012572,3.148532,0.016506,0.010511,-0.028889,0.013770,-0.037930,0.036254,3,2276
-4.535885,1.549895,0.011490,-0.000133,0.036151,0.011426,0.028127,0.056245,0,2277
-2.213202,-4.117353,0.002427,0.006126,-0.007161,-0.040580,0.032644,-0.016691,1,2278
-0.284504,6.792916,0.013981,-0.004175,-0.010900,0.022341,-0.060121,0.031606,2,2279
-2.385232,-5.918921,0.044641,0.033456,0.006631,0.048043,-0.022025,0.018221,3,2280
-2.205013,-0.506349,0.047998,-0.046452,-0.040326,0.010831,0.015615,-0.011984,2,2281
-1.879215,2.912174,0.007648,0.014233,-0.032135,-0.083058,-0.038638,-0.003571,1,2282
-1.511004,-6.280294,-0.032791,0.013061,-0.009780,-0.024897,0.001896,0.008297,0,2283
0.852291,6.507823,0.029482,0.078212,-0.002004,-0.038698,0.023091,-0.003372,2,2284
1.876988,6.036448,-0.002971,-0.003468,0.005349,0.028011,-0.002901,-0.005052,2,2285
3.462945,-0.195494,0.008236,-0.014398,-0.043454,-0.019368,0.006514,0.003134,3,2286
-1.510568,-2.611209,0.024939,-0.011354,-0.002854,-0.020537,0.028197,0.053442,2,2287
3.509955,0.139495,-0.034965,-0.046497,-0.061752,0.026546,-0.052956,0.050672,3,2288
-3.588017,-4.607744,-0.017940,0.003189,0.025932,-0.020571,-0.015813,-0.054156,0,2289
2.111797,4.399536,-0.008369,0.005244,-0.011980,0.041385,0.004270,0.000535,3,2290
-2.170118,4.382648,0.074417,-0.011111,0.001570,-0.025446,-0.008136,-0.052856,3,2291
-5.340249,-0.077899,0.038821,0.006589,-0.015613,-0.055194,0.026633,0.032189,0,2292
-7.870014,8.938539,0.014936,0.001200,0.000592,-0.014165,0.025657,-0.001014,3,2293
3.415726,1.084350,-0.006511,-0.006072,0.006599,-0.032302,0.057416,-0.032735,3,2294
-2.077820,-4.280169,-0.051734,0.004534,-0.035104,-0.012680,-0.000059,0.013847,1,2295
-2.338667,3.155986,0.016398,-0.023477,-0.050394,-0.051208,-0.000142,0.040544,0,2296
1.576810,-3.745504,-0.025413,0.033040,0.003945,0.044427,-0.001521,-0.005923,2,2297
1.681851,5.553376,-0.020956,-0.024020,-0.023275,-0.040083,-0.007166,0.043746,2,2298
-3.573919,-2.225428,0.023933,0.006374,-0.018330,-0.015917,0.017284,0.000692,0,2299
4.333714,-1.599420,-0.044201,-0.039635,-0.019383,0.034320,-0.044671,0.020481,2,2300
1.094885,5.375703,0.029689,-0.003824,-0.046207,-0.042882,-0.002004,-0.015054,3,2301
-0.762721,-3.084646,-0.042820,0.025821,-0.045369,0.002877,0.008756,-0.001396,2,2302
-7.231954,8.278922,-0.012818,0.002826,-0.014933,0.020717,0.002508,-0.043963,0,2303
3.472551,-2.785639,0.000583,0.010150,0.001174,0.012390,-0.026197,-0.029018,2,2304
-0.137380,-3.564606,-0.055966,0.007931,-0.041625,0.028061,-0.047513,-0.025754,2,2305
2.531196,3.685418,0.002030,-0.027172,-0.017227,-0.023113,0.029803,0.010436,1,2306
-0.626051,3.254358,-0.012419,0.040713,-0.001103,-0.002887,0.022905,-0.004166,1,2307
-2.338279,-1.327619,-0.069468,0.022180,-0.028849,-0.032105,-0.001774,-0.007061,0,2308
-2.175643,2.899710,-0.024586,-0.044591,-0.065215,-0.038667,-0.030499,-0.021839,2,2309
-1.721247,-2.291214,0.016068,-0.033867,-0.025361,-0.019622,-0.014717,-0.011645,2,2310
6.549441,-0.147869,-0.002034,0.017262,0.021297,0.000793,0.029929,0.062826,1,2311
3.114069,-0.978001,-0.003665,-0.015569,-0.022973,-0.011128,-0.004187,0.021252,3,2312
-3.812266,-0.196042,0.069394,-0.021745,0.030289,-0.016763,-0.015482,-0.040626,1,2313
-2.203396,2.890408,0.014291,0.024784,-0.050521,-0.073300,0.035601,-0.014162,0,2314
2.046926,4.742894,0.032954,0.027196,0.000293,-0.006264,0.020777,-0.000301,3,2315
-2.210840,-1.434550,-0.020868,-0.058339,-0.005430,-0.006618,-0.017032,0.069414,2,2316
3.631214,-2.765536,0.002254,-0.005078,0.046433,-0.032892,0.003160,-0.002533,2,2317
-3.303017,-2.994976,-0.013773,-0.067056,0.008716,-0.049608,-0.028006,-0.061697,1,2318
0.959261,-5.206835,0.001501,0.027027,0.026934,-0.013310,0.003640,-0.008885,1,2319
3.354709,-0.612321,-0.001409,-0.024426,-0.009090,0.037077,0.020139,0.032608,3,2320
1.469352,6.265928,-0.045908,-0.015009,-0.007517,-0.036784,0.006867,-0.003898,3,2321
6.388974,-1.119765,-0.018587,-0.003748,0.011577,0.005569,0.006399,-0.008920,1,2322
-6.689013,0.456317,0.012089,-0.067449,-0.026684,-0.054232,0.004214,-0.013536,3,2323
-0.436300,2.140008,-0.042027,0.000977,0.000192,-0.036698,-0.031197,-0.004019,1,2324
-4.404181,1.728480,0.042618,-0.048691,0.005356,0.003423,0.008176,-0.025165,0,2325
1.342490,-2.108016,-0.006162,0.021838,0.012012,-0.043705,-0.007971,0.086716,3,2326
-0.149471,-3.421998,-0.029652,0.057701,-0.008971,-0.000489,0.047271,-0.026582,2,2327
3.518916,-4.782334,0.007247,0.001220,0.018030,0.013875,0.000084,0.017216,1,2328
1.962441,4.589188,-0.042993,-0.020001,0.028324,0.009243,-0.048657,0.000131,3,2329
-2.747645,-3.560686,0.006658,0.049100,0.036531,0.016870,0.003728,0.017459,1,2330
-1.767293,5.566121,0.035861,0.003764,-0.004546,-0.022260,-0.013089,0.045381,3,2331
2.906874,3.349045,0.026726,-0.038806,0.017453,0.003550,-0.016707,0.008191,0,2332
-2.673707,5.237412,0.006039,-0.045558,-0.030158,0.023222,-0.002306,-0.007402,3,2333
-3.798175,2.432173,-0.039441,0.010936,0.012469,0.028613,-0.008074,-0.003687,0,2334
1.250976,-3.707690,0.026443,-0.062931,0.039453,0.009590,-0.076796,0.006071,3,2335
3.567362,3.692676,0.048981,-0.080718,0.018273,0.015969,-0.021614,0.045677,2,2336
-3.458489,2.742447,0.034584,-0.090095,-0.004746,-0.018568,0.021412,-0.026925,0,2337
-3.429452,2.820928,-0.042658,0.034546,0.001998,-0.037026,-0.014423,0.007921,0,2338
3.459117,0.244297,-0.050339,-0.014982,0.071663,0.009624,0.012128,0.000021,3,2339
-5.068703,-1.996163,0.002266,0.027279,-0.053912,-0.014063,0.003451,-0.022979,0,2340
-0.484991,-6.771408,-0.032629,-0.030470,-0.003366,0.037864,-0.046256,0.018791,0,2341
-2.605429,3.286448,0.014805,-0.015815,-0.004626,-0.014316,-0.005716,-0.034881,0,2342
1.824326,2.098689,0.032599,0.043606,0.014048,0.010696,-0.025482,0.046342,0,2343
-0.779080,-3.277221,0.018850,-0.059946,0.001649,-0.030943,0.051544,-0.022692,2,2344
-3.511009,2.637842,-0.044614,0.004350,-0.005297,-0.041368,-0.014687,0.009112,0,2345
-4.505371,1.745597,0.002512,0.056518,-0.056083,-0.048121,0.000471,-0.040960,0,2346
0.156175,3.085318,0.000774,0.051097,0.053677,0.038406,0.040250,0.004844,0,2347
-2.123960,-1.709715,0.009045,0.044664,-0.006682,0.031031,0.047533,0.002909,2,2348
-1.991855,0.057142,0.001190,0.018939,0.033252,0.018771,-0.017501,0.033408,2,2349
3.275766,-4.830131,0.034796,0.036909,0.007589,0.001098,0.015267,-0.008831,1,2350
3.873950,-2.366181,-0.011575,-0.002546,-0.018347,0.036605,-0.058743,-0.003278,2,2351
4.858776,1.556652,-0.013106,-0.016973,-0.065365,-0.027566,-0.057768,-0.101440,2,2352
-2.197301,-0.874467,-0.027903,-0.025836,-0.043591,0.051443,-0.005265,0.016585,2,2353
-3.040043,-3.107947,-0.043177,0.006065,0.008941,-0.060039,0.007106,-0.023258,1,2354
-3.243126,-2.927212,0.009674,0.014663,-0.024970,-0.057555,-0.005365,0.010374,1,2355
-4.433947,1.721938,-0.024924,-0.022303,0.007222,-0.020881,0.034677,0.045488,0,2356
1.933779,2.948178,-0.009347,0.027757,-0.011431,-0.013326,0.016522,0.004001,1,2357
1.587017,2.232648,0.009141,0.023331,0.011298,-0.019994,-0.029491,0.015523,0,2358
-2.108712,5.642776,0.009815,-0.002661,0.041142,-0.005301,0.006421,0.044931,3,2359
-2.234051,5.552570,-0.025108,-0.023572,-0.016271,0.027634,0.026743,0.005828,3,2360
-2.847611,3.091485,-0.002013,0.029856,0.038444,0.003464,-0.026639,0.066781,0,2361
-4.242423,1.968454,0.015956,-0.047070,-0.065312,-0.015249,-0.010878,0.017346,0,2362
5.609958,-2.790549,0.045608,-0.038220,0.030378,0.003388,-0.004192,-0.007627,1,2363
-3.281225,-5.047613,0.059714,0.038355,0.013704,0.007994,-0.025846,0.011324,0,2364
3.249420,2.780901,-0.022526,-0.030618,0.015465,-0.007740,0.048459,-0.033923,3,2365
-1.554986,2.346184,-0.033444,0.055230,-0.021850,0.005324,-0.057962,-0.036527,1,2366
0.378447,-2.013926,0.001691,-0.020084,-0.011728,0.030160,0.000070,0.001544,3,2367
6.117819,-1.553650,0.004153,-0.033424,-0.024122,-0.047770,0.026379,0.010848,1,2368
2.935044,3.333025,0.007548,-0.032783,0.005321,0.004331,-0.023593,-0.053918,3,2369
3.173872,4.320952,0.005043,0.004040,0.022610,0.053978,-0.052923,0.008141,2,2370
-2.159909,-1.306292,-0.000853,0.011268,0.026934,-0.030672,-0.015856,-0.015681,2,2371
-3.729665,2.516177,0.017457,-0.015615,0.012957,-0.071774,0.003770,-0.021936,0,2372
-4.654891,1.234203,0.005577,-0.015191,-0.005117,0.016256,-0.011562,-0.005724,0,2373
-3.853221,2.455173,-0.002029,0.002521,0.013061,0.002688,0.021950,-0.057977,0,2374
2.210488,-3.457076,0.022982,0.048405,0.024323,-0.010230,0.009743,0.048666,2,2375
1.823469,5.616778,0.011767,0.027532,0.036000,-0.015749,0.042066,0.030166,2,2376
-1.627194,2.509298,-0.030381,-0.019453,0.005632,-0.036416,-0.054814,0.041960,1,2377
2.218508,4.591680,0.021305,-0.032129,-0.024599,0.015611,-0.026111,-0.037680,2,2378
1.877306,3.818485,-0.020300,-0.008919,-0.009641,0.042294,-0.017480,-0.003614,2,2379
-2.348680,-4.146649,-0.001090,0.020396,0.001682,-0.009977,0.011156,0.026261,1,2380
1.819116,-1.910470,-0.021635,0.024360,-0.004480,-0.035764,0.022743,-0.027293,1,2381
3.033854,3.147616,0.010045,-0.001686,-0.000201,-0.046537,-0.017449,-0.010376,3,2382
4.928556,-2.816004,-0.056222,-0.035801,0.054688,0.006662,0.027367,0.019345,2,2383
3.999723,3.451981,-0.011977,0.035831,-0.076555,-0.027846,-0.030463,-0.016094,2,2384
2.122952,2.119104,0.043203,-0.015948,0.010350,-0.017727,-0.057804,-0.024726,0,2385
0.235063,-3.549671,-0.035665,-0.011797,-0.010473,-0.023992,-0.004817,0.008142,0,2386
2.514751,2.491612,0.027497,0.018775,0.042851,-0.000805,-0.018728,-0.002775,0,2387
2.354936,4.006101,0.010969,-0.025490,-0.026477,0.058340,0.025164,-0.042936,3,2388
-4.675259,-3.358353,-0.053850,-0.023299,0.008474,0.018365,-0.011752,-0.010648,0,2389
2.741780,-3.274985,0.021634,-0.031426,0.042407,-0.045389,0.019032,-0.023602,2,2390
1.432775,-2.206493,0.034756,-0.004201,-0.000523,-0.002712,-0.040979,0.002787,1,2391
2.031696,4.659848,0.037552,0.027661,0.051794,0.048439,0.003321,-0.012704,3,2392
2.547371,-3.078625,0.001685,0.027954,-0.014120,0.039705,0.008450,0.020749,2,2393
-5.014585,-2.967817,0.014240,-0.021648,0.031710,0.031296,0.014524,0.042883,0,2394
-1.300332,2.601690,-0.003274,0.012914,-0.025916,-0.011935,-0.016248,0.024415,1,2395
-4.293578,2.043361,0.057672,0.040707,-0.006223,0.003987,0.016896,0.033740,0,2396
5.947467,-2.208726,0.027448,0.017934,-0.019811,-0.019956,-0.043084,0.027078,1,2397
-3.874165,4.497574,0.007942,0.057390,0.056168,-0.028344,0.042632,0.004538,3,2398
-3.405113,-2.666774,0.029651,0.034943,-0.020878,-0.006656,0.009761,-0.009643,1,2399
2.778084,3.593549,0.023445,-0.002130,-0.015922,-0.003765,-0.027833,-0.023754,3,2400
-3.456250,5.154516,0.022385,0.052001,-0.021706,-0.026958,-0.020965,-0.005415,3,2401
1.244375,-6.661518,0.005946,0.008117,0.021871,0.026823,0.012026,-0.004912,3,2402
-3.415715,2.779961,0.040327,-0.025121,0.001158,-0.016302,-0.018542,0.015209,0,2403
1.865196,5.371264,0.004795,-0.010197,-0.005147,0.007558,-0.048447,-0.034551,2,2404
3.169517,-1.021788,-0.017114,0.031273,0.009060,0.036283,0.044224,-0.016436,3,2405
-3.793908,-4.958947,-0.013303,0.020714,-0.001849,0.006991,0.055738,0.025222,0,2406
-0.937056,5.637658,0.095447,0.002897,-0.058424,-0.014416,-0.035390,0.014986,3,2407
-0.233421,-3.527407,-0.016661,-0.020973,-0.015184,0.035478,0.023706,-0.003744,2,2408
2.522173,3.787958,-0.008823,-0.000690,0.025079,-0.051982,-0.006901,0.026769,3,2409
2.257854,1.100480,-0.025830,-0.056485,-0.017410,0.002949,0.012568,-0.043402,0,2410
2.957906,-3.167656,-0.040271,-0.001654,-0.002553,0.002404,0.016301,0.041657,2,2411
-0.637456,2.286700,0.034007,0.070349,0.011682,-0.023359,-0.037226,-0.058520,1,2412
4.575633,-1.198445,0.055334,0.066955,0.024193,0.023071,-0.016065,0.027170,2,2413
4.147449,-2.164733,0.015244,0.055132,0.041775,-0.003366,0.005173,0.044562,2,2414
-2.773897,-3.699532,0.034053,-0.014928,0.016341,0.010656,0.006736,-0.004288,1,2415
-2.384789,-8.189191,0.015726,0.028416,-0.061279,-0.023100,-0.008006,-0.079632,3,2416
6.714226,-0.564344,-0.012072,-0.048506,0.022051,-0.030281,-0.031478,-0.013048,3,2417
-3.792611,-1.420553,0.041453,0.035695,-0.003555,-0.035152,-0.014433,-0.024889,2,2418
6.334548,-1.435536,0.019532,0.032874,-0.001387,-0.050279,0.001900,-0.031882,1,2419
-5.945356,2.896493,-0.003214,-0.008055,-0.009663,-0.010464,-0.004457,0.028673,1,2420
4.334232,-1.615476,0.017114,0.019868,0.024933,0.047488,0.000672,0.017717,2,2421
-1.330151,-4.665550,0.032197,0.033462,0.026312,0.023975,-0.055687,-0.017196,1,2422
-1.645039,2.977129,-0.019223,0.011009,-0.044156,-0.007912,-0.036708,0.006233,3,2423
0.596054,2.895227,-0.000672,-0.031927,0.045568,0.008929,0.033443,-0.018838,0,2424
-1.362144,-2.798134,-0.026803,0.007187,-0.026770,-0.017121,0.056101,-0.009180,2,2425
-2.189736,-1.623857,-0.065644,0.043206,-0.052386,0.027219,-0.015345,-0.010159,2,2426
6.624557,-1.427277,-0.026334,-0.028028,-0.044108,0.042746,0.003403,-0.006582,2,2427
-1.838575,-4.363096,-0.013515,-0.017855,-0.036743,0.002879,0.028197,0.021776,0,2428
4.812799,-0.415675,0.026208,-0.004621,0.041332,0.011817,-0.049464,-0.006538,2,2429
-0.858912,5.840963,0.029474,-0.025065,-0.008950,-0.036554,0.008297,0.085989,3,2430
6.275096,-1.246112,0.010904,0.000707,0.026663,-0.018245,-0.020302,-0.019718,1,2431
6.387991,-1.605587,-0.019535,-0.024929,0.007901,-0.011146,-0.002649,-0.008750,1,2432
-2.958933,3.038233,0.011589,0.046120,-0.008584,0.002136,-0.007917,0.065724,0,2433
4.297994,-1.684110,0.022815,-0.000989,-0.056968,0.063728,0.005988,-0.042472,2,2434
0.464660,-0.191182,0.054891,0.048508,0.011420,-0.020808,-0.030522,-0.056292,1,2435
-3.363678,2.805982,-0.004465,0.017473,-0.081597,0.011543,-0.005325,0.022740,0,2436
-2.557096,3.163204,0.023913,-0.010231,-0.011567,-0.061450,-0.022193,0.007400,0,2437
-3.756398,-2.070139,-0.093044,0.000734,-0.028469,0.035224,-0.008644,0.012766,3,2438
2.822531,3.420902,-0.040436,0.046305,0.016403,-0.025760,0.041846,0.025320,3,2439
3.123938,3.007093,0.046764,0.002432,0.014441,0.018688,-0.011427,0.002502,3,2440
5.418001,-5.910952,-0.008813,0.055689,-0.062670,-0.020792,-0.016846,-0.050899,0,2441
-4.611107,1.269590,-0.019711,-0.048559,0.005203,-0.028323,-0.000492,0.016612,0,2442
-4.173278,1.968172,-0.040581,0.033436,-0.014063,0.019124,0.018255,-0.013191,0,2443
-3.463826,1.504959,0.006334,-0.016740,-0.038415,0.050391,0.017566,-0.002540,1,2444
3.483373,2.412512,0.021258,-0.032701,0.005263,-0.009182,-0.044199,-0.020988,0,2445
1.217981,2.679412,-0.012493,0.067666,0.036327,0.032352,-0.029872,0.036967,3,2446
-1.117974,2.171084,-0.019265,-0.001708,-0.071355,0.003406,0.002117,0.002121,1,2447
2.569075,3.822972,0.051343,-0.064329,-0.021194,0.025512,-0.033737,-0.011929,3,2448
-1.301968,5.843641,0.004437,0.028473,0.025161,0.008485,0.010712,0.003328,3,2449
-2.621891,-3.693581,-0.005661,0.002478,-0.002203,-0.030053,0.015930,0.005508,1,2450
-5.004424,3.580234,0.022701,0.019689,-0.017702,0.000029,0.045586,0.031898,2,2451
-2.056344,-1.265430,-0.041776,0.022912,0.001538,-0.038533,-0.013751,0.017741,0,2452
3.345685,2.645209,0.017122,-0.008884,0.024497,-0.003047,-0.004212,-0.015771,3,2453
1.895907,4.513777,0.030762,0.032946,-0.049310,0.004917,0.022203,-0.030819,3,2454
-0.527892,-3.492959,-0.014654,-0.007586,0.041083,-0.013126,0.008706,-0.051264,2,2455
0.225489,2.892561,0.000696,0.020717,0.017344,0.038109,-0.004309,-0.061824,0,2456
-3.885929,2.234615,0.023516,-0.042245,-0.017571,0.029886,0.022907,-0.000712,0,2457
4.459496,-4.049999,-0.044636,-0.002223,0.007720,-0.004526,-0.015988,0.022596,1,2458
0.091122,-1.754308,0.029429,0.016847,-0.051834,0.001129,-0.022387,-0.035059,3,2459
-3.490513,2.815578,0.016651,0.039536,0.032223,-0.045361,0.008763,-0.035943,0,2460
-5.158397,-1.456030,-0.003085,-0.003017,-0.030444,-0.020113,0.044748,0.003983,3,2461
-5.962393,2.774739,-0.038067,0.018931,-0.073464,0.036431,-0.029370,-0.016635,3,2462
-6.717097,-1.454380,0.028216,-0.033631,0.030507,-0.005785,-0.031334,0.009430,3,2463
3.090617,-0.908492,0.013661,0.021219,0.012549,-0.019690,-0.011883,-0.032117,3,2464
-2.096925,2.878286,0.046449,0.025942,-0.001255,0.020498,-0.004982,0.053269,0,2465
0.031986,-5.362663,-0.001018,0.043749,-0.026868,-0.056924,0.013731,0.006380,1,2466
-0.590465,2.071063,0.028383,-0.001629,-0.016767,0.015696,-0.024810,0.054919,1,2467
-2.327227,-4.088438,0.007476,0.023816,0.009897,-0.049126,-0.018648,-0.037748,1,2468
-2.604913,5.551922,-0.004723,-0.013961,-0.022567,-0.005170,0.003257,0.000975,3,2469
0.545385,-5.313117,-0.009855,-0.004256,-0.009838,0.012257,0.052814,-0.013573,1,2470
-5.633128,3.867630,-0.000446,0.004982,0.014260,-0.012418,0.005092,0.018962,1,2471
6.169931,-2.001248,-0.051860,-0.016899,0.011652,0.028693,-0.076318,0.024210,1,2472
-5.234552,0.748967,-0.018577,0.013761,0.024666,-0.011560,0.028014,0.041196,0,2473
2.771828,-3.116092,-0.005532,-0.061270,0.028954,0.040252,0.036670,0.044153,2,2474
-3.056170,-0.104433,-0.030889,-0.039594,-0.004505,0.037099,-0.048364,0.064377,1,2475
-0.150585,3.962464,-0.021036,0.023149,-0.012738,-0.023753,0.025358,0.006951,2,2476
1.983347,5.491946,0.026584,-0.014913,0.061228,0.007086,-0.003218,-0.049953,0,2477
2.265517,4.140950,-0.000097,-0.003103,0.009290,0.027033,-0.008339,0.005322,3,2478
1.492876,6.104973,0.042947,-0.069058,-0.004543,-0.000304,-0.013093,0.004161,0,2479
-3.247234,3.012431,0.004476,0.007604,0.006436,0.072775,-0.041980,0.026692,0,2480
8.186456,-6.397414,-0.012368,0.014491,-0.007914,-0.040564,-0.047720,0.018601,1,2481
2.072047,4.737329,-0.011358,0.047831,0.004675,-0.070034,-0.023931,-0.000649,3,2482
-2.606134,-3.780267,-0.018518,0.026773,0.005912,0.027251,0.009126,0.022571,1,2483
3.604608,-2.655353,-0.018875,0.052196,-0.036137,-0.035036,-0.029659,0.007297,2,2484
-0.996108,6.240323,-0.048326,0.032223,0.022475,0.032681,0.003186,0.020488,2,2485
6.769114,0.458112,0.028991,-0.073624,-0.000990,0.006006,0.030812,0.045104,1,2486
0.493303,-2.246503,0.007136,-0.030368,0.030352,0.002837,-0.003488,-0.045209,3,2487
1.958812,0.181803,0.021490,-0.006591,0.027887,-0.034305,0.011615,-0.011800,0,2488
0.332678,-3.746768,0.016726,-0.011318,0.003163,0.005387,-0.000216,-0.022737,2,2489
3.878343,-4.268230,0.016443,0.018979,-0.002451,-0.039990,0.026467,0.056380,1,2490
1.890900,5.760011,-0.046768,0.016424,0.029473,0.061062,-0.039349,-0.000772,2,2491
3.965037,-2.351215,-0.007639,-0.009104,0.030750,-0.062615,0.036955,-0.025628,2,2492
-4.234059,2.096091,-0.013817,0.010857,0.011445,0.006736,0.035938,-0.032158,0,2493
1.874401,5.487374,0.030840,0.001222,0.014425,0.043424,-0.015998,0.009571,2,2494
-1.711943,7.297226,-0.064880,0.003712,-0.005332,-0.006310,-0.030468,0.009816,0,2495
-3.773907,2.549562,0.027495,-0.041043,0.029151,-0.010514,-0.022066,-0.007559,0,2496
-5.180526,-1.937943,0.019469,0.007266,-0.030706,-0.057111,0.021154,0.011472,0,2497
2.021826,4.567832,-0.004823,-0.004169,0.013158,-0.005688,0.027882,0.000450,3,2498
-4.312622,1.828786,-0.019742,0.045491,-0.001967,-0.008441,-0.001360,0.048018,0,2499
-3.460405,-5.238241,0.066512,0.018567,-0.030979,0.007236,-0.012629,-0.009169,0,2500
5.932805,-2.097427,0.004494,-0.022295,0.014731,-0.016445,0.019282,-0.001153,0,2501
2.833758,-3.233361,-0.001323,0.015566,-0.026510,0.026377,0.020766,0.021935,2,2502
-3.536550,2.716873,0.007747,0.011708,0.041376,-0.029775,0.001958,-0.008438,0,2503
3.647871,1.268334,-0.010200,0.050245,-0.044145,0.000413,0.039312,0.040515,3,2504
1.022716,6.271657,0.026098,0.047229,0.048187,0.033058,0.000090,-0.016996,2,2505
-1.159769,1.022361,-0.061885,-0.008732,0.007013,-0.052823,0.004136,-0.003369,3,2506
-0.555102,-5.095169,-0.002315,0.021775,-0.014702,0.018969,0.052066,-0.011661,1,2507
1.907843,4.880375,0.035596,-0.029384,-0.020399,-0.038423,-0.039752,-0.026940,0,2508
4.929474,0.072120,-0.028242,0.002741,0.010885,-0.009054,0.001519,-0.007708,2,2509
-6.803368,0.594375,-0.004632,-0.016867,0.017791,-0.000584,0.012714,-0.001553,3,2510
1.936866,5.700498,0.069426,-0.022215,0.050287,-0.004962,0.024368,-0.104933,2,2511
3.585336,-2.696784,-0.020167,0.051288,-0.034448,0.028769,0.057273,-0.022491,2,2512
-1.447950,2.373177,0.003413,0.006015,0.021116,-0.033185,-0.014662,0.002780,1,2513
-4.136486,2.086136,0.031150,0.004103,-0.017090,-0.019424,0.007528,0.003136,0,2514
0.965125,-3.766500,-0.035865,0.071898,0.031701,0.036705,-0.000848,0.000629,3,2515
0.954234,-3.597440,-0.013492,0.055169,0.027091,-0.000649,0.048989,-0.018908,2,2516
-3.789311,-1.325848,-0.014322,0.050051,0.020152,-0.012394,0.067165,0.030853,1,2517
-1.198287,3.711239,-0.014818,0.001233,0.027189,0.065226,0.028057,0.004619,3,2518
-3.343676,-3.040698,0.014623,-0.045399,-0.007304,-0.020133,0.024394,0.037553,0,2519
-2.265242,-0.407221,-0.028477,-0.061469,-0.018679,-0.054197,-0.036548,0.005986,2,2520
-4.067622,2.231727,0.013042,0.003605,-0.040056,0.009982,-0.004593,0.003765,0,2521
0.784823,-2.156616,-0.027322,-0.017206,-0.007592,0.000817,0.013104,0.009019,2,2522
-2.839924,3.076232,-0.049592,0.006581,-0.021413,0.037164,-0.004491,0.000485,1,2523
4.179896,3.406320,0.037883,0.026746,0.010768,-0.055479,-0.010136,0.046368,2,2524
-1.780559,-4.355006,-0.042228,-0.022366,0.002527,0.003656,0.044243,0.029028,1,2525
2.739749,3.509264,-0.036468,-0.061327,0.035879,0.018743,-0.013713,0.029412,3,2526
2.083558,0.100566,-0.007899,-0.018010,-0.027562,0.003214,0.037972,0.047561,3,2527
3.691540,-2.482439,-0.024349,0.031180,0.009633,-0.046127,-0.002602,-0.019202,2,2528
-2.007989,-4.027284,-0.016176,0.016161,-0.015634,-0.026610,0.031507,-0.012485,1,2529
2.545761,3.882420,-0.020028,-0.010559,-0.000542,0.025332,-0.019356,-0.012162,3,2530
-3.556550,2.816739,-0.000068,-0.033277,-0.007653,-0.059002,-0.012721,-0.016501,0,2531
2.909822,3.263292,-0.044384,-0.023894,0.085592,0.007671,-0.019820,0.065585,3,2532
1.854330,5.814177,-0.019462,0.010212,-0.016955,0.018476,0.007408,0.020153,2,2533
0.137171,-2.086530,-0.026885,0.038330,-0.009041,-0.012586,0.037672,0.017967,3,2534
-3.104485,-3.096061,0.059728,-0.035017,-0.030913,-0.045565,-0.031490,-0.022147,3,2535
1.959550,-3.574502,-0.005231,0.036659,0.044809,-0.005390,0.008359,0.004663,2,2536
-0.090283,-3.378936,0.033634,0.053093,-0.008152,0.005264,0.057262,0.011120,2,2537
-0.101919,-5.027335,-0.037918,-0.031302,0.001061,0.004934,0.001329,0.032881,1,2538
-2.757234,3.220042,-0.005433,-0.047959,-0.009861,-0.051437,0.040797,0.000760,0,2539
2.784456,3.503252,0.030356,-0.046178,-0.022119,0.052692,-0.001403,0.001511,3,2540
-3.318041,2.944528,-0.030942,-0.014372,-0.029316,0.006325,0.026781,-0.020323,0,2541
3.559577,-2.690576,0.031035,0.027396,0.003636,0.005645,-0.028909,-0.014298,2,2542
3.557048,4.188213,-0.037962,0.020820,0.025979,0.032891,0.006589,-0.009959,1,2543
-3.943138,2.500352,0.008394,0.016996,-0.036178,-0.003828,0.053887,0.049585,0,2544
-2.587872,7.953931,-0.026014,0.030537,0.019444,0.018089,0.000989,-0.015433,2,2545
2.050539,1.446194,0.020280,0.023193,-0.009045,-0.003413,-0.021191,-0.010803,0,2546
-8.245742,-6.528740,0.001810,-0.025733,-0.020896,0.013542,-0.031190,-0.025164,0,2547
0.832794,2.698314,-0.028783,0.024900,-0.020805,-0.000109,0.007572,-0.020487,0,2548
-3.384359,4.920287,-0.066310,-0.039427,-0.047643,-0.001830,-0.006632,0.032225,3,2549
2.697826,3.598237,-0.003323,-0.013386,-0.046868,0.033202,-0.012234,0.001949,3,2550
-0.412808,-5.068276,0.022355,-0.005280,0.053358,0.001369,0.007496,0.017665,3,2551
4.281404,-1.949388,0.011297,-0.036981,0.039552,0.026498,-0.013392,-0.048367,2,2552
-4.275784,1.735352,0.035157,0.026041,-0.059280,0.005017,0.008841,-0.075946,0,2553
4.352124,2.953851,-0.034625,-0.004130,-0.019128,-0.036592,0.000432,-0.011764,3,2554
4.629289,-1.376233,0.015863,-0.056475,0.007499,-0.024009,-0.005428,-0.044805,2,2555
0.172217,-2.136465,0.001611,0.005931,-0.019396,0.009950,-0.001660,-0.002945,3,2556
-1.716174,2.636985,-0.014387,0.016311,0.009209,-0.009478,0.003430,0.081956,1,2557
-1.090479,-6.324715,0.013916,-0.015646,0.000767,0.075541,0.028034,-0.020548,0,2558
-2.332882,-0.489284,-0.015135,0.018599,0.014959,0.004185,0.021954,0.024592,1,2559
-0.377107,-3.435483,-0.009117,0.004092,0.016063,0.015549,0.011299,0.038930,2,2560
-5.440534,3.047601,-0.022513,-0.033508,-0.007367,-0.000421,-0.017222,0.041617,3,2561
-5.109932,-1.674978,0.011195,-0.007515,0.022219,-0.019069,-0.035430,0.011908,1,2562
-6.777587,0.056713,-0.002666,0.004422,-0.004034,-0.033562,-0.040567,0.022868,3,2563
-3.272458,-4.999807,0.016676,-0.007764,-0.003685,0.034513,0.034113,-0.002399,0,2564
7.279562,-4.352562,-0.058682,-0.014819,0.014250,0.052472,-0.019336,0.016049,0,2565
3.282788,2.723906,0.001476,0.010109,-0.005127,-0.057944,-0.025499,0.030574,3,2566
-1.659102,2.590653,0.002339,0.059491,0.013391,-0.014397,-0.036070,0.015107,1,2567
2.202127,4.327642,0.027897,-0.039555,-0.015311,0.025896,0.013233,-0.004136,3,2568
4.821234,-0.382917,0.032249,0.005619,0.026774,0.018226,-0.014337,0.011868,2,2569
1.725715,5.707266,-0.012882,-0.023690,-0.033751,-0.012357,-0.067994,0.037497,2,2570
3.472705,4.060686,0.029769,-0.016172,0.025810,0.002449,0.023025,-0.023967,1,2571
-1.824724,2.882034,0.003394,-0.032566,-0.004545,0.041913,-0.006940,-0.032071,0,2572
-0.886117,5.931909,0.025020,0.014084,-0.001878,0.003347,0.037599,0.011580,3,2573
-0.200142,-3.363997,0.021873,0.028972,0.011484,0.002842,0.026623,-0.025412,2,2574
2.222242,5.265117,0.051371,0.001302,-0.046737,-0.011161,0.007896,-0.021161,2,2575
2.514052,4.910592,-0.069835,-0.021604,0.013454,-0.057526,0.022346,-0.010720,2,2576
-0.065053,1.840903,0.031012,0.021276,0.019295,-0.024769,0.068990,-0.012988,1,2577
-2.927625,3.085786,-0.002649,0.036694,0.048728,-0.006759,-0.028580,-0.003065,0,2578
3.330747,2.719426,-0.051665,-0.020612,-0.016611,0.042643,0.057134,0.028152,3,2579
4.451561,-4.287564,0.021816,-0.025632,-0.018891,0.041495,-0.024171,-0.019473,1,2580
2.174495,4.748373,-0.011950,0.013916,0.003834,-0.011159,0.039752,0.041160,3,2581
0.342393,-1.928392,-0.029575,-0.012137,0.029843,-0.022888,-0.020384,0.077599,3,2582
-2.685087,-5.554574,0.025491,0.014363,0.032523,0.024308,-0.003000,-0.055394,1,2583
1.328449,-5.334232,0.019955,0.002730,-0.007679,-0.016493,-0.005779,0.022776,1,2584
5.990172,-2.458755,0.020108,-0.012529,0.020258,-0.015649,0.011019,0.036847,1,2585
-3.594540,0.935521,-0.002956,-0.019387,-0.005004,0.000416,0.046125,0.039098,1,2586
-2.528654,3.094989,-0.047076,0.025097,0.036466,0.028246,0.019297,-0.016371,0,2587
-0.604666,2.204079,0.051765,-0.055005,-0.020702,0.020570,0.006392,0.039972,2,2588
0.894355,-2.228334,0.067382,-0.007508,0.001031,0.017789,0.023916,-0.025535,0,2589
-1.654514,2.486244,0.007553,0.008583,-0.018804,0.004585,-0.046017,0.015666,1,2590
-2.398549,2.955793,-0.013259,-0.005135,0.011559,-0.046132,-0.006214,0.001322,3,2591
3.135452,-3.001554,-0.020011,0.023954,0.005721,0.026478,0.022659,0.000359,2,2592
-1.903743,-0.315913,0.001550,0.013460,-0.010672,0.000727,-0.019757,0.004801,2,2593
-3.196834,-2.933584,0.029502,-0.036810,-0.005751,-0.009037,0.039117,-0.009249,1,2594
1.992441,1.106408,0.059469,-0.000726,0.022569,-0.002094,-0.029096,-0.026043,0,2595
-0.099472,-5.048876,-0.020528,-0.027333,-0.003074,-0.036008,0.023818,-0.005737,1,2596
-0.139875,-5.174944,0.029886,0.025559,-0.061355,-0.020374,0.002463,-0.030988,1,2597
-2.072202,-4.218426,-0.027799,0.039765,0.010814,0.042226,0.010962,-0.000331,1,2598
-7.305810,0.573924,0.031903,0.019861,-0.042544,0.039949,0.018057,-0.000551,1,2599
2.101056,1.121693,0.030296,-0.025203,0.065251,-0.037489,0.045822,-0.040013,0,2600
6.322507,-1.576760,0.055863,0.008627,-0.067489,0.029035,0.042601,0.011011,3,2601
1.703586,5.772061,-0.019077,0.005713,0.040880,-0.030065,-0.036051,-0.045109,1,2602
3.626153,4.094500,-0.042867,-0.009763,-0.014811,0.026479,0.002246,0.028559,2,2603
3.891828,-2.358838,-0.054328,-0.022940,-0.012592,-0.051304,0.015747,0.023827,2,2604
-0.660197,-2.992315,-0.010652,-0.024862,-0.026317,-0.013858,-0.001980,-0.026859,2,2605
1.193421,5.326435,0.002149,0.005786,0.027142,0.019265,-0.030825,0.033216,3,2606
1.310388,-6.799799,0.002568,-0.002468,-0.032734,-0.009551,-0.014196,0.011220,0,2607
-5.206937,-1.631420,0.009068,-0.008854,0.027129,-0.027203,-0.010237,0.037451,0,2608
-4.143558,2.080371,-0.026631,0.010424,0.029794,0.015070,0.010481,0.036218,0,2609
-1.781766,-4.325284,0.003478,0.028549,-0.013385,0.036695,0.039300,0.031177,1,2610
2.157516,4.665949,0.021549,0.016322,0.004657,-0.009734,0.028899,0.032667,3,2611
-3.491312,-2.525624,-0.070733,-0.001122,0.005105,-0.021669,-0.012035,-0.011123,1,2612
-1.868830,-4.319571,-0.082035,-0.017054,0.015253,-0.015532,-0.022314,0.018951,1,2613
-3.540934,-2.389073,0.047253,0.018440,0.022840,-0.020089,-0.065594,0.034260,1,2614
-3.858639,2.361026,-0.045547,0.011905,0.008525,-0.032052,0.025525,0.005789,0,2615
-2.070940,-2.109934,0.011558,0.023985,-0.002612,0.040913,-0.008137,-0.027151,2,2616
4.217836,-4.135313,-0.017920,0.032883,0.006492,0.038505,0.025331,-0.064383,1,2617
3.718845,0.204267,0.057503,0.000683,0.029083,0.028981,0.013211,0.026665,0,2618
-3.631130,2.616143,-0.001277,-0.035365,0.007676,0.013286,0.064434,0.028339,0,2619
-4.664621,1.373245,-0.015522,-0.009978,-0.007047,-0.027768,-0.001263,-0.031020,0,2620
3.377922,1.416771,-0.004350,0.031874,0.025316,0.031628,0.013362,-0.029318,0,2621
2.244644,-8.559809,-0.013066,0.047069,-0.042116,-0.049118,-0.028643,0.019732,2,2622
-1.625218,-2.430870,-0.000300,-0.022258,0.043786,0.021864,0.011582,-0.044484,2,2623
-4.061878,-0.236107,-0.036644,0.012686,0.027485,0.018139,-0.062722,-0.029297,3,2624
-3.170570,-2.905387,0.043172,-0.046037,-0.022563,-0.020313,0.025562,0.012636,1,2625
-7.850647,-1.987327,0.005012,-0.014561,-0.038535,-0.025096,0.050642,0.004994,0,2626
2.287613,4.154467,-0.007802,0.030901,0.049250,-0.028768,-0.037017,0.019485,3,2627
-2.799042,-5.429346,-0.018080,0.006667,0.017876,-0.002268,0.028144,0.001075,0,2628
-2.406630,2.899193,0.051206,-0.010771,-0.023537,-0.041189,0.012583,-0.012043,0,2629
6.760344,0.661031,0.024810,-0.011155,-0.008874,0.001770,-0.041908,-0.020790,1,2630
-2.008668,-4.318492,-0.015336,-0.048562,-0.004010,-0.003079,-0.010748,0.014987,1,2631
-5.106304,0.544700,0.060642,0.008235,0.035564,-0.005089,0.049903,-0.041877,0,2632
6.787396,0.425304,-0.032544,0.008850,0.017867,0.036516,-0.000036,0.033323,1,2633
0.742379,-2.218501,-0.021508,0.012929,0.002221,-0.007545,0.009906,0.008316,0,2634
-3.379172,-2.688908,-0.001344,0.064562,-0.003252,0.024242,0.072100,0.023452,1,2635
0.138703,-2.001705,-0.023496,0.005252,0.014883,-0.024697,-0.027192,-0.042273,3,2636
-3.799367,-4.662304,-0.006400,0.054332,0.017000,-0.010111,0.020530,-0.028149,0,2637
1.096880,-2.071355,-0.047308,0.049041,-0.036711,0.017101,0.015203,0.001573,3,2638
-4.163799,1.924090,-0.002901,-0.001448,0.000952,0.020552,0.020961,0.025565,0,2639
-3.115691,2.979288,0.004996,0.050845,-0.000469,0.013831,0.003350,0.024855,3,2640
3.551244,-0.272885,0.061199,-0.009046,0.033844,-0.017285,0.044527,0.015540,2,2641
-6.421343,0.622342,0.025420,-0.038994,-0.034309,-0.026671,-0.025077,0.016515,3,2642
4.130557,-2.246613,-0.011659,-0.004319,-0.012743,-0.037639,0.006480,-0.034099,2,2643
-2.479353,2.452657,0.051802,0.020504,0.032207,0.028980,0.035499,-0.007857,1,2644
-4.604194,4.093704,-0.029563,0.017161,-0.017299,0.001187,0.031884,-0.059022,3,2645
2.948033,2.776163,0.020984,0.030148,0.020540,0.011805,0.032015,-0.028821,3,2646
-4.644054,-3.387090,-0.022332,0.004533,-0.020301,-0.005545,0.011969,-0.013754,0,2647
1.868506,5.538464,0.007826,0.039785,0.050139,0.015623,-0.007537,-0.034243,2,2648
-2.323443,2.967798,0.017292,-0.075987,-0.070274,0.047409,-0.015545,0.011592,0,2649
5.019761,0.568840,0.065157,-0.020975,0.026493,0.056351,-0.033669,0.020678,2,2650
2.101892,4.276381,-0.004662,0.019652,0.001670,-0.004757,-0.002491,-0.042327,0,2651
3.736734,1.265105,-0.004503,0.027795,0.045906,-0.016894,0.015601,-0.017552,3,2652
2.814489,3.522259,-0.013398,0.018293,-0.094789,-0.009561,-0.052292,0.011882,3,2653
3.100264,3.264545,-0.014994,-0.003415,-0.046386,-0.052738,0.018082,-0.046490,3,2654
-1.678399,-6.307356,0.005180,-0.010325,-0.019563,-0.027329,-0.027614,-0.051204,0,2655
3.381227,-4.464777,-0.003280,-0.033426,0.014669,0.008158,-0.019569,-0.002724,3,2656
-6.550549,0.801029,0.030084,-0.036448,0.007801,0.002283,0.001162,-0.004666,3,2657
3.557895,1.811455,0.013234,0.030198,-0.026467,-0.054649,0.015032,0.000558,3,2658
-4.036491,2.448584,0.034376,-0.016848,-0.028340,0.008569,-0.017787,0.005602,0,2659
-5.178864,-2.091920,-0.015448,-0.026968,0.022774,-0.055129,0.001786,-0.017573,0,2660
-3.308194,-2.959347,-0.017916,-0.020776,0.024127,-0.003997,-0.033020,-0.014728,1,2661
1.202628,-5.262637,0.012567,-0.040871,-0.037459,0.006528,0.062876,0.023180,1,2662
-2.562515,3.335303,0.046677,-0.028821,0.020198,0.009688,0.088635,0.050711,0,2663
1.722925,5.826522,0.027979,0.004829,-0.022735,0.006515,-0.049137,0.003133,2,2664
-3.237587,-5.380754,-0.002920,0.020624,-0.048285,0.002382,-0.047992,-0.044503,0,2665
-2.359403,2.924087,0.029846,-0.023834,0.038374,0.031581,0.056741,0.003485,0,2666
-1.747984,2.769282,0.005605,0.007318,-0.007544,-0.073134,0.044778,-0.018002,1,2667
-2.847229,-3.369203,-0.006744,0.015200,0.022930,-0.011018,0.003821,0.051867,1,2668
-1.977582,-1.602014,-0.063405,0.017350,0.029583,0.026707,-0.019475,-0.027353,3,2669
-5.085277,-1.735109,-0.009032,0.020758,-0.007316,0.008221,-0.021662,0.003531,0,2670
-3.168714,2.993343,0.060155,-0.063245,-0.027952,-0.023035,0.009779,-0.007460,0,2671
-4.960559,-2.547486,-0.008419,0.046293,0.017827,0.019306,-0.013704,-0.030764,0,2672
-3.979310,-1.041392,0.000517,-0.027385,-0.014372,0.004232,0.006064,-0.022603,1,2673
2.320134,-1.832751,0.023631,-0.010550,0.000428,0.007018,0.006357,-0.038200,0,2674
-3.569322,2.759115,-0.033337,0.026817,0.005617,0.005095,-0.000155,0.013873,0,2675
-5.265351,0.504321,0.032874,-0.021023,-0.026578,-0.044060,0.034868,0.047267,0,2676
-2.287828,2.970205,0.056015,0.006095,0.027968,-0.015639,-0.052902,-0.003388,0,2677
-3.891392,2.422979,-0.003744,0.039039,0.048690,-0.019016,-0.012170,-0.018183,0,2678
0.348838,-5.158445,-0.006913,0.015712,-0.006623,0.006997,0.018656,0.024845,1,2679
8.864975,6.468561,0.001402,0.007718,0.015152,-0.047852,0.013150,0.025154,3,2680
1.644808,-7.452893,0.041788,0.052816,-0.011060,0.012307,0.054139,0.043017,3,2681
1.101423,-6.787797,-0.036063,0.024433,0.005895,-0.034216,-0.011044,-0.082898,1,2682
-2.540357,-3.753560,0.016157,-0.016904,-0.012280,0.019301,0.025826,0.025424,1,2683
-1.741527,-4.645431,-0.029685,0.044243,0.022033,0.007702,-0.040785,0.000884,1,2684
4.488677,-1.560416,0.038956,0.010024,0.013650,-0.007693,-0.005059,0.040477,2,2685
1.946194,4.754625,-0.005871,-0.046108,0.018601,-0.061798,-0.011250,-0.003211,3,2686
-2.723784,4.811661,0.015775,0.000541,0.046054,0.046319,-0.061578,0.021844,0,2687
0.789876,-3.639670,0.048959,-0.008864,0.013286,0.021139,0.005849,-0.013562,2,2688
2.592833,-3.348327,0.060078,-0.083049,-0.035614,0.081933,0.008437,-0.002965,2,2689
3.494225,1.740712,-0.030273,-0.011858,0.003160,-0.009312,0.031552,0.059338,3,2690
2.074821,0.905025,-0.004032,0.015071,0.019053,0.008788,0.051769,0.057663,0,2691
3.092021,3.159150,-0.059298,-0.044018,-0.018275,0.064846,-0.014226,0.013675,3,2692
2.933635,-1.361542,-0.014866,-0.047468,0.049942,0.001202,-0.021770,-0.004736,3,2693
-0.519369,-4.998915,-0.012239,-0.013455,0.035941,0.048909,0.037678,-0.010148,0,2694
-3.189364,1.740311,-0.017132,0.017532,0.028891,-0.034434,0.024564,0.074419,1,2695
-1.552472,6.773335,0.021038,-0.008931,-0.007373,-0.000092,0.022283,0.006516,2,2696
-1.532343,2.411062,-0.039090,-0.016051,0.021953,0.002169,-0.002699,-0.037846,2,2697
-3.598040,5.068920,0.053132,0.020206,-0.009913,0.011779,0.013957,-0.024326,0,2698
3.322321,-2.926871,-0.056990,0.041959,-0.008740,-0.026322,-0.022640,0.022156,2,2699
-0.340877,-3.294758,-0.027409,0.002912,-0.018325,-0.026240,-0.030076,-0.073503,2,2700
-4.077592,-1.374338,0.002073,-0.002890,0.057725,0.037752,0.016361,-0.002908,1,2701
-7.304592,3.971095,0.013007,0.004967,-0.074106,0.017758,-0.014964,-0.025345,2,2702
2.249381,5.315952,0.042648,0.052530,-0.044574,-0.000448,0.024186,0.042905,2,2703
-4.600217,3.970149,0.026581,-0.008264,-0.022022,-0.032601,0.018061,0.038705,3,2704
0.271955,-4.991309,-0.003697,-0.056886,-0.025584,0.045223,-0.030893,-0.014236,1,2705
1.992691,4.846884,0.024448,-0.018443,-0.040446,-0.006149,-0.002528,-0.007347,2,2706
2.766209,-3.251853,0.007440,0.020129,-0.041110,0.015884,0.016491,-0.058216,2,2707
4.804135,1.892407,-0.057895,0.008684,-0.023931,-0.007298,0.030459,0.007796,2,2708
1.197162,2.578391,0.001163,-0.003292,-0.004954,-0.036898,0.021803,-0.017275,0,2709
-3.493404,-2.556297,-0.021507,-0.029698,0.011636,0.027532,-0.011009,0.005901,1,2710
-2.322354,2.513436,-0.000941,-0.020180,0.001778,0.031920,0.025495,-0.015320,2,2711
2.536294,5.143378,-0.023848,0.017931,0.003195,0.022786,0.017050,-0.000427,2,2712
-1.661084,2.895265,0.005142,0.027519,-0.004919,-0.011796,-0.012115,0.047145,1,2713
3.770048,-2.373037,0.032458,-0.028445,-0.032701,0.043821,-0.019261,-0.073783,2,2714
0.030084,-6.792371,-0.002786,0.020404,0.063778,-0.024161,0.032919,-0.001491,2,2715
-2.577637,3.076792,-0.018227,0.010677,0.003502,0.079786,0.004737,0.005747,0,2716
-0.468449,3.156054,-0.008152,0.041276,0.005914,-0.009138,0.048386,0.002377,0,2717
-2.552865,-3.817068,0.001653,-0.003433,0.004672,0.010130,0.011954,0.011870,1,2718
-2.753516,2.240444,0.041144,-0.031681,0.039534,0.010131,-0.031020,-0.034536,1,2719
-1.872902,2.635195,0.024228,0.004355,0.066006,-0.086009,-0.038102,-0.020440,1,2720
6.829154,-0.120036,0.025976,0.024869,0.006721,0.037662,0.028253,-0.062093,1,2721
-0.382974,2.066436,-0.000992,0.000085,-0.062440,0.015571,-0.035269,-0.037172,1,2722
-3.400188,2.693586,0.000725,0.001963,0.038970,-0.019710,0.009314,-0.037244,0,2723
2.281108,-1.864572,-0.011345,-0.004168,-0.022048,0.016925,-0.042082,-0.017249,2,2724
1.648837,-3.545657,-0.003456,-0.017397,0.004568,0.082955,-0.005899,-0.015269,2,2725
3.218118,0.078376,-0.018160,0.033208,-0.006663,-0.003701,-0.041948,-0.027394,0,2726
2.819938,3.605181,-0.025418,0.004494,0.008780,-0.024784,-0.002478,0.015413,3,2727
4.531726,-1.831174,0.045663,-0.015385,-0.009851,-0.008387,-0.017627,-0.042681,2,2728
0.606887,-3.613228,0.014392,0.011019,-0.000104,0.062428,0.016369,0.019135,2,2729
-3.203894,2.886729,0.025943,-0.031491,-0.005352,0.001305,-0.029069,0.002640,0,2730
2.015257,4.747307,-0.038060,-0.002770,-0.041946,-0.033709,-0.001551,-0.017795,3,2731
-3.863620,0.024512,-0.014756,-0.048786,0.007012,-0.008438,0.042833,-0.026780,1,2732
8.726996,5.895263,-0.019390,-0.028290,-0.008920,0.004898,-0.034480,0.027361,2,2733
-2.074911,2.840474,-0.008340,-0.036983,-0.002749,0.049604,0.022174,-0.025024,0,2734
3.483322,-0.269366,-0.036841,0.038161,0.012570,-0.025186,0.008356,-0.031824,3,2735
-1.813531,3.830137,0.006833,0.022850,-0.018948,0.009388,-0.018516,0.025070,1,2736
-4.053875,-0.308605,0.048127,-0.008770,0.038785,0.012019,-0.054488,0.019472,1,2737
0.987486,-2.114753,0.000215,0.000791,0.019508,0.040331,-0.007390,-0.019638,3,2738
3.287237,2.732048,-0.029540,-0.010466,-0.023727,-0.042431,0.005495,-0.042519,3,2739
2.754579,3.548581,-0.018521,-0.031460,0.005031,0.010019,0.006296,0.032912,3,2740
-3.209871,-2.802266,-0.009550,0.069426,0.061883,-0.045165,-0.004085,-0.005691,1,2741
3.053760,-3.253366,-0.000161,0.012434,-0.030619,-0.002980,0.048377,0.026975,2,2742
-5.290030,-1.285695,0.017113,0.006250,0.021261,0.014349,0.034303,0.010094,1,2743
-2.381478,2.568898,-0.065194,-0.033716,-0.006611,0.028900,0.008665,0.019590,0,2744
-2.066286,-1.535139,-0.019893,0.023947,-0.025464,-0.051320,-0.028883,-0.002282,2,2745
-2.482629,-3.889459,-0.005006,0.003502,-0.017092,0.039518,-0.028153,-0.017862,1,2746
1.669068,2.111685,-0.055106,0.001519,-0.014076,-0.018660,-0.002210,-0.008710,0,2747
-6.837135,-1.113945,-0.027787,0.066189,-0.011793,0.009300,0.049992,0.055893,3,2748
-4.017541,-0.468193,0.009803,-0.034510,0.006891,0.023595,-0.005785,-0.004921,1,2749
4.960220,0.182117,0.064181,0.048889,0.014495,-0.038542,0.024845,-0.030559,2,2750
-3.234126,2.887118,0.019457,-0.057716,-0.054874,-0.005255,0.001039,0.033407,0,2751
2.146518,4.242384,-0.042948,0.010893,0.006369,-0.016613,0.009283,-0.037762,3,2752
1.109179,-5.168342,-0.025730,-0.000029,-0.072700,-0.000130,-0.053974,-0.045441,1,2753
-1.473832,5.774847,0.038992,0.051780,0.023500,-0.005413,0.029460,0.053093,3,2754
-2.744590,-3.591199,-0.025633,0.011503,0.004135,0.027828,0.020902,-0.020809,1,2755
-0.949779,-6.551798,0.022233,-0.033117,-0.028173,-0.013878,-0.036470,0.029836,0,2756
-3.474959,-2.669129,0.021424,-0.022180,-0.066659,0.019086,0.023025,-0.050397,0,2757
-4.866818,4.270739,0.010348,0.031421,0.001060,-0.023591,0.020483,-0.009191,1,2758
3.171589,2.883094,0.034347,0.004491,-0.038916,-0.038901,0.012476,-0.039483,3,2759
0.026293,6.561094,0.076176,0.004684,-0.005432,0.015228,0.030336,0.036778,2,2760
-2.402558,-3.959874,-0.026432,-0.004637,0.004789,-0.008588,-0.029496,-0.050406,3,2761
1.876958,5.677705,-0.004293,-0.018058,-0.025394,0.020176,0.020787,-0.005808,2,2762
-5.886648,2.723394,-0.012254,0.035799,-0.051518,0.014778,0.037913,-0.002580,3,2763
-0.671918,-3.263473,0.021129,0.058924,0.015317,0.010093,0.067613,-0.044852,2,2764
-5.676106,2.694213,-0.055138,0.026479,-0.008387,-0.050739,-0.002964,-0.031449,2,2765
-3.318933,-2.816900,-0.031133,0.048208,0.044285,0.048354,-0.036068,-0.050883,1,2766
-1.787109,2.714927,0.046329,-0.002276,0.005022,0.061234,0.012500,0.027342,1,2767
-3.417762,-2.688580,-0.065170,0.035304,-0.028131,-0.038650,0.009716,-0.013897,1,2768
-1.626052,2.644820,-0.015482,0.036670,0.011417,-0.001994,0.023619,0.025629,1,2769
-3.421190,1.729702,0.064188,0.012623,0.009835,-0.011758,-0.006133,0.060860,1,2770
3.322963,2.736767,0.078356,0.062966,-0.013285,-0.016264,-0.001111,0.031996,3,2771
4.147542,-4.198955,0.015485,-0.039225,-0.030757,-0.041980,0.012246,-0.051959,1,2772
-2.934869,-3.336247,0.034061,-0.002303,0.048490,0.057636,0.028092,-0.020220,1,2773
4.439972,-1.501648,-0.012523,0.005188,0.004530,0.010295,0.037085,0.011362,2,2774
-2.274858,2.293745,0.009169,0.087237,0.057642,-0.074137,0.035872,-0.080174,1,2775
2.593488,3.780813,-0.018571,-0.010310,-0.002379,0.009761,0.021517,0.015372,3,2776
-3.095784,-3.089731,0.057117,0.024101,0.019612,0.004467,-0.021075,-0.037612,1,2777
2.930550,-4.821344,0.032335,0.022543,0.065674,-0.026127,-0.015199,0.008295,1,2778
4.719609,-0.655151,-0.038978,-0.013366,-0.029900,-0.020467,-0.008852,-0.027638,2,2779
6.777375,0.102787,-0.034278,-0.061901,-0.004199,-0.020182,-0.045853,-0.006083,1,2780
-4.041696,-4.221473,0.027239,0.006962,-0.045888,-0.015597,0.023986,-0.023720,0,2781
3.051194,2.909755,0.002810,-0.053643,-0.043663,0.027108,0.022434,0.069931,3,2782
-4.286202,1.644858,0.002292,-0.014348,0.066941,-0.007804,-0.045601,-0.019291,0,2783
-1.565637,2.547116,-0.015935,-0.015563,-0.023056,-0.001712,-0.009375,-0.030416,1,2784
-5.013321,-2.880020,0.027095,0.074293,-0.045808,0.040597,0.035758,-0.008076,1,2785
-6.062771,2.282707,0.013677,0.030832,0.011054,-0.026468,0.034908,0.008652,3,2786
2.385068,4.054677,-0.016327,0.099582,0.003771,-0.010591,0.053761,0.032177,3,2787
-0.420524,-4.872389,0.029046,-0.034464,-0.025576,0.003456,-0.016259,0.025317,1,2788
-3.499974,-2.619519,-0.021497,-0.032603,-0.028495,-0.020164,-0.002314,0.023240,1,2789
1.888575,5.679842,-0.010524,-0.011994,0.019150,0.034521,0.036430,0.017338,2,2790
2.902905,3.567682,0.020863,0.040617,0.018174,-0.041038,0.039279,0.006651,2,2791
2.020059,4.898705,0.037990,0.015953,-0.012651,-0.001931,0.013653,0.040180,3,2792
0.370329,2.915081,-0.043337,-0.069654,-0.005239,0.035344,-0.026489,0.050923,0,2793
2.737123,3.706429,0.051847,-0.002531,0.021329,-0.021830,0.013324,0.018663,3,2794
0.000069,5.660492,-0.046216,0.030588,0.060256,0.034507,0.006162,0.057462,0,2795
3.438381,-2.774518,-0.053427,0.027584,0.032666,-0.008167,-0.022598,-0.041019,2,2796
5.800684,-7.315708,-0.029465,-0.026789,-0.011115,-0.006786,0.009615,0.011356,3,2797
1.946573,1.781202,0.001414,0.031069,-0.026350,-0.000594,0.035335,-0.008197,0,2798
-4.027909,-1.453608,0.001821,0.034388,0.005562,-0.001375,-0.024880,0.030492,1,2799
-0.242554,2.211016,0.019070,0.034089,0.014421,-0.003774,-0.002770,0.019497,1,2800
2.930742,-3.108072,-0.011242,0.042703,0.066586,-0.019835,0.008561,-0.018551,2,2801
2.592435,3.808554,0.023315,-0.009184,-0.034608,0.008068,-0.031498,0.008740,3,2802
1.819704,5.774609,0.014832,0.001776,-0.030023,0.001341,0.011881,-0.013436,2,2803
2.233821,4.255794,0.003368,-0.029147,0.033768,0.012751,-0.032132,0.054941,3,2804
3.503990,4.204487,0.003034,-0.018069,0.052835,0.037639,-0.018792,-0.022388,2,2805
3.018923,-3.115995,0.008136,0.033936,0.005378,0.041199,0.011320,0.022444,2,2806
-2.755860,3.079170,0.028095,-0.009545,0.023362,0.062421,0.043013,0.054977,2,2807
2.017061,4.750170,0.003658,0.054138,0.036969,0.017807,-0.025496,-0.024141,3,2808
-2.265697,3.034781,-0.032557,-0.013637,0.036299,0.009046,-0.008793,-0.030096,0,2809
-1.145161,-2.976800,-0.003161,0.006029,0.006831,0.031764,0.004433,0.011383,2,2810
-3.092105,3.056612,0.032413,-0.053293,-0.005037,0.008313,-0.002813,-0.010768,0,2811
3.280708,-4.719147,-0.036652,-0.002556,0.013195,-0.021617,0.018581,-0.013654,1,2812
-3.158539,5.009837,-0.058770,0.005697,-0.009733,-0.012212,0.053803,-0.015441,3,2813
-5.220339,-1.391561,-0.015361,0.014758,-0.016661,0.004447,0.033307,-0.022690,0,2814
-2.187828,-4.112517,0.046796,0.012031,-0.047717,0.057800,0.019095,-0.067327,1,2815
1.877342,2.017499,-0.011881,-0.006984,-0.041495,-0.042999,0.056386,-0.017937,0,2816
-2.248446,2.794423,-0.071815,0.035289,0.004042,-0.001741,0.032767,-0.012396,1,2817
-3.561385,1.392072,0.021870,0.010370,0.015600,-0.012156,-0.006114,-0.028201,1,2818
0.398696,-3.837092,0.010834,0.034977,-0.019124,-0.037698,-0.041333,0.008414,2,2819
1.014184,-5.262455,0.008118,0.003775,0.010963,-0.036109,0.019118,-0.024068,1,2820
4.661861,2.183835,0.040325,-0.002583,-0.004788,0.004650,-0.001783,0.039027,0,2821
2.760586,3.597564,-0.029336,-0.032528,0.003945,-0.002664,-0.031746,-0.029163,3,2822
5.818462,-2.135336,0.005978,-0.053893,-0.004591,-0.019617,-0.027780,-0.027642,1,2823
4.311300,-1.705818,0.001983,0.007162,0.031140,0.018407,-0.048706,-0.024373,2,2824
5.477556,-2.906226,0.018957,-0.006031,-0.004237,-0.024264,-0.062169,0.013100,1,2825
-5.607193,2.776567,0.001426,-0.006302,-0.011104,-0.005144,0.024175,0.014123,2,2826
-3.580287,7.491341,0.033391,0.004002,0.013577,0.006475,0.064322,0.006001,0,2827
-3.534270,-2.576330,-0.021836,0.042220,-0.022771,-0.037193,-0.049242,-0.011660,1,2828
-2.126184,-1.141703,-0.020241,-0.030247,0.001321,0.023033,0.021660,-0.010816,3,2829
-4.180362,1.907622,0.043186,0.035076,0.021209,-0.013421,0.027697,0.008651,0,2830
2.294111,1.299032,0.058586,0.006102,-0.063080,0.004126,-0.010029,-0.034643,1,2831
2.352101,1.166397,-0.028134,-0.004450,0.007204,-0.003060,0.026824,-0.028663,0,2832
1.315130,5.403843,-0.014564,-0.038398,0.013392,0.014934,0.010598,0.052280,1,2833
4.982790,5.490198,0.054316,-0.016350,-0.037996,-0.013506,-0.023964,0.033980,3,2834
-1.894842,2.870991,0.013957,-0.054251,0.014796,-0.043726,0.003691,0.063602,0,2835
2.616995,3.507472,-0.019302,-0.000895,-0.024433,-0.012360,-0.019214,-0.000497,2,2836
-0.879950,-6.541729,0.017324,0.015121,-0.019107,-0.038706,-0.001453,-0.023876,0,2837
-2.642266,3.169109,-0.004402,-0.000586,0.008911,0.032608,0.033384,0.027522,0,2838
4.336954,-1.882500,0.016538,-0.016704,0.015311,-0.013307,0.024235,-0.009215,2,2839
-4.313868,1.943304,-0.009220,0.044493,-0.051244,-0.019098,-0.022386,-0.032208,0,2840
5.184444,-3.259730,-0.003034,-0.008656,0.005545,-0.004452,0.034731,-0.038136,1,2841
-0.504045,1.871687,0.044260,-0.013538,-0.064170,-0.021453,0.004655,-0.000274,1,2842
-3.837029,-1.594790,0.031138,0.018452,0.002883,-0.007537,0.004346,0.023918,1,2843
-3.052689,-1.702950,0.004521,-0.019496,-0.002718,-0.001768,0.026116,-0.010923,1,2844
4.657158,-0.543531,-0.011194,-0.002873,0.028980,-0.029517,-0.011324,-0.049332,2,2845
-2.900801,3.099964,-0.004618,0.054979,0.027081,0.022345,0.009087,0.036571,0,2846
-0.563378,5.776679,0.027910,0.032955,0.005138,0.033493,-0.037053,-0.026475,3,2847
2.648170,3.727222,0.011988,0.004648,0.033965,-0.002582,0.005363,0.023493,3,2848
0.845112,-3.842812,-0.034465,0.013297,0.059330,0.016116,0.017193,-0.002315,2,2849
-6.236175,-6.534310,-0.005194,0.001543,-0.004325,0.022003,-0.011332,-0.023406,1,2850
1.893352,5.762092,0.044850,0.002180,0.035761,-0.017523,0.022241,-0.049759,2,2851
-2.129118,-4.023187,0.051491,-0.033339,-0.015722,0.016517,0.021504,-0.030064,1,2852
-2.129815,-1.899205,0.002222,-0.040889,0.010627,0.021709,0.018814,0.008067,0,2853
1.950854,-2.254224,0.009878,0.012270,0.005389,0.046769,-0.039056,-0.014565,0,2854
1.413303,2.252671,0.041029,-0.020667,0.040096,-0.011534,0.002576,0.006125,0,2855
6.877901,0.686923,0.036917,0.000975,0.010639,-0.031664,0.018983,-0.045258,0,2856
3.057505,-3.164435,-0.019265,0.053325,-0.011962,0.042944,-0.039082,0.031071,3,2857
-1.057170,-2.626485,0.006196,0.045633,-0.083771,-0.014878,-0.005995,0.012857,0,2858
2.936601,3.299926,0.001827,-0.011178,0.027647,0.042919,0.020924,-0.019542,3,2859
3.842414,-2.551800,0.008455,0.027456,-0.040073,0.011465,0.086686,-0.028798,0,2860
-1.956679,3.054662,0.009886,-0.036396,0.028658,-0.074348,-0.039067,0.008054,0,2861
-1.717815,-4.488791,0.058477,-0.025943,-0.003592,-0.005686,0.023672,0.087030,1,2862
-2.257904,2.636294,-0.027937,-0.014157,-0.006908,0.005655,0.016966,0.052650,0,2863
2.859899,3.371930,0.013931,-0.023801,0.024264,-0.000723,0.011816,0.003675,3,2864
-4.014034,2.190327,0.038499,0.011392,-0.004366,0.002155,0.013195,0.014140,0,2865
4.585707,8.715286,0.033749,-0.005414,0.073600,-0.002416,0.033701,0.034507,2,2866
-2.280994,-1.497683,-0.009537,0.069576,-0.007678,-0.008571,-0.048534,0.016476,2,2867
-4.809641,0.458326,0.056169,0.041042,-0.026667,0.005033,0.030644,0.010918,2,2868
-1.502471,-0.411218,0.018671,0.013683,0.003100,0.028625,0.029635,-0.032477,1,2869
8.516269,4.189113,0.038422,0.010191,-0.018315,-0.010153,0.000962,-0.026443,1,2870
2.153533,0.560323,-0.006255,-0.003435,-0.007407,-0.002586,0.025202,0.017122,0,2871
0.231310,-1.993565,0.029670,-0.054063,0.003249,0.036606,0.007703,0.022241,3,2872
-1.193094,2.243581,-0.047947,0.001056,-0.033115,0.045462,-0.023205,0.031336,1,2873
-1.377462,-2.998202,-0.018943,0.056284,0.014241,0.014360,-0.046435,-0.003898,3,2874
2.200703,4.277180,-0.024921,0.026537,0.005218,-0.046260,-0.058602,-0.033474,3,2875
-2.423661,2.988753,-0.017741,0.025207,0.068882,-0.051994,0.022808,0.004274,0,2876
-4.552027,4.111536,-0.001015,-0.020025,0.014199,-0.017805,0.003635,-0.013918,2,2877
0.926171,-3.689598,-0.009852,-0.040820,-0.061075,0.001107,0.037446,-0.007651,2,2878
3.411148,-0.644589,-0.010140,-0.024094,0.007395,-0.010348,0.014733,-0.051065,3,2879
-0.214424,1.762704,-0.021762,0.020737,-0.021575,0.028623,0.017613,0.026366,2,2880
2.584921,0.893496,-0.001915,-0.078529,0.050375,0.009948,-0.024006,-0.014923,3,2881
1.677087,5.496983,-0.036295,-0.020135,-0.004112,0.025024,-0.040000,-0.018289,3,2882
0.073752,-6.603498,-0.053836,-0.009799,-0.004428,0.023651,0.007887,-0.037268,0,2883
1.942356,4.783855,0.008647,-0.027103,-0.012565,0.046979,0.000023,0.006881,3,2884
0.586759,6.630828,-0.002869,-0.031508,-0.010601,0.012502,0.011178,-0.048151,2,2885
3.606357,-2.735510,0.012412,0.017263,0.020072,-0.001254,-0.003197,-0.006051,2,2886
-6.425766,1.389281,0.047333,0.034235,-0.001720,0.014985,0.005440,-0.013744,0,2887
4.456871,4.982254,-0.022178,-0.067532,0.067651,0.004082,-0.047116,0.095881,2,2888
4.945952,0.242016,-0.042981,-0.027977,0.008044,-0.020647,-0.015029,-0.056146,2,2889
-1.275877,2.250386,-0.021170,-0.030951,0.004042,-0.031181,0.002918,-0.009120,1,2890
-0.528657,2.149288,-0.019282,-0.011156,-0.082715,0.017163,-0.006954,-0.038064,1,2891
-1.432895,2.461108,0.039421,-0.022707,-0.004799,-0.004058,-0.000774,0.013077,1,2892
2.834236,3.533881,0.019787,0.031496,0.033827,0.048783,0.005323,-0.025878,3,2893
2.818464,3.567091,-0.022085,0.004292,-0.029730,-0.059371,0.051333,0.001385,3,2894
6.279719,-1.134790,-0.019656,-0.003392,0.032255,-0.005480,-0.021427,0.008767,1,2895
1.963295,4.696810,-0.016271,-0.032986,-0.038332,-0.011566,-0.012641,0.005424,3,2896
-5.424578,3.254636,0.033755,0.068375,-0.015983,-0.047206,0.005546,0.008115,3,2897
7.414333,1.987095,0.029816,-0.027613,0.008018,0.009585,0.009318,0.040217,2,2898
2.100376,5.443013,0.036846,0.047218,-0.023471,-0.027372,-0.043956,0.024659,0,2899
-6.773129,-1.109559,-0.014037,0.000204,0.019039,0.029367,-0.032697,0.014658,3,2900
-0.248884,2.235007,0.020420,0.028800,0.057600,-0.028058,0.064709,0.063409,2,2901
4.165266,-2.274069,-0.057681,0.012294,0.059914,-0.007779,-0.045063,-0.029599,2,2902
-2.805712,-7.695465,0.007923,-0.009444,0.006786,-0.045388,-0.036807,0.014280,0,2903
1.707087,5.532331,-0.014083,-0.022753,0.002263,0.045823,-0.023390,0.018278,2,2904
3.261946,-2.984308,0.027944,-0.032521,0.029331,0.038524,-0.011059,-0.020986,2,2905
-3.527012,-2.387189,-0.027212,0.005881,0.005827,0.002564,0.036968,-0.030710,1,2906
4.429420,-1.590656,0.046266,0.010577,0.019819,-0.041185,-0.016864,0.023651,2,2907
-0.351111,-4.950883,0.005809,-0.003744,-0.024437,0.014059,-0.017287,-0.036235,1,2908
4.532480,2.747977,-0.046746,0.016871,0.018988,-0.014647,0.003136,0.015684,2,2909
3.096630,2.877700,0.005672,-0.040053,0.025717,-0.016814,0.024363,0.000465,3,2910
-3.712715,2.619083,0.011073,-0.002028,-0.005984,0.014514,0.015307,-0.025745,0,2911
3.910964,-2.254018,-0.031184,-0.021570,0.017009,-0.009628,0.031458,0.028111,2,2912
-1.769917,-2.367370,0.002480,-0.027086,-0.043223,-0.037475,-0.029417,-0.040967,2,2913
2.759841,-1.390388,0.026096,0.025549,0.021047,0.042284,-0.021082,-0.002057,2,2914
0.872976,6.625115,-0.037526,0.017758,0.018903,-0.011767,0.015547,-0.022513,2,2915
-1.728621,-4.507366,-0.063521,0.023176,-0.013243,-0.067870,-0.006696,-0.011715,1,2916
-5.269491,-1.219514,0.002726,-0.036036,0.049052,-0.022645,0.034943,-0.014803,0,2917
-3.072778,-2.821706,0.017559,0.024518,-0.023724,0.046017,0.002826,-0.008620,1,2918
-0.457550,-3.422554,-0.001238,0.022697,0.045890,0.016482,-0.004876,0.031302,2,2919
1.321568,2.603194,0.014440,0.016129,0.027587,0.026229,0.028111,0.060127,1,2920
1.388425,6.233483,0.046543,0.049134,0.008612,-0.016224,0.037839,-0.003243,0,2921
3.243170,-1.911862,0.010208,0.008804,0.026410,-0.028531,0.019585,0.027325,1,2922
5.788360,-2.638767,-0.037532,0.028829,-0.036499,0.034594,0.001788,-0.029580,1,2923
-0.351775,3.173388,-0.003112,0.007636,-0.002625,0.008118,-0.009249,0.016238,0,2924
-1.001511,-3.471042,-0.031827,0.018592,-0.018315,0.006527,-0.035105,-0.025510,2,2925
-4.224798,1.971310,-0.012280,0.044656,-0.002206,-0.050423,-0.018266,0.005641,0,2926
-2.664217,-3.653610,-0.000958,0.087877,-0.006003,0.001677,-0.013585,0.052394,1,2927
3.361871,-2.941225,-0.001627,-0.008194,0.006465,0.040450,0.014732,-0.034281,2,2928
-0.743558,2.352765,-0.065594,-0.003431,-0.009569,-0.003178,0.008921,0.001904,1,2929
3.581547,-4.609819,-0.013498,0.015485,-0.035968,-0.015150,0.035886,0.057330,3,2930
-1.906703,2.805864,-0.038536,0.058980,-0.022475,0.019798,0.082015,-0.021388,1,2931
6.057926,7.241356,0.012436,0.014755,-0.011374,0.019925,0.034712,0.043964,3,2932
3.129476,-0.884405,-0.006226,0.041109,0.038235,-0.017659,0.044650,-0.022680,1,2933
1.679223,-2.152380,0.020999,-0.005736,-0.007023,0.006119,0.024832,-0.013631,3,2934
1.508603,-1.963914,0.013338,0.026412,0.027103,0.007872,-0.028559,-0.007651,3,2935
-0.662314,-5.141947,0.028645,-0.053645,0.052964,-0.027613,0.020151,0.039943,1,2936
1.103322,-2.312847,-0.048900,-0.015176,0.074099,0.010516,0.032517,-0.032651,1,2937
0.644818,-6.838946,0.021227,0.021131,-0.033631,-0.024405,-0.023912,-0.006289,0,2938
4.061617,0.124231,0.046248,0.045939,-0.051158,-0.021578,-0.025467,0.042301,2,2939
-3.359896,-2.705347,-0.017410,0.016918,0.037610,0.020191,-0.065623,-0.012191,1,2940
1.048322,2.553595,-0.023250,0.052357,-0.040436,-0.014478,-0.023898,0.019722,0,2941
-4.094051,2.295905,0.021349,0.034751,0.002888,0.023295,0.004397,-0.005286,0,2942
-3.071207,3.082404,-0.003549,0.003734,0.024992,-0.041342,0.035480,-0.013550,0,2943
-1.223612,-2.925035,-0.004736,0.009003,0.068171,-0.031826,-0.039348,-0.021141,2,2944
-4.248425,-4.119941,-0.046254,-0.025461,0.004500,0.004988,-0.045582,-0.001207,0,2945
1.188001,-0.406729,0.010237,-0.031621,-0.015520,-0.018234,0.021510,0.002729,2,2946
4.573534,-1.152108,0.009394,-0.011997,0.018156,-0.030512,-0.028039,-0.039825,2,2947
-0.316970,2.126332,-0.003785,-0.001147,-0.025291,0.012421,0.054182,-0.025976,1,2948
-3.152671,-3.201560,-0.051870,-0.019147,0.018257,-0.013768,0.037646,0.055137,1,2949
-2.605704,2.568236,0.007757,0.009290,-0.023724,-0.038846,-0.010375,0.009913,1,2950
1.712854,5.582439,0.023799,-0.044913,-0.007548,-0.000360,0.011058,0.041565,2,2951
-4.039314,2.197360,0.056153,0.009028,-0.013254,0.003100,-0.048089,-0.033252,0,2952
-0.992662,2.945746,0.008982,0.006365,-0.052129,-0.020262,0.027241,0.016845,1,2953
1.807953,5.500855,0.047463,-0.019963,-0.034789,-0.018541,0.016737,0.036595,2,2954
2.827870,3.534684,-0.027169,-0.022888,0.001804,0.043263,0.005476,0.015794,3,2955
-0.729553,2.314039,0.006389,-0.031333,0.024885,-0.039898,-0.049563,-0.002803,1,2956
0.509740,-5.131223,-0.044079,-0.018414,-0.007864,0.019650,-0.034415,-0.033455,1,2957
2.357986,-3.416071,0.024413,0.012631,-0.020939,0.012514,-0.002781,0.022267,2,2958
-4.457887,1.720633,-0.013427,0.000884,0.021811,-0.003196,0.006042,-0.034793,0,2959
-4.987981,-2.756827,-0.028921,0.055235,-0.037032,0.017026,0.013353,-0.010182,0,2960
2.119082,4.044509,0.007104,-0.020746,0.022743,-0.005258,0.029196,0.001056,3,2961
-2.355608,-3.844072,-0.017296,0.003675,-0.043237,-0.003454,-0.042335,-0.044703,1,2962
2.217674,4.892578,-0.019810,0.050693,-0.018657,-0.028546,0.000936,-0.018077,3,2963
6.651491,-0.260430,0.049334,0.021949,-0.005359,-0.037691,0.046673,0.007212,1,2964
-3.385360,2.804643,-0.056353,0.040280,-0.014229,0.016471,-0.015228,0.033720,0,2965
3.578851,1.351068,-0.032939,-0.031079,0.001254,-0.067807,-0.029185,0.006363,0,2966
3.208170,2.907692,0.007312,-0.000157,0.050389,0.015238,0.011671,0.030190,3,2967
-1.712410,3.066367,-0.007569,0.004497,0.013432,0.070886,0.024361,-0.029563,0,2968
-0.694765,6.789605,-0.000210,0.029406,0.008482,0.009214,0.027498,0.018059,2,2969
3.623924,-0.123887,0.015364,0.015917,-0.035723,-0.029509,-0.021200,-0.004870,0,2970
-1.696878,-2.478163,-0.021682,0.035512,0.030449,-0.003662,0.064610,0.014970,1,2971
6.853322,1.029463,0.027805,-0.016700,0.013837,-0.003737,0.027473,0.007368,1,2972
2.291657,4.186972,0.003570,0.029327,0.011278,-0.001403,0.030605,-0.005200,3,2973
-3.528674,2.726359,-0.006518,-0.065477,0.058028,-0.032542,-0.023007,0.028280,0,2974
3.262895,-2.873716,-0.004487,0.003441,0.011078,-0.050417,0.021374,0.025259,2,2975
-4.268765,1.930682,-0.040297,0.038015,-0.017087,-0.011952,-0.007013,-0.008156,0,2976
-4.992279,-2.616984,-0.007343,0.025136,-0.029342,0.016724,-0.024490,0.055321,0,2977
3.081709,-3.084620,-0.027881,0.016977,-0.007894,-0.041284,-0.099947,-0.023240,2,2978
-1.083519,2.382468,0.003710,-0.009333,0.007867,-0.045654,0.023247,-0.051687,1,2979
3.635475,2.178684,0.010428,-0.029798,0.009078,-0.063010,0.010057,0.003914,3,2980
4.510375,-1.606434,0.044273,-0.053944,-0.016940,0.005083,-0.035027,-0.010765,2,2981
3.276497,4.548942,0.007227,0.026645,-0.035965,0.029732,0.002363,0.019368,2,2982
-1.199595,2.224586,0.013885,-0.009041,-0.047960,-0.024855,-0.006713,0.048363,1,2983
-0.491045,2.332398,0.029450,-0.065593,-0.014704,-0.008952,-0.044528,-0.023253,1,2984
-2.308324,-1.047083,-0.022428,0.000960,-0.013695,0.017880,-0.003287,-0.007528,2,2985
-0.629828,-4.846714,-0.034222,-0.040311,-0.035758,-0.010675,-0.015511,0.018374,3,2986
-0.354376,2.065166,-0.006046,-0.003310,-0.020040,-0.051699,0.030088,-0.000742,1,2987
-2.490109,-3.926153,-0.027385,0.002021,-0.015700,0.011561,0.039427,0.020931,1,2988
-2.490844,-3.808115,0.029119,-0.020103,-0.026878,-0.012912,-0.018579,0.020727,1,2989
5.459033,-2.176158,-0.004955,-0.005918,-0.012971,0.019722,0.017576,-0.030845,0,2990
0.162598,-1.969164,-0.033342,-0.008686,-0.012238,0.010161,-0.031082,0.023393,3,2991
4.488986,-1.610651,-0.008589,-0.024410,-0.036796,0.038928,-0.046171,0.024128,2,2992
-4.237058,1.935310,-0.014015,0.011661,-0.002550,0.075975,-0.001474,-0.006653,0,2993
-0.613335,-6.493151,-0.004192,-0.003360,0.064544,-0.003908,-0.008068,0.028388,0,2994
1.377576,-3.812159,0.023166,0.001266,0.034755,-0.055327,-0.019893,-0.063595,2,2995
3.286599,-0.066041,-0.003653,0.022148,-0.036323,-0.015057,-0.023191,-0.037411,3,2996
-1.990479,-2.503497,0.014870,-0.032244,-0.030394,0.011250,0.034110,-0.029670,0,2997
-1.841721,-4.476111,0.018220,0.017158,0.016147,0.001721,-0.001166,0.045327,1,2998
3.012134,-3.043224,-0.022579,0.051379,0.049424,-0.012234,-0.008084,0.004662,2,2999
0.026900,-2.047814,0.047441,-0.018714,-0.031864,-0.006698,-0.006948,-0.000736,2,3000
1.489429,6.026802,-0.003024,0.008308,-0.025074,-0.022280,0.016499,-0.022503,2,3001
-1.250923,3.073342,-0.026708,-0.022774,-0.029831,-0.024361,0.055631,-0.019870,3,3002
-4.212498,2.051342,0.037066,0.016709,0.021347,-0.028594,-0.002779,-0.030926,0,3003
-0.654220,-5.044182,-0.019763,-0.010107,-0.019547,0.000231,-0.014630,0.014624,0,3004
1.207161,2.476781,0.017789,0.045013,0.057282,0.050578,0.033195,-0.029358,0,3005
2.799747,4.731052,0.016017,0.007569,-0.037277,0.056961,0.021600,-0.015822,2,3006
-3.128584,2.998547,-0.021205,-0.011126,0.005823,-0.029016,0.007399,-0.042962,0,3007
-2.633882,2.255462,-0.012420,0.036947,0.066513,0.042315,-0.008922,-0.057467,1,3008
-3.092294,-3.055129,-0.028188,-0.009005,0.019294,-0.076200,-0.042619,0.041442,1,3009
0.809281,2.966937,-0.003299,0.039769,0.045556,0.021899,0.010884,0.009965,0,3010
-3.316065,-5.061327,0.003397,-0.038247,-0.038906,0.050725,0.020106,0.055813,1,3011
1.512390,2.168017,-0.029955,-0.010916,-0.020860,0.015388,-0.027134,0.052142,2,3012
-3.546363,2.778705,0.026730,0.031124,0.014157,-0.008836,-0.032912,0.039650,0,3013
3.982099,-2.270172,0.020468,-0.010102,-0.012740,0.010280,0.014382,0.047146,2,3014
1.758134,2.269255,0.012839,0.004216,0.009140,0.026176,0.001241,-0.006075,0,3015
-1.448966,2.389546,0.001191,0.001082,-0.010970,0.019196,-0.035362,0.002032,1,3016
2.011035,4.724375,0.021929,-0.002744,0.023672,0.028456,-0.045046,0.040931,3,3017
3.694829,1.850419,0.040444,0.043378,0.015948,0.044367,-0.004205,-0.047588,3,3018
-1.359688,5.710986,0.036788,-0.083187,-0.007678,-0.014584,0.003620,0.047091,3,3019
-4.073594,2.238807,0.041555,-0.007530,0.009123,-0.036276,0.001751,-0.018050,0,3020
1.927810,-2.072289,0.082499,-0.023310,0.074677,-0.017333,0.023054,0.007543,3,3021
0.392030,-2.014011,-0.005939,0.041300,-0.033347,0.039579,-0.024970,0.039843,3,3022
-1.218163,6.793252,-0.002093,-0.025009,0.021349,-0.068204,0.006621,0.035378,3,3023
-1.019684,-6.441028,0.040603,-0.032004,-0.033612,-0.057936,0.003537,0.030816,2,3024
2.700986,3.635207,-0.018825,0.003007,0.016845,0.010485,-0.025240,-0.018664,3,3025
-1.194317,5.945839,0.045662,0.014515,0.019506,0.020795,-0.001408,0.046936,3,3026
-4.945756,-2.918085,-0.011245,-0.006592,0.016238,0.001778,-0.008273,0.049930,0,3027
-1.744197,2.753476,-0.002622,0.030739,0.042855,0.002417,-0.030195,0.021213,3,3028
-1.414518,-6.261073,0.015448,-0.019935,-0.021432,-0.021400,-0.025123,-0.019461,0,3029
1.985907,5.465985,0.001669,-0.040555,0.012601,0.028703,-0.052321,-0.006017,2,3030
-1.626682,-1.007763,0.011955,0.031995,-0.010745,-0.003526,0.044304,0.005308,2,3031
-4.333233,1.865677,0.014664,-0.006346,-0.006307,0.031184,-0.005444,-0.021463,0,3032
-4.144622,2.093712,-0.027493,0.030762,-0.002658,0.014633,0.025828,0.017693,0,3033
3.632996,1.548175,-0.043883,0.009751,0.012813,0.038024,0.002863,0.006019,3,3034
4.677004,-1.077626,0.023160,-0.043059,0.033444,0.003553,0.018370,-0.040565,2,3035
-2.689375,-3.580389,0.006028,-0.042448,-0.027150,0.008763,0.031312,-0.052004,1,3036
1.605672,-5.063982,0.054091,-0.001919,0.010801,-0.024686,0.005290,0.011494,1,3037
5.515756,-2.902227,-0.022222,-0.001515,-0.002431,-0.053994,-0.040066,-0.041986,1,3038
-2.556711,-3.719283,-0.004009,-0.044802,-0.005592,0.016033,-0.007786,0.020281,1,3039
-5.570639,6.605477,-0.003667,-0.044459,0.001091,-0.016035,-0.005211,-0.012491,0,3040
3.341698,2.515162,0.014705,-0.009915,-0.000666,0.019292,0.003085,-0.021343,3,3041
-2.321589,2.924411,-0.015724,0.035251,-0.053352,0.046929,-0.009776,0.006506,1,3042
-3.294800,-2.919703,0.056950,-0.036564,-0.005288,0.010089,-0.032880,0.019712,1,3043
1.688491,5.974238,-0.053542,-0.003526,-0.033930,-0.002826,0.006857,-0.018026,2,3044
-1.126067,2.315191,-0.003434,0.044521,-0.046007,-0.025976,0.032804,-0.018117,0,3045
3.196761,-2.956301,-0.004081,-0.038010,-0.025013,0.036801,-0.034299,0.037528,2,3046
-4.440464,1.886795,-0.005825,-0.027171,0.037980,0.005917,0.029624,-0.021523,0,3047
4.192359,0.824083,0.055413,0.035009,0.047833,-0.046326,0.040966,0.038582,3,3048
-0.059081,7.700680,0.005725,0.000123,-0.050152,-0.017702,-0.005935,-0.034572,3,3049
-2.843284,-3.556745,0.004178,-0.013352,0.043281,-0.047042,0.044273,0.002846,1,3050
-2.208167,2.873390,0.036870,-0.032508,-0.003501,0.016531,-0.021425,0.067531,0,3051
-4.372466,1.823186,-0.031118,0.036906,0.060120,0.021791,0.002896,0.021864,0,3052
-4.003898,-6.788907,0.080274,0.038109,-0.044546,-0.007312,-0.034300,0.025497,0,3053
3.898453,-2.335976,-0.003095,-0.102091,-0.026304,-0.008544,0.025706,-0.025027,2,3054
-1.629293,2.306257,0.052101,0.001763,0.051379,-0.016893,0.000588,0.016491,1,3055
3.493105,-0.256264,0.017217,-0.033011,-0.052142,0.087757,-0.024384,0.056364,3,3056
3.117199,-3.112598,0.022538,0.040616,-0.021402,0.017759,-0.015952,-0.014995,2,3057
0.792759,2.656163,-0.012607,0.018540,-0.033297,0.037167,-0.020606,0.026581,0,3058
2.195229,4.367810,-0.038380,0.014246,-0.017540,-0.020909,0.010246,0.023442,3,3059
-0.090505,2.056097,0.031578,-0.017118,-0.002546,-0.011696,0.013539,-0.014049,1,3060
3.253076,2.591716,0.012950,0.006350,-0.026312,-0.019700,-0.001373,0.004046,3,3061
-1.350834,2.397731,0.016973,0.001709,-0.010347,0.026050,-0.006028,0.043092,1,3062
2.630740,3.722062,0.044364,-0.010253,-0.017282,-0.031741,0.017307,-0.000589,3,3063
5.021374,-0.365089,0.003649,0.008520,-0.018590,0.018004,-0.035890,0.000314,2,3064
-3.111806,-2.390504,0.006449,-0.008303,0.014802,0.016354,0.023075,-0.036585,1,3065
-3.027025,2.965267,-0.009096,-0.061143,-0.009928,-0.027050,0.027621,0.014635,0,3066
5.664694,6.638786,0.010211,-0.010994,-0.026232,-0.028247,0.036396,0.052131,1,3067
-3.874894,2.429047,0.010667,-0.005398,-0.022703,-0.024053,-0.007681,0.051064,0,3068
-3.890017,0.260263,-0.017846,0.000008,-0.054647,-0.005750,0.009802,0.039889,1,3069
-3.187063,2.966369,-0.015626,-0.015710,0.025535,-0.067017,-0.026409,0.018998,0,3070
2.916053,-1.418114,-0.007647,0.039509,0.024425,0.016126,0.005150,-0.016648,3,3071
0.726359,-2.197429,0.043267,0.041071,0.002902,0.002384,0.017018,0.013410,3,3072
-6.560656,0.527120,-0.037373,-0.042743,0.041551,-0.000935,-0.000279,-0.007551,2,3073
1.917568,-5.072113,-0.042683,-0.034654,0.006819,-0.004808,0.016179,-0.026940,1,3074
2.032546,4.638453,-0.084137,-0.018280,0.031573,0.001824,-0.015689,-0.013281,3,3075
0.686876,-5.147322,0.026876,0.010063,-0.001931,0.023945,0.054883,-0.020557,1,3076
-1.552728,2.772093,-0.007430,-0.000502,0.025593,0.034780,0.014767,-0.044322,1,3077
3.681287,-4.375273,0.007672,-0.012321,0.018563,0.004999,-0.045657,0.042035,1,3078
-5.270638,2.622033,0.063778,-0.015563,-0.020510,0.009841,-0.005555,-0.037023,3,3079
2.632340,3.770221,0.005585,-0.036877,-0.040785,0.030373,-0.034332,-0.009900,3,3080
-2.937631,-3.279830,0.004832,-0.016191,0.001439,-0.017335,-0.015910,0.015063,1,3081
1.618248,-6.787359,0.040144,-0.010115,-0.049432,-0.043163,-0.029310,0.007465,0,3082
-3.614132,2.592054,-0.049059,0.014899,0.004576,-0.034378,-0.052477,0.010954,0,3083
4.612646,5.691863,-0.002920,-0.040842,-0.025741,-0.021545,0.017949,-0.004432,2,3084
-5.202197,-0.833447,-0.012046,-0.014544,0.015954,0.039191,-0.007596,0.068797,2,3085
4.514130,-1.412448,0.025645,-0.015546,-0.007168,0.022051,-0.023948,0.027467,2,3086
0.191101,-4.787503,-0.004029,0.011743,0.020794,0.000504,0.021204,-0.017595,3,3087
-1.878618,-4.526091,0.048693,0.031606,0.000432,0.009201,-0.004962,0.017597,1,3088
6.044633,-2.064352,-0.010074,0.010374,0.019080,0.017390,-0.016091,-0.063535,1,3089
5.273542,-3.028120,0.029847,-0.034030,-0.014977,-0.024360,-0.006477,0.053291,1,3090
2.846017,3.485044,-0.036115,-0.048033,0.017270,-0.074177,-0.000264,0.017196,3,3091
-1.296311,-2.943662,0.043039,0.108852,-0.035837,-0.033498,-0.013193,0.008490,2,3092
1.895318,4.934564,0.006036,-0.012085,-0.000599,-0.006452,0.015385,0.020109,3,3093
0.807157,-6.783684,0.008386,0.002297,-0.046002,-0.028975,-0.005386,0.002576,0,3094
6.753551,3.953389,0.009029,-0.021854,-0.019881,-0.025273,-0.021277,0.013334,1,3095
-2.747424,-3.392785,0.031132,0.008373,-0.023514,-0.013152,-0.015251,0.014799,1,3096
2.868440,3.768153,-0.024810,0.001741,0.045322,-0.000304,-0.021445,-0.009361,2,3097
-2.930467,5.280174,-0.002533,0.012321,-0.031896,0.004705,0.006018,0.013928,3,3098
3.304106,-4.473692,0.027591,-0.035898,-0.025000,-0.017177,0.036925,0.007828,2,3099
-6.180285,1.999735,0.036985,-0.025420,-0.067398,-0.014730,-0.035012,0.023317,1,3100
0.417645,6.522062,0.003371,0.003741,0.016972,-0.003185,0.044448,0.011104,0,3101
-4.009291,2.301278,-0.001453,0.025431,0.006375,0.001531,-0.046663,0.013823,0,3102
-6.527055,0.701069,0.045004,-0.019215,0.020335,-0.011654,0.022549,-0.027764,2,3103
-3.923781,-4.473038,-0.015257,-0.021479,-0.050292,0.066733,-0.031897,-0.016937,2,3104
3.918616,-2.355676,-0.022306,0.058806,0.007338,-0.009616,-0.051052,0.014818,2,3105
2.786184,-3.362420,-0.013011,-0.024523,0.008441,-0.024900,0.011785,-0.001378,2,3106
-1.040395,4.648560,0.009303,-0.064688,-0.018942,-0.036780,-0.068477,-0.023547,1,3107
-4.024299,2.337041,0.008573,0.045443,0.001466,0.031588,-0.024516,0.000541,0,3108
-4.121148,2.167876,0.011849,-0.003166,0.021409,0.027340,0.009886,-0.023832,0,3109
-3.876010,2.433928,-0.051728,-0.030454,-0.003732,0.003894,-0.058754,-0.020114,0,3110
3.061977,4.533882,-0.033913,0.000812,-0.014475,-0.016536,0.029855,-0.030982,0,3111
2.585559,3.834774,0.010554,0.033934,-0.004583,-0.008356,-0.017332,0.043073,3,3112
2.126595,4.933282,0.000506,0.024477,-0.012801,-0.030090,-0.025000,-0.032585,3,3113
2.108442,4.478176,-0.059010,0.008390,0.020942,0.019643,-0.035638,-0.017112,3,3114
3.048007,4.275484,-0.005579,-0.002220,0.007923,0.025827,0.002725,0.024765,1,3115
-3.041960,-3.247915,0.019033,-0.019745,0.004112,0.045482,-0.013640,0.101132,1,3116
2.990576,4.528955,-0.033700,0.007221,-0.010065,0.021370,0.040928,-0.001529,2,3117
-3.000642,2.058348,0.002827,0.042382,-0.007985,0.034753,0.040896,0.047265,1,3118
-4.225878,1.804423,0.022581,-0.007675,-0.034794,-0.000522,0.010110,-0.022816,0,3119
-4.622096,1.245752,-0.009091,0.029749,-0.018448,0.019518,-0.033824,-0.008407,0,3120
-0.077883,2.033319,-0.004151,-0.005284,-0.006734,0.018928,0.002092,0.008540,1,3121
-3.284622,2.929256,0.015918,-0.039717,-0.002147,-0.006282,-0.012928,-0.026229,0,3122
2.088259,0.378000,0.007183,0.032795,-0.018130,-0.035758,0.023220,0.008653,0,3123
4.668204,-4.046370,-0.059433,-0.010038,0.009488,-0.059993,-0.002068,0.057303,1,3124
-0.124911,-3.588027,0.008686,0.013668,0.011999,-0.022799,0.050210,0.060401,2,3125
2.452891,0.971491,0.005695,0.035713,0.010891,0.054415,0.054767,-0.042625,1,3126
-6.935296,-1.075258,0.010243,-0.054509,0.013977,0.026533,0.001687,-0.007901,3,3127
2.393991,0.730990,-0.012176,0.014621,0.035879,-0.020969,0.045513,0.056581,0,3128
-5.000206,-2.554226,-0.012991,0.039907,-0.000777,0.008905,0.018312,-0.041245,0,3129
4.585351,-1.274812,0.000953,0.062360,0.001465,-0.066527,0.030484,-0.005789,2,3130
1.745041,4.951534,-0.052642,-0.030258,0.065567,-0.000576,-0.022142,-0.002541,0,3131
-2.584000,5.416867,-0.014746,0.046572,0.020579,0.019645,0.004602,0.017557,3,3132
-6.459174,1.677899,0.009292,0.000881,0.069127,0.019794,0.019697,0.003077,3,3133
-4.139800,-4.100439,0.042161,-0.012970,-0.020881,0.032812,0.022638,-0.021345,1,3134
-5.181797,0.125846,0.011786,0.006183,0.004162,0.058205,0.036951,-0.039767,1,3135
-5.137009,-0.449730,-0.031122,0.005706,0.003621,-0.010413,-0.005826,0.008120,0,3136
-5.069427,0.617866,-0.006248,-0.014641,0.011683,-0.001842,0.016496,-0.008923,0,3137
4.620490,-1.766810,-0.002745,0.025556,0.042665,-0.083457,0.023309,0.016176,2,3138
3.618640,-2.636835,-0.001639,-0.032193,-0.005663,-0.009062,-0.038731,0.018563,2,3139
-1.994850,2.915279,0.002701,-0.020436,0.050240,0.033494,0.013102,0.005967,0,3140
4.569558,-1.457334,0.026858,0.021423,0.037038,0.006883,-0.031580,0.013590,2,3141
1.277373,-2.124373,0.031564,-0.024411,0.037263,-0.063979,-0.015755,-0.039689,1,3142
1.360962,5.390253,0.064073,-0.015264,-0.007889,-0.035061,-0.004765,0.004296,2,3143
-3.452340,2.950549,-0.059838,0.013646,-0.015358,0.020816,-0.000328,0.055610,0,3144
-3.740755,-1.867275,-0.034543,-0.002716,0.007894,-0.044818,-0.012223,-0.032367,1,3145
-5.966398,1.938601,0.005303,-0.022263,-0.021376,-0.020171,-0.027078,0.010642,3,3146
1.731129,2.107535,0.038342,0.014008,0.037598,0.029583,0.000095,0.028159,0,3147
-1.174570,-4.084662,0.040793,0.026556,-0.041079,-0.007626,-0.000695,-0.013066,1,3148
3.766134,-2.598695,-0.027288,-0.044020,-0.012927,0.056565,-0.035462,-0.016140,2,3149
4.835045,-8.614427,0.044656,-0.038639,0.023140,-0.007637,-0.018013,-0.000263,3,3150
2.174448,-3.490777,0.025062,0.038572,0.031057,-0.036558,0.003471,-0.022235,2,3151
-6.328816,-8.884073,-0.009549,-0.025145,-0.031021,0.008431,-0.017146,0.058072,3,3152
-5.592978,3.042330,0.007324,0.031709,0.040841,-0.016077,0.033730,0.002914,3,3153
3.027932,3.212992,-0.036856,-0.025016,0.066953,0.002912,-0.018447,-0.063598,3,3154
-3.434483,2.805001,-0.009153,-0.006842,0.039734,0.010925,0.017608,0.079776,0,3155
-2.134697,-4.183079,-0.032933,-0.033533,0.043422,-0.001727,0.008749,-0.034001,1,3156
-2.108457,-4.221726,-0.016809,0.030041,0.006276,0.003844,-0.011859,-0.012041,1,3157
0.489959,-5.210761,0.044732,0.001944,-0.046106,0.016707,0.024498,-0.027722,1,3158
2.491594,3.915488,-0.023081,-0.013563,-0.024051,-0.014931,-0.003316,-0.022401,3,3159
6.790840,0.893681,-0.014641,0.016519,0.045261,-0.009931,0.012933,-0.003036,1,3160
2.454293,4.008813,0.021804,-0.029507,0.030379,0.058946,-0.044128,0.005356,3,3161
-2.410565,3.028872,0.000884,-0.004442,-0.034074,-0.061963,0.014599,-0.025455,0,3162
2.795275,-3.345585,-0.000399,0.003944,-0.061950,-0.025589,0.002741,0.030107,3,3163
-1.830843,-6.274447,-0.051828,-0.037456,0.010399,-0.048900,-0.013658,0.062289,0,3164
-0.969370,-2.884491,-0.031571,0.003070,0.010717,0.032997,-0.022045,0.020657,0,3165
2.848692,-6.708128,0.052839,0.023936,-0.058212,-0.024814,0.058262,0.046245,0,3166
1.259679,-5.272042,0.019351,-0.041212,0.016651,-0.008365,0.000177,-0.027711,1,3167
-1.880609,2.756094,-0.005923,-0.011591,-0.016100,-0.059461,0.004627,-0.015410,1,3168
-3.110343,-5.444490,-0.048607,-0.023177,0.028904,0.012156,0.049643,0.021661,0,3169
-3.638603,2.566515,-0.007481,0.029846,0.037525,-0.046958,-0.032464,-0.014182,0,3170
-0.632026,-6.536941,-0.007643,0.013878,0.041041,-0.061193,-0.020809,-0.018283,2,3171
-4.355988,1.831349,-0.009517,0.005901,-0.033504,0.035944,0.049421,-0.006982,0,3172
0.571342,-3.586499,0.030360,0.036161,0.073490,-0.039788,-0.011835,-0.046479,2,3173
-5.990000,2.277717,0.017250,0.008889,-0.006806,0.028229,-0.002666,-0.039578,3,3174
3.127844,2.970899,-0.016328,-0.008291,-0.010438,0.014710,-0.027338,0.017223,3,3175
-3.433397,2.789138,-0.027463,-0.021055,-0.007260,-0.019386,-0.040800,0.021725,0,3176
-2.757918,2.086568,0.009155,0.014688,0.023145,0.020432,0.039919,0.021253,1,3177
1.797507,6.053111,0.020839,-0.052828,0.032870,-0.012773,-0.014367,-0.018487,2,3178
-3.683171,-1.919165,-0.026980,-0.014324,-0.032932,-0.037055,0.028765,0.040729,0,3179
0.883581,-2.114331,0.009012,0.007580,0.009804,-0.033835,-0.025506,-0.041386,3,3180
-0.057079,-1.872859,-0.014240,-0.004758,-0.031974,-0.052328,-0.009178,0.020220,3,3181
-1.585949,-4.563634,-0.038327,0.019827,0.043060,-0.015435,0.006034,0.068281,1,3182
-2.726072,-3.559709,-0.037804,-0.056101,-0.043755,-0.043160,0.027343,0.054902,1,3183
-1.765657,2.506966,0.047327,-0.004346,0.037334,0.069629,-0.043360,-0.034563,1,3184
-2.648737,3.137433,0.029893,-0.007332,0.015864,0.001701,0.015849,-0.019712,0,3185
-4.336565,4.396670,0.024512,-0.002717,0.063148,-0.010337,-0.052862,0.002835,3,3186
-3.286937,2.867743,0.056573,-0.001876,0.051470,0.016109,-0.036986,-0.005044,0,3187
-3.279566,2.892014,0.002437,-0.014686,-0.039259,-0.010957,-0.052978,-0.046584,0,3188
4.651296,-3.649282,0.014889,0.003549,-0.023304,-0.046399,-0.042852,0.036765,1,3189
-3.037853,-3.173613,0.058822,0.012441,0.005540,0.013890,0.009041,0.025998,1,3190
3.310501,-2.964679,-0.008986,0.034001,-0.037992,-0.026568,0.027380,-0.001737,2,3191
1.437640,6.118599,-0.010049,-0.019184,-0.014131,-0.048217,0.007398,-0.016695,2,3192
3.746506,-2.635996,0.020357,0.069481,-0.054122,0.035706,0.000262,-0.037436,2,3193
-2.991470,3.063558,0.040992,-0.068463,-0.051996,-0.002928,0.017959,0.006363,0,3194
-3.162136,2.838663,0.016230,-0.015267,-0.064804,-0.001224,-0.089903,0.014494,0,3195
-3.436023,-2.767923,0.027614,0.012549,-0.002809,0.019651,0.038575,-0.005782,1,3196
-2.807266,-5.791715,-0.012054,0.028917,0.006518,-0.006897,0.000735,0.016231,0,3197
-1.255222,-2.923798,0.016212,0.044779,-0.026854,-0.010610,-0.013869,0.046470,2,3198
-3.189427,2.955990,0.030653,0.008112,0.045716,0.028624,-0.021883,-0.030529,0,3199
4.063917,-4.254422,0.029765,0.020080,-0.015667,-0.035142,0.044681,-0.077252,2,3200
1.833642,5.059083,0.004247,-0.040232,0.007159,-0.025666,0.034483,0.045020,3,3201
5.977371,-2.304825,0.043223,-0.000559,-0.035247,0.020410,-0.012653,0.011142,1,3202
-3.857184,-4.838506,-0.020367,-0.032025,0.011198,0.001952,0.001675,0.055953,0,3203
-0.763598,2.243467,-0.052509,-0.015515,-0.036601,0.037052,-0.003190,-0.004042,1,3204
4.569404,-1.367146,-0.028367,-0.025335,-0.008249,-0.008930,-0.019532,0.022160,2,3205
-3.150069,-2.975439,0.063187,-0.019968,0.035153,0.010358,0.003094,0.006231,1,3206
6.632060,0.019901,0.032165,-0.025013,0.015350,-0.027133,-0.000696,-0.003699,1,3207
4.354458,-1.703247,0.011375,0.010985,-0.011267,0.013517,0.009170,-0.037468,2,3208
3.724553,1.312777,-0.025434,0.020787,0.036008,0.004167,-0.004466,-0.034137,3,3209
-2.959583,-5.528639,0.012498,-0.014571,0.018146,0.051234,0.000381,-0.012463,0,3210
4.183276,-1.948934,-0.019097,0.010891,-0.019389,-0.013670,-0.014665,0.028085,2,3211
2.937644,-3.113814,-0.031338,-0.011868,-0.015546,0.000535,-0.036817,0.016235,2,3212
0.885810,6.186958,0.046546,0.000340,-0.019636,0.010503,-0.060866,-0.039868,2,3213
-4.419507,1.859434,0.026402,0.034081,0.019585,-0.000436,0.026433,-0.006107,0,3214
-3.017840,3.006809,0.017621,-0.005668,-0.001806,0.028668,-0.001591,-0.050885,0,3215
3.631583,0.869196,0.047320,-0.023626,-0.000964,0.021833,0.017738,-0.003246,3,3216
2.663775,3.720180,0.016701,0.005170,0.006979,-0.003535,-0.031024,0.019922,3,3217
-2.126960,-1.722106,-0.009617,-0.003267,-0.000526,0.037114,0.002870,-0.033396,2,3218
3.214577,-3.009369,-0.037625,-0.026523,-0.007399,-0.014398,-0.009937,-0.019170,2,3219
-7.654978,-1.173356,0.021667,-0.038097,-0.062993,-0.064566,-0.044736,0.009197,2,3220
0.755111,-3.792402,-0.012525,-0.041978,0.010059,-0.011759,-0.000663,0.062360,2,3221
1.586998,5.945775,0.006239,-0.046374,0.026170,0.029508,-0.006847,0.012614,2,3222
-4.774646,-3.450864,0.031152,-0.051150,0.026782,-0.013975,-0.000921,-0.000161,0,3223
3.076257,3.108364,-0.040494,0.004374,-0.030680,-0.020491,0.040916,-0.021949,3,3224
2.855716,3.381662,-0.017279,-0.000789,-0.002704,-0.021641,-0.020636,-0.032779,3,3225
-4.205685,-4.111927,0.004220,0.042403,-0.004077,-0.039260,0.027592,-0.051100,0,3226
-4.985653,0.612891,-0.002154,-0.021701,0.035517,0.026901,-0.048194,-0.046522,0,3227
0.105434,-3.479900,-0.051299,-0.020009,0.011125,0.009016,0.016363,-0.017022,2,3228
-1.766127,2.622956,0.000670,0.035454,-0.032605,0.031794,-0.012113,0.004487,1,3229
2.954121,3.242568,-0.002390,-0.021873,-0.002830,-0.046051,0.009384,0.003457,3,3230
1.942993,4.954154,-0.077154,0.036852,0.015475,0.007229,0.013458,0.010212,3,3231
1.392337,-2.214461,-0.016418,0.008259,0.011326,-0.025803,-0.016965,0.014456,3,3232
4.989310,-3.479908,-0.028636,0.011674,0.001146,-0.023704,-0.044061,-0.001588,1,3233
1.965869,-5.257939,-0.012377,-0.028473,0.034403,-0.013026,0.034076,0.019071,1,3234
2.620497,-4.946244,0.011988,0.026983,-0.021331,-0.032028,-0.043929,0.008251,1,3235
2.952496,-3.095957,0.066831,-0.012148,0.005285,-0.016067,0.001080,0.003852,2,3236
5.023409,0.846631,-0.023417,-0.061426,-0.014847,-0.003025,0.021400,0.009559,2,3237
-1.956501,-2.077072,0.013351,-0.013747,-0.021852,0.002289,-0.033885,0.055645,2,3238
1.988514,5.875956,-0.014072,-0.006665,-0.007429,-0.007082,-0.014330,0.022004,2,3239
-1.981553,-0.162174,-0.013857,0.002200,-0.010441,-0.030337,0.024693,0.010124,2,3240
-6.794480,-3.744665,0.015310,0.044132,0.064304,-0.047098,-0.047034,-0.036566,0,3241
-3.192606,-5.107494,-0.006332,0.015362,0.004894,-0.061461,0.002783,-0.052180,0,3242
4.405483,-1.537329,0.062792,-0.008319,-0.028947,-0.005309,-0.006305,-0.002542,2,3243
-2.211827,-1.243702,0.079305,0.018952,-0.021695,-0.016272,-0.030355,-0.001187,0,3244
-2.708177,2.999711,-0.006965,-0.000195,0.049218,-0.000637,0.011846,-0.023366,0,3245
-0.361128,2.165498,-0.085042,0.023584,-0.011473,0.028396,-0.062248,0.028751,1,3246
2.213309,0.696202,0.080362,0.022694,-0.028604,-0.022227,0.009485,-0.002911,0,3247
0.220935,2.949535,-0.038049,0.002024,0.018600,0.071549,0.039975,-0.027486,0,3248
-1.379938,-2.744018,-0.013297,0.010341,0.014461,0.011955,-0.000228,-0.016001,2,3249
-4.478377,1.555066,-0.032690,0.023529,0.007681,0.019782,-0.046515,0.017804,1,3250
-2.531228,2.211307,-0.001555,0.058802,-0.016656,-0.046239,0.004118,0.000575,3,3251
-1.969006,-4.269559,-0.022508,0.018834,-0.035683,0.016153,-0.004758,-0.011249,1,3252
0.703608,2.770095,0.003343,0.020572,-0.006811,0.016164,-0.036703,-0.004024,0,3253
-3.772554,1.205754,-0.009256,0.007861,-0.016388,0.025404,0.020181,-0.049896,1,3254
1.748579,-3.543290,-0.048710,-0.034473,0.000074,0.006692,-0.018388,0.012300,2,3255
2.323050,-1.474147,0.009171,-0.021967,-0.026521,-0.038481,0.014004,-0.013301,3,3256
-2.474366,2.229543,-0.008918,0.007102,0.039064,-0.013842,-0.006451,-0.057529,1,3257
-3.039982,3.000613,0.050275,0.035127,-0.014770,0.002914,0.009160,0.030493,0,3258
1.015160,-3.940467,0.058518,0.038853,-0.003091,-0.013532,0.013290,-0.044390,2,3259
-3.569833,2.775065,-0.038766,-0.071827,0.011951,-0.035695,-0.013194,-0.014296,0,3260
8.000741,-3.207373,-0.016921,-0.018647,-0.023953,0.015975,-0.021668,0.038067,1,3261
1.773606,1.992542,-0.015663,0.041661,0.019682,0.016097,0.011676,-0.025558,0,3262
6.803108,0.169413,-0.007667,0.006159,-0.015602,-0.008519,-0.023566,-0.011446,1,3263
0.614090,3.009551,-0.059774,-0.003663,-0.001592,-0.037808,-0.004672,-0.031509,0,3264
2.104871,0.436372,0.004707,0.038085,0.008515,-0.048768,0.003031,0.044146,0,3265
-2.634898,5.486070,0.016392,0.012242,0.005229,-0.042868,-0.015919,0.008369,1,3266
-4.103922,2.283983,0.001639,-0.033365,-0.004951,-0.020244,-0.012177,0.027371,0,3267
-1.222254,-4.656359,0.010826,0.053133,-0.008143,0.007017,0.016736,-0.035519,1,3268
-0.605723,2.123713,-0.042115,-0.002172,-0.017891,-0.021592,0.048734,0.029067,1,3269
-4.742597,-2.656256,-0.055988,-0.023657,-0.028818,-0.010002,-0.022524,-0.042432,3,3270
-5.304092,-0.074357,0.038066,0.010373,0.009615,0.000618,-0.000019,-0.016968,0,3271
-0.041221,-5.168575,0.036225,0.000790,0.050179,-0.011752,0.004118,0.006382,1,3272
-2.981385,-5.575762,-0.022609,-0.019834,-0.037157,0.020967,-0.028386,0.039514,0,3273
-2.976454,-3.337023,0.021952,-0.013136,0.012751,0.034729,-0.003145,0.004308,1,3274
3.187834,-2.971661,0.006404,-0.023198,0.003790,0.038229,-0.001342,-0.007047,2,3275
-4.413179,1.889831,0.016371,0.054552,-0.058273,-0.041211,-0.006212,0.006836,0,3276
-0.876725,-3.125797,0.002332,0.047938,-0.045261,-0.036665,-0.005059,-0.023579,3,3277
0.032804,2.049257,0.022214,0.020184,0.069857,0.032582,0.029908,-0.005502,1,3278
-3.374921,2.830689,-0.036686,0.026199,-0.014288,-0.044822,-0.039191,0.030216,0,3279
1.392608,6.301778,-0.026581,-0.032388,0.026407,-0.015015,0.012252,0.027935,2,3280
6.672284,-0.460748,0.056180,0.060120,-0.026564,-0.035887,0.013391,0.031338,1,3281
1.860987,4.495616,-0.056310,0.007057,-0.025215,-0.035260,-0.021887,0.034650,3,3282
-2.552940,-3.445634,-0.032520,0.009776,-0.053727,-0.029282,0.004109,0.005896,2,3283
1.580606,-2.299970,0.046596,0.064562,-0.043003,0.009567,-0.016173,-0.028166,3,3284
-3.429045,-2.524559,0.016646,0.029307,0.027627,0.006673,-0.067450,-0.056793,1,3285
5.365415,4.975393,-0.000310,0.033653,0.011981,-0.030713,0.044855,-0.035146,3,3286
-2.194422,-0.298718,-0.018420,-0.032687,0.007328,-0.030561,0.068602,0.034477,0,3287
-0.551504,2.154128,-0.015861,0.004952,0.018619,-0.024719,0.042431,-0.066416,2,3288
-4.931660,0.850522,-0.013867,0.011527,0.021000,0.021075,0.063207,-0.018104,0,3289
2.195341,4.466336,0.018763,0.043876,0.025465,-0.007312,-0.030689,-0.016512,3,3290
-1.076960,2.908245,-0.017174,-0.012153,0.011164,-0.015812,0.002421,-0.003059,0,3291
2.781139,3.567506,-0.007879,0.027188,0.001680,-0.003501,-0.000263,-0.054959,3,3292
3.702725,-2.631379,0.010436,-0.018451,-0.034104,0.053467,0.008128,0.016478,2,3293
3.366476,-2.838324,0.010033,-0.038082,-0.049132,-0.001807,0.026959,-0.043539,2,3294
1.663768,5.246186,-0.004103,0.031691,0.005392,-0.092430,0.024964,-0.001414,1,3295
-1.039761,6.688707,0.003312,0.019063,-0.025169,-0.018977,-0.008484,0.001069,1,3296
-1.585567,-4.364541,0.050728,0.020104,0.003961,0.035257,0.037131,-0.045826,1,3297
-1.309673,-3.736628,0.040712,-0.014648,0.024604,0.029094,0.025441,-0.017431,3,3298
1.755181,5.925198,0.021148,-0.009023,-0.038071,0.004690,0.024672,-0.023331,2,3299
-1.257059,-4.704372,0.028137,-0.044314,-0.052426,0.044158,0.021286,0.016246,1,3300
-4.464387,1.716949,-0.000933,-0.000716,0.015780,-0.020060,-0.021477,0.008015,0,3301
4.762609,2.416687,-0.007397,-0.019038,0.017913,-0.052620,0.011598,0.004894,2,3302
-2.874727,-3.298451,0.005793,0.049871,-0.035201,-0.040761,-0.075504,0.043765,1,3303
-3.894264,2.356974,-0.022162,0.012020,-0.062848,0.009341,-0.005176,0.025388,0,3304
-2.739150,-3.577059,0.053791,-0.029809,0.046504,-0.042310,-0.024111,-0.019756,1,3305
1.832369,-2.100287,0.016646,0.040243,0.004693,0.051178,0.025735,-0.033761,3,3306
-2.899381,2.158440,-0.029927,-0.002610,-0.007676,-0.034066,0.004973,0.008313,1,3307
-2.444926,-3.593038,-0.049266,-0.007943,0.014744,-0.022937,-0.010754,-0.011198,1,3308
-2.282208,-5.962254,0.022950,-0.056176,0.000314,0.070761,0.023638,0.001998,0,3309
2.214108,5.127186,0.011488,-0.057426,-0.020797,0.014647,0.020524,0.027029,2,3310
-4.939702,0.720482,0.025919,-0.029260,0.007438,-0.052504,0.038023,-0.053476,0,3311
3.363721,0.590181,-0.062540,-0.002977,0.044498,0.044951,0.008001,0.007745,0,3312
2.959018,-3.253946,0.009010,0.020040,-0.019676,0.002286,0.005566,0.041205,2,3313
3.435353,-0.254374,0.046488,0.021516,-0.026903,-0.040071,-0.045075,-0.013433,3,3314
-2.941033,2.061884,-0.035775,-0.031664,-0.049290,-0.006966,-0.009063,0.057868,1,3315
-1.696325,-4.408620,-0.021032,0.021885,0.009621,-0.004191,0.012473,-0.054858,1,3316
3.510436,-2.848111,0.020106,-0.023245,-0.012341,0.041462,-0.001773,0.044658,2,3317
1.892015,5.637561,0.036493,0.015585,-0.032436,0.007548,0.006520,0.029562,2,3318
2.135821,0.704436,0.003965,-0.037261,0.038961,-0.008815,0.021013,0.015386,0,3319
3.609102,1.774596,0.017272,-0.006439,-0.030419,0.011236,0.011883,-0.000524,3,3320
0.388718,-5.107058,0.000621,-0.000404,0.041306,-0.011988,-0.015658,-0.061811,1,3321
-1.314122,-3.003518,0.028466,0.007860,0.034813,0.003258,0.009852,-0.068749,2,3322
-3.944535,4.563495,-0.047336,-0.025134,-0.018111,0.017579,-0.011175,-0.054642,3,3323
3.674491,-4.407742,0.004242,-0.023192,-0.018326,-0.038905,0.020889,-0.040165,1,3324
-1.911397,-1.867936,0.002441,-0.003203,0.005765,0.039403,-0.022870,-0.043351,3,3325
2.909759,-3.208256,0.056834,-0.015998,0.015519,0.036594,-0.021752,-0.014223,2,3326
-2.888006,-5.434203,0.026386,-0.015524,-0.018810,0.027002,0.023674,-0.047292,0,3327
2.194191,-3.554913,-0.051653,-0.002316,0.012664,-0.057816,-0.020951,-0.001758,2,3328
3.609603,-2.647418,-0.053701,-0.081517,0.047520,-0.026708,-0.023387,-0.024046,2,3329
1.288011,-3.561017,-0.002068,0.024820,0.016539,-0.053268,-0.024902,0.057037,2,3330
-4.709542,4.211046,-0.061762,-0.039153,0.014733,-0.020362,-0.011413,-0.002890,3,3331
4.329059,2.820571,-0.010330,-0.033251,-0.010430,-0.021658,-0.007895,0.006695,2,3332
8.606351,8.294885,-0.081303,0.020573,-0.010892,0.051382,0.005506,-0.016061,3,3333
0.152260,3.023884,-0.009948,0.001513,-0.027871,0.041559,0.008693,-0.010821,0,3334
5.670929,-5.287826,0.012331,0.027304,-0.004316,0.000412,-0.039477,0.048434,0,3335
-1.286700,-4.579057,0.036295,0.038971,-0.003673,-0.025646,0.012945,0.008630,1,3336
-0.753007,6.730118,0.011043,-0.010649,-0.020167,-0.024202,0.028330,-0.076835,2,3337
-1.776921,-4.487704,-0.082147,-0.058002,0.011956,0.035951,0.024104,-0.026745,1,3338
2.117624,0.939027,0.007626,0.000004,-0.035291,-0.018050,0.042979,0.044744,0,3339
0.873134,5.613167,0.032073,0.007479,-0.049001,-0.000180,0.021590,0.008461,2,3340
3.278389,4.576784,-0.030315,0.060808,-0.010393,0.015576,-0.012223,0.008036,0,3341
-5.037134,-2.459099,0.016064,0.040871,-0.014169,-0.030324,-0.048366,0.030538,1,3342
-2.366742,2.991296,-0.026824,-0.008230,-0.035623,-0.041207,0.047471,-0.004061,0,3343
-6.673420,-0.451534,0.004055,-0.021033,0.020576,-0.016309,0.016904,0.007036,2,3344
-3.586950,0.922022,0.023301,-0.045436,-0.067933,0.007961,-0.072809,-0.057917,1,3345
-2.172785,-4.244695,-0.001756,0.018211,-0.012888,-0.035774,0.018614,0.001816,1,3346
-4.924011,8.445739,0.006571,-0.009042,-0.028448,-0.003925,-0.048827,-0.009408,3,3347
-3.450070,2.844070,-0.012713,0.008306,0.027125,-0.041874,-0.000087,0.013622,0,3348
-3.350987,-2.685034,0.013101,-0.050159,0.005098,-0.041052,-0.032815,-0.023936,1,3349
6.522885,-0.405897,0.024892,0.024731,0.069138,0.082261,-0.017011,0.044291,3,3350
2.599837,-1.686606,-0.031778,-0.046135,0.001725,-0.000816,0.005894,-0.022070,2,3351
3.044917,3.150288,-0.018148,0.002636,0.065009,0.031560,0.011485,0.002871,3,3352
-3.397826,2.804784,-0.000068,-0.039186,-0.005584,0.057444,0.037882,-0.010799,0,3353
-1.952462,-4.235390,0.038327,0.044875,0.009992,-0.009898,0.032884,-0.014063,1,3354
2.956342,-3.243448,0.008510,0.038692,-0.047295,-0.021328,-0.035438,0.012741,2,3355
2.992984,3.237903,-0.021400,-0.037249,-0.006522,0.034430,0.001934,0.028883,3,3356
-3.700704,2.521293,-0.027154,-0.037298,-0.016830,-0.016268,0.025426,0.019220,0,3357
2.112419,5.174664,0.024729,-0.008520,0.006836,-0.029517,-0.041224,0.019823,1,3358
1.551668,2.321733,0.015173,0.069945,-0.051093,0.017448,0.022341,-0.012932,0,3359
-1.331097,-2.824422,0.007289,-0.001838,0.009761,0.025677,0.012143,0.026381,2,3360
4.942971,-3.414385,-0.007366,-0.040851,-0.013817,-0.002566,-0.036888,-0.007322,1,3361
3.616142,0.300553,0.002962,0.037968,0.021702,-0.036217,-0.021104,0.047738,2,3362
3.372373,-0.556414,-0.046350,0.035313,0.032430,-0.029450,0.061620,0.053500,2,3363
1.034033,-6.890103,-0.030032,-0.006888,0.013751,-0.019618,0.009007,-0.032418,1,3364
-1.482734,3.048676,0.031263,0.032170,-0.087059,0.011500,0.010505,-0.015955,0,3365
2.135224,4.777742,-0.002111,0.048228,0.011246,0.013898,0.014894,0.036753,3,3366
2.471629,3.993030,-0.000265,0.016358,-0.033060,0.095521,-0.049510,-0.063931,3,3367
-6.979548,-1.242572,0.025044,0.006739,0.081318,-0.017288,-0.007794,-0.010458,3,3368
-4.192955,2.208011,0.027284,-0.017447,0.007216,0.030998,-0.002565,-0.019916,0,3369
4.763960,0.411162,0.008659,-0.019733,0.017135,-0.007234,-0.004528,0.015529,2,3370
-2.217194,-1.176872,0.040372,-0.035823,0.017646,-0.017760,-0.052238,-0.027706,2,3371
2.232797,-5.093896,-0.052342,-0.012357,0.030697,0.004591,-0.056916,-0.051005,1,3372
3.118738,-3.083187,0.027514,-0.031835,0.017030,-0.016949,0.024020,-0.019153,2,3373
-2.538099,2.427685,0.048573,0.012470,0.002216,0.018900,0.006870,0.002101,1,3374
3.748764,0.959785,0.000365,-0.011815,0.029269,-0.009708,0.007544,0.001431,3,3375
7.819486,-4.507214,0.006694,-0.021853,0.023251,-0.002450,-0.031629,-0.041573,0,3376
-3.551874,2.672771,0.002165,-0.036455,-0.027710,-0.006920,-0.035135,0.034672,0,3377
-2.580125,-3.848648,-0.009326,0.019169,-0.014604,0.011777,0.010326,-0.027330,1,3378
3.692177,-2.525383,0.028466,0.030364,0.002187,-0.008051,0.045352,-0.043819,2,3379
-1.183027,-2.895173,-0.009850,-0.001308,0.054903,-0.003116,-0.028704,0.009453,2,3380
2.259285,4.397209,-0.020933,0.030966,-0.009501,-0.022356,0.030461,-0.037646,3,3381
-4.206558,2.043208,-0.066789,0.025757,-0.049172,-0.054996,-0.029850,-0.024491,0,3382
3.739418,0.458134,0.009167,-0.028794,-0.012505,-0.008604,-0.019885,0.001060,3,3383
4.919868,-3.839285,0.015622,-0.000196,-0.021458,0.024541,-0.051214,0.028394,1,3384
-3.390338,1.581382,-0.046999,0.005817,-0.009788,0.057935,-0.012177,0.042377,3,3385
-4.053057,2.263034,-0.046278,0.009197,0.024049,-0.040408,0.026218,-0.019195,0,3386
-1.207424,-4.806569,-0.031612,-0.000963,0.044992,0.025693,0.049306,-0.003578,1,3387
-4.237181,-6.221370,-0.027589,-0.043850,0.003639,0.031178,-0.001296,-0.036295,1,3388
1.520945,6.358082,0.013192,0.004519,0.035337,0.030967,-0.014400,-0.006059,0,3389
0.446553,-2.177874,-0.020500,-0.001838,-0.006241,-0.014287,-0.043501,0.023224,3,3390
0.220902,-2.194742,0.026902,0.038512,-0.013779,0.032433,-0.004625,0.005893,3,3391
1.750397,5.789684,0.019835,0.009863,-0.014374,-0.000607,0.035295,-0.035148,2,3392
-2.295945,3.120723,0.008456,-0.028077,0.009284,-0.010645,-0.017923,0.008233,0,3393
-1.155671,2.404013,-0.020907,-0.009360,-0.041835,0.003522,-0.008929,-0.017756,1,3394
-1.552572,2.674122,-0.007027,-0.014908,-0.013227,-0.046374,0.021777,0.032653,1,3395
-3.714751,4.864159,0.062802,-0.002922,-0.054035,0.024752,-0.004569,0.012200,3,3396
0.906544,-6.734552,0.005371,-0.027240,-0.012925,-0.023896,-0.003374,-0.035725,0,3397
-2.854185,2.023079,-0.025558,-0.016542,0.022394,-0.008231,-0.006178,0.052416,0,3398
1.387571,-3.498684,-0.016594,0.030505,0.019145,-0.040781,-0.030251,-0.007011,1,3399
3.883227,0.759231,0.003546,0.010896,0.035274,0.018103,-0.001744,-0.039043,3,3400
-3.851106,2.475937,-0.032082,-0.016283,-0.038327,-0.022257,-0.008472,-0.019891,0,3401
2.478923,4.022516,-0.040761,0.006982,-0.013770,-0.003354,0.026394,-0.043716,3,3402
0.184794,6.682315,0.010371,-0.024744,-0.011520,-0.038413,-0.002917,-0.069710,1,3403
2.029715,-5.021671,-0.002758,0.065543,0.081816,-0.004925,-0.030079,0.020432,1,3404
-0.011216,2.047402,0.028470,-0.021666,0.020309,0.038305,0.011109,-0.029304,1,3405
-4.603359,1.121408,0.008825,-0.035567,-0.005052,0.018789,-0.049960,-0.030457,1,3406
5.749508,-2.605560,-0.024499,-0.056124,0.005288,-0.009379,0.027558,0.033218,0,3407
-3.852436,2.477518,-0.002500,-0.021834,0.003577,-0.007691,0.002944,-0.040967,0,3408
-2.646686,-5.878933,0.019072,0.025682,0.018127,-0.029756,0.010384,-0.023290,1,3409
6.897138,0.786284,-0.020712,0.008771,-0.013175,-0.035104,-0.014455,-0.031145,1,3410
-3.872819,-8.035707,0.032631,0.042546,0.042718,0.023053,-0.019781,0.020159,1,3411
2.921394,-4.981834,0.052454,0.006059,0.067839,0.021788,-0.010472,-0.047487,1,3412
0.541185,-3.727167,0.004398,0.027234,0.000513,-0.004551,0.007709,-0.017681,2,3413
2.846847,-3.179775,0.039335,-0.004323,-0.025733,0.046401,0.041633,-0.020453,2,3414
-2.028970,-1.640176,0.000018,0.012374,0.020313,0.041151,-0.022866,-0.046720,0,3415
3.557763,-2.687660,0.006181,0.009317,0.007867,0.098773,0.041576,-0.035923,2,3416
-5.483128,3.333010,0.018459,0.011538,0.002327,-0.041240,0.004878,-0.017645,3,3417
-4.489645,-3.781440,-0.007023,0.031412,0.049931,-0.001681,0.051761,0.041651,0,3418
-6.429394,1.213726,0.046874,-0.012189,0.075941,-0.029860,-0.017476,0.025473,3,3419
3.708577,3.907118,-0.009266,-0.041524,-0.012910,-0.026897,-0.028116,-0.016938,2,3420
0.660761,-3.804571,0.046558,0.043573,0.026381,0.035850,-0.030542,-0.022553,2,3421
-1.983920,-4.182549,0.035380,0.010567,0.005643,-0.010278,-0.008690,0.028426,1,3422
-3.557708,-4.781312,0.029632,-0.036844,-0.003546,0.040873,0.018657,-0.106324,0,3423
-2.199923,2.480955,-0.012516,0.024573,-0.015208,0.073904,0.001636,0.046718,1,3424
2.650182,3.690302,0.009652,-0.033025,-0.047986,0.037820,-0.037936,0.055304,3,3425
-2.415842,2.915332,0.057275,0.045564,0.003001,-0.031765,0.070763,0.008298,0,3426
-2.451238,2.794100,0.007345,-0.037099,-0.004492,0.029972,0.038652,-0.034566,0,3427
-2.139763,-0.467722,0.009040,-0.099749,0.023872,0.040492,-0.019401,0.034547,2,3428
1.466885,-3.656131,0.049237,0.007727,0.049459,0.019128,0.046105,0.016843,2,3429
2.938404,3.282708,-0.018262,0.003296,0.052413,-0.032148,-0.019288,0.030463,3,3430
-1.368447,2.316506,-0.016231,-0.005992,-0.058568,0.032070,-0.003909,0.014338,1,3431
4.749824,-0.065247,-0.004006,0.011453,-0.000704,-0.027722,-0.009042,-0.045270,2,3432
3.108651,-3.162393,-0.035697,-0.021819,-0.032144,-0.008038,-0.001985,-0.007393,2,3433
4.080662,3.216560,0.009482,-0.024821,-0.018865,0.004707,0.000195,0.009917,2,3434
-0.732717,-6.528019,0.022560,-0.053371,-0.003141,-0.023995,0.031951,0.041435,0,3435
2.332119,4.026949,-0.030703,0.003718,-0.046535,-0.044448,-0.016319,-0.029149,3,3436
2.027588,4.500952,0.011882,0.055328,-0.022339,0.022781,-0.006570,-0.013010,1,3437
1.858468,5.718637,0.001776,0.041712,-0.003783,-0.024364,0.034919,0.012627,2,3438
-3.974538,2.397719,0.018581,0.012996,0.001944,-0.003044,-0.034284,-0.014641,0,3439
-3.427420,-2.692917,0.053940,-0.023185,-0.021046,0.020925,-0.022764,-0.058513,1,3440
4.900064,0.198417,0.014631,0.009334,-0.036385,0.011635,0.029279,-0.021448,2,3441
-4.907079,0.360302,-0.055991,0.002873,-0.033390,-0.010747,-0.005259,0.015353,1,3442
-2.656011,2.235157,-0.030711,-0.020020,0.004785,0.052220,0.031818,0.037701,1,3443
4.416414,-1.659830,0.010621,0.030575,-0.008241,0.011450,0.004163,0.022968,2,3444
3.605555,-3.005653,-0.022337,0.022485,-0.027994,0.016124,-0.026157,0.035003,2,3445
-2.066290,-1.473462,-0.009220,-0.028359,0.049235,0.032324,-0.004567,-0.071705,2,3446
-0.092985,2.963812,0.014184,0.038151,0.048166,0.011280,-0.045026,0.000456,0,3447
-2.613432,-3.776948,-0.006260,0.030001,-0.021737,-0.036445,-0.002385,0.011900,2,3448
-2.062574,3.093023,-0.004486,0.028386,0.075929,-0.002044,0.007229,0.020187,0,3449
-3.505209,-2.418194,-0.037447,0.026647,-0.020653,0.033871,0.039214,0.052500,1,3450
2.707616,-6.359109,0.000239,0.026508,0.017838,-0.040826,0.013710,-0.020797,1,3451
-6.667836,-0.667866,0.033482,0.088322,0.065622,-0.029843,-0.006220,0.025588,0,3452
2.935769,-1.268926,0.041220,-0.018038,0.053118,0.021116,0.009375,0.019071,3,3453
2.508806,3.867916,-0.007667,0.060994,0.042990,-0.028644,0.033927,0.007669,3,3454
2.924713,3.396376,-0.045584,0.026704,-0.010552,0.093343,0.052667,-0.019516,3,3455
1.926928,-1.997691,-0.015246,0.038912,0.059746,0.027013,-0.003344,-0.037144,3,3456
1.158924,-2.289621,-0.006308,-0.049880,0.059486,0.053477,-0.019519,-0.062850,3,3457
-4.968889,-0.389209,-0.038574,-0.037291,-0.011931,-0.042260,-0.015227,-0.026926,0,3458
3.089740,3.117442,0.042641,0.025823,-0.049391,-0.045311,0.026958,0.009562,3,3459
-2.216554,-0.936562,0.007106,-0.000548,-0.001375,-0.008121,-0.003127,-0.057308,2,3460
-3.205888,1.841633,0.052921,-0.040476,0.000655,-0.009615,0.038489,-0.023961,0,3461
-3.019252,-3.327269,-0.032739,0.010077,0.005158,0.030611,0.004619,-0.015670,1,3462
-2.739395,-3.355927,0.000439,-0.028559,0.039775,-0.033162,0.018252,0.013211,1,3463
-5.238812,-2.072509,-0.004529,-0.027408,-0.029242,0.009361,0.009728,0.047652,2,3464
-3.401037,2.755199,-0.026876,-0.031560,-0.028147,-0.030447,0.048482,0.020096,0,3465
-8.557482,-8.547592,0.033105,-0.016321,-0.034667,-0.004265,-0.006512,-0.007321,0,3466
0.832082,6.459708,-0.045826,0.061574,-0.065676,-0.025486,0.042179,-0.020887,2,3467
-4.127083,2.142699,-0.006822,-0.061034,0.017669,0.018316,0.007186,-0.004828,0,3468
2.721800,3.591786,0.000741,0.013487,0.006032,0.008715,-0.003083,-0.020160,3,3469
4.206912,-1.858177,-0.019268,-0.033661,-0.038417,-0.002534,0.008958,-0.010681,2,3470
0.866030,-3.749870,-0.037529,0.044571,0.063315,-0.001853,0.051122,0.028099,2,3471
-1.792622,-2.361825,-0.019277,0.036960,0.002752,-0.012348,0.026396,-0.039490,2,3472
3.052618,3.143897,-0.001388,-0.022352,0.019864,-0.033802,-0.013855,0.000095,3,3473
-4.818213,3.777984,0.003924,0.019762,-0.037636,0.026587,0.017154,-0.005246,3,3474
-8.945413,6.178324,0.006231,-0.024465,0.052395,-0.014466,-0.041325,0.007140,3,3475
4.884540,0.517080,0.017652,0.002376,0.050280,0.003214,-0.016466,0.060880,2,3476
3.326373,-3.038931,-0.015706,-0.023853,-0.028994,0.044958,0.018246,-0.029374,2,3477
2.319865,4.069171,-0.049568,-0.037600,0.006677,-0.011765,-0.037982,-0.000470,3,3478
6.384094,-2.381981,-0.009758,-0.036544,-0.014942,-0.032459,0.035093,0.053470,3,3479
2.061885,4.858879,0.059733,-0.043663,0.030012,0.027023,-0.008723,0.045213,3,3480
4.517514,-1.493994,-0.020796,-0.039175,-0.027945,0.028369,-0.037310,0.053620,2,3481
-6.167707,2.429790,0.003392,-0.001081,-0.014496,-0.020256,0.011022,0.031233,3,3482
3.117832,-1.097731,0.027156,0.019187,0.003784,0.023510,0.051948,0.018222,1,3483
-4.875632,-2.670691,-0.005668,0.009819,0.036774,-0.039210,-0.060177,-0.021724,0,3484
-4.455372,1.521162,0.006203,0.015213,0.018982,0.008561,-0.043661,0.010439,3,3485
1.671986,6.022802,0.023074,-0.012916,0.011138,0.044589,-0.022407,-0.017159,2,3486
3.213905,-2.984896,0.010037,-0.004026,-0.024999,-0.033373,-0.004105,-0.027479,2,3487
3.069613,3.064280,-0.010957,-0.054331,0.019358,-0.032875,-0.003574,-0.010805,3,3488
4.849678,-0.833490,-0.000498,-0.036796,0.013521,0.050592,0.023606,-0.010046,2,3489
1.509535,-5.199867,-0.023816,0.025034,0.000231,0.001899,-0.045357,-0.031573,1,3490
-6.223711,1.335070,0.064751,0.006209,0.034938,-0.028666,0.049062,-0.048451,3,3491
2.617939,3.759851,-0.053694,-0.013501,-0.023815,0.033337,-0.046345,-0.014959,3,3492
-0.348987,3.128253,0.015444,-0.029894,0.035110,-0.074425,0.029333,-0.012206,0,3493
-1.780094,2.594279,-0.024421,-0.011783,-0.002094,0.015815,0.031458,-0.010326,1,3494
-2.026474,-2.131923,-0.025038,-0.013522,0.017992,-0.034555,0.004720,-0.048012,2,3495
-1.654285,2.946342,-0.012522,-0.002223,-0.040652,0.028221,0.003827,-0.035031,0,3496
1.446717,6.138546,-0.003444,0.040217,0.064050,-0.058083,0.033168,0.015492,2,3497
1.076547,2.751324,-0.015265,0.002634,-0.014509,-0.007770,-0.011578,-0.000320,0,3498
-3.956957,2.234946,-0.017500,-0.016761,-0.008924,-0.026039,-0.060047,0.012362,2,3499
3.895803,-2.369179,0.020318,-0.010386,0.044244,0.043041,-0.063375,0.021472,2,3500
-3.133628,3.038173,-0.050652,0.027249,0.043174,-0.059088,-0.007352,-0.002084,0,3501
-3.417469,-2.582397,-0.021628,0.004527,-0.003399,0.027651,-0.031597,-0.010389,1,3502
3.269153,2.601143,-0.033986,-0.052098,-0.022330,0.036308,0.000956,-0.000788,3,3503
-4.264056,1.983786,0.041223,0.015262,-0.020293,-0.017696,0.051060,0.004052,0,3504
4.915639,1.630457,0.001344,-0.032300,-0.022781,0.008649,0.019856,0.033882,2,3505
-2.959914,3.051457,0.009927,-0.040446,-0.026360,0.014079,0.011107,0.036424,0,3506
2.464927,4.043181,-0.011150,0.034448,0.000890,-0.043875,-0.021830,0.032198,3,3507
-0.605122,-4.938978,-0.003339,0.005300,-0.064208,-0.004261,-0.022582,-0.024949,1,3508
2.910050,-3.170285,-0.001267,0.003319,0.012494,0.001909,0.021827,0.001565,2,3509
-1.076590,5.661347,-0.007968,0.020986,0.000760,-0.035187,-0.057112,-0.022066,3,3510
4.798356,0.925515,0.036662,-0.009607,-0.054198,0.044856,0.032350,0.059975,2,3511
-3.111290,-2.989325,-0.002321,0.011426,0.012998,0.004489,-0.071448,0.070936,1,3512
0.620843,-2.197305,-0.027042,-0.009488,-0.042643,0.013418,-0.001063,0.017794,0,3513
4.585657,-0.881770,-0.026738,0.002603,-0.016867,0.011896,0.038470,0.034752,1,3514
4.304009,-1.736005,-0.026348,0.051792,0.070095,0.011221,0.003976,-0.010949,2,3515
1.897964,5.977470,-0.044928,-0.006012,0.004209,0.004945,-0.030705,0.022131,2,3516
-3.168391,1.792738,-0.016750,-0.015660,-0.034560,0.028505,-0.007486,0.008948,1,3517
-3.296221,-2.851441,-0.003337,-0.033540,-0.001592,0.020229,-0.018323,-0.041932,1,3518
3.560604,-0.102477,-0.010326,0.008073,-0.002760,0.020930,-0.000938,-0.007395,0,3519
2.137448,-1.922340,0.018697,0.050755,0.000629,0.028788,0.048220,-0.034747,3,3520
4.241399,-1.821451,0.038394,0.075495,0.001704,-0.022457,-0.012597,-0.011619,2,3521
5.362439,-2.739752,0.017564,0.007836,-0.026184,0.067717,0.012025,0.006936,3,3522
7.021165,6.246995,0.002626,0.021674,-0.001660,-0.002062,0.008706,-0.026990,1,3523
-2.204355,-0.955470,0.029065,-0.006853,-0.009199,0.018360,0.000442,-0.019990,0,3524
-3.530881,-4.928764,-0.003035,-0.047336,-0.005984,-0.026561,0.054801,0.021833,0,3525
-3.918326,2.356789,-0.034249,-0.023462,-0.019592,-0.045183,-0.051685,0.009387,0,3526
-8.896090,2.977782,-0.020060,0.032981,0.032352,-0.060786,-0.003253,0.020263,3,3527
3.548086,2.082952,0.002320,-0.003113,0.052137,0.054634,-0.031423,-0.009117,1,3528
4.670593,-3.777483,0.006353,0.018248,-0.012946,-0.045800,0.018900,-0.012300,1,3529
2.297557,4.123139,0.009615,-0.061699,-0.034245,-0.001914,-0.022171,0.028367,3,3530
-3.832179,-0.137513,0.011711,0.012716,0.016922,-0.010975,-0.022510,0.005476,3,3531
-2.538680,2.372320,-0.042558,0.030247,-0.012728,0.061729,-0.057754,0.049560,1,3532
1.132093,5.383360,-0.021474,-0.050805,0.030613,-0.027648,-0.010775,0.047333,0,3533
-3.028690,-3.143152,0.061702,-0.030703,0.010998,0.016945,0.023486,-0.023265,1,3534
-3.957440,2.341445,0.008467,0.015477,0.043557,-0.008386,-0.031371,0.000863,0,3535
0.916988,-3.630094,0.031694,-0.021401,0.009244,-0.074274,0.008492,0.030956,1,3536
0.364650,-5.192368,-0.018868,-0.023289,-0.029358,0.020445,0.026000,-0.020067,0,3537
-2.050221,-4.264474,-0.000904,0.009111,0.027444,0.064963,-0.050103,-0.011927,1,3538
5.859864,-0.257897,0.018458,-0.023025,-0.047001,0.000453,-0.028270,0.004238,2,3539
-1.133473,-4.845554,-0.051461,0.053503,0.029252,-0.037731,0.013475,-0.024478,1,3540
4.577092,2.133854,-0.004331,-0.012431,0.052321,-0.003721,-0.013360,0.036402,2,3541
2.797241,-1.288549,-0.030537,0.019048,-0.030589,-0.016560,-0.063289,-0.002631,3,3542
1.692394,6.132399,-0.005510,-0.034894,0.047756,-0.002738,-0.032930,0.021966,2,3543
3.083925,-2.952158,0.000295,0.015585,-0.034974,-0.032760,-0.033689,0.003169,2,3544
-2.195174,-0.948648,-0.013507,-0.016861,-0.055276,-0.036226,0.042307,-0.052818,2,3545
1.934446,5.652731,0.036048,0.013445,0.048704,-0.018207,-0.001894,0.004810,2,3546
2.220584,0.913255,0.014624,-0.000998,0.031125,-0.025900,0.014878,-0.019533,0,3547
3.528518,1.462138,-0.007871,-0.010865,0.001892,0.009756,0.030663,-0.012633,0,3548
-4.432083,1.722758,0.031430,0.036675,0.030786,0.001698,-0.023574,0.009740,0,3549
-0.611541,2.233588,0.000112,0.016266,-0.005529,-0.010160,-0.045308,0.001002,1,3550
5.348924,-3.191548,-0.048623,0.016711,0.054413,-0.001174,0.010326,-0.005541,1,3551
-3.851906,-1.567652,0.019803,0.000638,-0.010816,0.014011,0.008426,-0.002156,1,3552
-5.193144,-1.389555,-0.031867,-0.020825,-0.032694,-0.028763,-0.044502,-0.028702,0,3553
-3.964562,2.483346,-0.022305,0.001014,-0.020412,0.014510,0.040806,0.023760,0,3554
4.071833,-2.260542,-0.015862,0.008879,0.027000,-0.058118,-0.015130,-0.033700,2,3555
-1.765490,-4.350051,0.011080,-0.058268,0.004068,-0.024588,0.016305,-0.008836,1,3556
-3.510819,-2.502339,0.012968,0.073319,0.051653,0.040520,0.005991,-0.016805,1,3557
-0.283582,2.159730,0.006685,0.010069,-0.024948,-0.006496,-0.056564,-0.031948,1,3558
-1.083242,2.039188,-0.028440,-0.010158,-0.009765,0.022813,-0.032779,0.000029,1,3559
-3.439996,2.800816,0.027069,0.030394,0.036126,-0.013964,-0.018052,0.001587,0,3560
3.312993,-2.988217,-0.033013,0.040065,0.014531,-0.015157,-0.041335,0.004516,2,3561
6.959458,-1.375332,-0.018666,0.003595,0.059965,0.022639,0.014999,0.061815,3,3562
1.786116,3.053228,-0.060872,-0.039888,0.006609,-0.046919,0.030695,0.041801,0,3563
-2.196870,-1.640630,-0.027070,0.069021,0.061329,0.005264,0.056427,0.004824,2,3564
-2.711998,0.652220,-0.018574,0.011112,-0.034508,0.023623,-0.021888,-0.024548,0,3565
-1.456836,-2.684005,-0.028895,-0.026943,-0.002800,0.009636,0.066637,-0.018175,2,3566
-3.163047,2.990907,0.033012,-0.001088,-0.067054,0.041934,0.002414,-0.020752,0,3567
3.287174,-2.959158,-0.019972,0.013688,0.037387,-0.002949,-0.005964,-0.021052,2,3568
5.495225,-2.794525,0.032612,-0.033863,-0.031984,-0.017713,-0.040224,-0.058871,1,3569
-1.211026,2.519644,-0.025481,0.030331,0.055145,-0.016710,0.020113,-0.011732,1,3570
-0.285024,0.917376,-0.004596,0.037616,0.003938,-0.017782,-0.008456,0.046446,0,3571
-6.598401,0.558405,0.007024,0.015310,-0.020156,-0.013603,-0.023410,0.030176,3,3572
-2.484382,-3.852834,-0.036344,-0.036866,-0.033963,0.067005,0.023651,0.020129,1,3573
-3.482398,-2.418625,0.012288,0.019675,-0.053734,-0.073801,-0.017456,-0.001859,1,3574
2.740232,-4.910599,-0.030916,0.018075,-0.018334,0.004539,-0.009935,-0.015857,1,3575
3.892180,0.903777,-0.029137,-0.032205,0.041645,-0.017549,0.023878,0.012132,0,3576
2.268906,4.113173,-0.006767,0.026691,-0.010282,-0.028281,0.013509,0.020799,3,3577
-2.647424,-3.689114,-0.001554,-0.022507,-0.081934,-0.016619,0.005557,-0.027639,1,3578
-1.121243,2.179937,0.036486,-0.040346,-0.002450,0.019975,-0.045389,-0.025476,1,3579
1.501210,-3.569676,0.005260,0.028724,-0.032117,-0.049899,0.000420,-0.027286,1,3580
3.016215,3.094978,0.042557,0.063619,-0.007498,-0.006811,0.007906,0.024272,3,3581
3.636941,2.105333,-0.003653,0.002211,-0.023171,0.018493,-0.021240,-0.045996,3,3582
2.858116,-1.350685,0.036703,-0.020090,-0.002009,0.033422,0.018172,0.019822,3,3583
-5.139880,-2.260357,0.023464,0.055542,0.026335,0.023069,0.065049,0.054428,0,3584
2.465628,3.960693,-0.019655,-0.020467,-0.019454,0.050910,0.025274,-0.037489,3,3585
1.639571,2.383767,0.014955,-0.009585,0.018024,0.005146,-0.047898,-0.013985,0,3586
3.985269,-4.435121,0.010856,-0.035024,-0.011580,0.012901,0.062182,-0.011127,1,3587
-4.314141,-3.404969,0.024759,0.012743,0.015482,0.021657,0.002300,0.039580,0,3588
4.056406,-2.114395,0.018000,0.017992,0.033902,-0.036233,-0.019468,0.024616,2,3589
3.133897,2.948835,0.010787,0.015784,0.017642,-0.041181,-0.014463,0.069959,3,3590
4.595362,-4.470408,0.005338,0.057390,-0.012805,-0.025031,0.011543,0.041698,1,3591
-2.115077,-4.186491,0.012580,-0.017367,-0.013577,0.002454,-0.028598,-0.012091,1,3592
2.784974,3.512233,-0.017882,0.019838,0.031431,-0.043380,-0.049565,-0.034112,3,3593
-2.717160,2.229974,-0.011204,-0.005007,0.038229,-0.031162,0.013702,0.027073,1,3594
-1.710531,2.954033,-0.056279,-0.033918,-0.051204,0.028263,-0.047096,0.004391,0,3595
2.196114,0.571131,0.001436,0.017011,0.010174,0.052584,0.002035,-0.037213,0,3596
-2.093725,-0.208225,0.032744,-0.010664,-0.025310,0.052668,0.054975,-0.007634,2,3597
6.616897,0.198723,0.017424,0.020779,-0.037930,0.031856,0.036579,0.030833,1,3598
1.153666,6.322791,-0.059023,-0.008894,-0.021228,0.071392,0.013516,-0.016910,2,3599
-2.349255,-1.368865,0.045292,-0.021661,-0.028783,0.032319,0.004115,0.013883,1,3600
6.223927,-1.651359,0.045889,-0.032632,-0.023300,0.025053,-0.014896,0.046290,1,3601
-2.578462,-3.836342,-0.015409,0.052636,0.014691,0.039353,-0.010906,-0.009197,1,3602
-3.646232,2.552297,-0.028386,-0.035508,0.029056,0.016242,0.012629,0.022890,0,3603
2.334378,4.092078,-0.007561,-0.019199,-0.055040,-0.037134,0.030483,0.011374,3,3604
3.225303,2.821467,0.047279,0.007971,-0.013328,0.016542,0.035136,0.009962,3,3605
2.770701,-3.309078,-0.038329,0.016516,-0.008068,0.007101,0.027934,-0.022539,2,3606
-5.348223,-0.380084,0.006755,0.041549,-0.027250,-0.010866,0.042716,-0.003108,2,3607
1.311361,-3.709706,-0.016563,0.036312,-0.010725,-0.036347,-0.050183,-0.063176,2,3608
2.713411,3.667646,0.014480,0.035049,-0.033766,-0.042952,-0.032585,0.008096,3,3609
4.071366,-2.195451,0.012194,-0.010349,0.008951,-0.017913,-0.015146,0.018765,2,3610
2.336750,4.144524,0.031622,-0.019696,-0.004997,0.023283,-0.017792,-0.006971,3,3611
-3.107303,2.954486,-0.024431,-0.006536,0.005651,-0.015738,0.064640,0.035706,0,3612
-8.582569,7.727896,0.020357,0.007443,-0.049223,-0.024968,-0.024369,-0.023035,3,3613
-2.201346,-0.332891,-0.040020,0.000034,-0.012556,0.004477,0.028723,-0.008255,2,3614
4.361743,-1.715784,-0.020784,-0.042904,-0.005271,0.005575,0.000479,0.001106,2,3615
1.161473,-2.113039,0.019960,0.021523,-0.011541,0.012872,0.042371,0.029790,3,3616
0.436498,7.158114,-0.028130,0.022228,0.001885,0.063850,0.009475,-0.021192,0,3617
3.582689,4.207452,0.020137,0.043820,-0.057096,-0.020012,-0.030170,0.008462,2,3618
4.314405,-4.146748,-0.027990,0.052575,0.010894,-0.028766,0.038675,0.067331,1,3619
-0.824649,-6.534949,0.028573,-0.054502,-0.043152,-0.036455,-0.053708,0.013523,0,3620
1.982292,0.436435,0.008374,-0.024451,0.000220,0.032694,-0.061438,0.022805,0,3621
5.027694,-0.361071,0.017660,0.042887,-0.020437,-0.013421,-0.025700,0.013820,0,3622
3.533927,-2.815281,0.019296,0.041822,-0.007958,-0.031832,0.030236,-0.006254,2,3623
-0.233042,2.014928,0.018351,-0.012258,-0.010840,0.029716,0.004011,0.002831,3,3624
-0.734720,3.124618,0.022346,0.018883,0.041249,-0.004869,0.011500,0.038338,0,3625
1.803875,5.729893,-0.020910,0.073244,0.011650,-0.048433,-0.034430,-0.032840,2,3626
4.015389,-2.311871,-0.011041,-0.018412,0.035056,0.045104,-0.030907,-0.030032,2,3627
-4.055743,-6.704227,-0.001572,-0.059961,-0.044727,-0.031684,-0.009082,0.065875,0,3628
4.229403,-5.482798,0.025604,0.025197,-0.016736,-0.013622,-0.006900,-0.006833,2,3629
1.186189,5.522118,0.010168,-0.068057,0.007214,0.034644,0.006443,0.008843,3,3630
0.135277,-2.165582,-0.035244,0.014022,-0.010941,-0.033555,0.044659,0.026086,3,3631
-4.436617,-3.772751,0.034241,0.050277,-0.045087,0.046000,-0.010638,-0.034373,0,3632
2.954984,-1.051935,-0.000433,-0.027762,0.034018,0.017726,0.056148,-0.026398,3,3633
3.051220,3.250437,0.009642,-0.008165,-0.007081,0.000119,0.008360,0.011466,3,3634
2.061199,0.888940,0.015875,0.063685,0.009104,0.084001,-0.033462,0.007673,3,3635
2.002959,-1.915916,0.013495,0.012144,0.043203,-0.027058,-0.000913,0.001027,1,3636
-4.324298,1.961291,0.026609,-0.022717,-0.005522,0.002178,0.000673,0.038230,0,3637
-3.259084,-2.896051,-0.000545,0.017771,-0.002866,-0.013806,-0.013821,-0.015911,1,3638
3.232291,-2.921988,-0.028353,-0.033105,0.024391,-0.010518,-0.000385,0.030096,2,3639
-1.860931,-2.098085,0.058184,-0.039583,0.012686,0.004083,0.002491,0.020433,0,3640
-2.664828,5.261240,-0.033461,0.023225,-0.032792,0.004175,0.082075,-0.002109,0,3641
-2.209299,5.578559,0.045677,-0.000782,-0.072146,-0.054939,0.001963,0.042553,3,3642
2.665968,3.792376,0.043956,0.019901,-0.028838,-0.038361,0.022138,0.006252,3,3643
3.834323,4.008472,0.008052,0.030299,-0.019840,-0.018745,0.033247,0.000556,1,3644
-5.127838,0.316624,-0.016938,-0.013953,-0.008579,-0.005927,0.009701,0.019515,0,3645
3.501270,2.159762,-0.001025,0.008146,-0.008635,-0.006850,-0.030675,0.012679,3,3646
0.510593,5.679331,-0.025448,0.010134,-0.038541,-0.020958,0.036963,-0.016079,3,3647
-2.794158,-5.753451,0.009464,0.001125,0.001426,-0.042294,0.039673,-0.034180,0,3648
0.995571,-2.127644,-0.047274,-0.038220,-0.020600,-0.059931,-0.017862,0.038542,3,3649
-4.470610,1.785751,-0.010005,0.041592,-0.015949,-0.038826,-0.034857,-0.020560,0,3650
-3.370622,2.869917,0.034870,0.042731,-0.004878,0.015641,0.030350,-0.034013,0,3651
2.444041,-3.425823,-0.072441,-0.013365,-0.029802,-0.034064,0.024264,-0.029907,2,3652
-0.474359,3.109194,-0.019509,0.034435,-0.022115,0.025222,0.005186,-0.011639,0,3653
-4.823821,-4.269386,0.004627,0.055420,0.032286,0.028134,0.000055,-0.001070,1,3654
3.765320,-4.466041,0.013153,-0.018075,-0.023184,0.042354,-0.047656,0.007198,1,3655
-2.083017,-2.051577,-0.022443,-0.013628,-0.001088,0.031440,-0.031375,0.001284,2,3656
-0.829552,-6.673724,-0.088122,0.013717,0.052891,-0.000475,-0.041758,-0.032055,0,3657
-2.317615,2.431660,0.010374,-0.019794,-0.014389,0.017847,0.020705,-0.006774,1,3658
-0.951270,-4.884314,-0.034092,-0.008362,0.015341,0.063112,-0.007771,-0.021855,1,3659
3.759308,-2.509388,-0.007502,-0.041328,0.049732,0.023501,0.030956,-0.039760,2,3660
1.946473,5.835382,0.003156,-0.023808,-0.003315,0.032493,0.027436,-0.016868,2,3661
0.307023,-2.132403,-0.065051,0.000031,-0.011451,0.002639,0.053139,-0.009676,3,3662
-3.739515,-4.763520,0.051358,-0.033020,-0.029021,0.015685,0.014675,0.034783,2,3663
2.724373,-3.199608,-0.004938,0.018319,-0.009261,-0.016370,0.003760,0.026016,2,3664
-1.617980,2.592545,0.015835,-0.011312,0.046530,0.018084,0.010171,-0.019185,0,3665
-4.362656,1.712876,-0.020671,-0.055292,-0.008353,0.043859,-0.027988,-0.019544,0,3666
2.623689,-3.410630,0.004927,0.013813,-0.050784,0.010909,0.009508,-0.009926,2,3667
2.231801,4.471643,-0.052129,-0.044848,-0.058973,0.013050,0.001606,0.015866,2,3668
2.444350,1.021670,-0.024371,-0.000831,0.000485,0.026363,0.019771,0.013054,2,3669
-5.122211,-2.074679,0.000690,0.018802,0.046456,-0.028455,-0.007815,0.013128,0,3670
-6.736808,0.343125,0.002981,0.006067,-0.023013,0.009702,0.010738,0.009594,2,3671
-4.507773,1.726965,0.000115,0.055083,-0.021228,0.013462,-0.015432,-0.017941,2,3672
0.520470,-3.840309,0.015569,0.005619,-0.028715,0.003659,-0.024328,-0.055259,2,3673
-3.204919,-2.961601,0.053127,-0.007432,0.012283,0.005600,-0.004067,0.013751,1,3674
-3.419103,-2.595374,0.008582,-0.011710,0.048997,0.000634,0.002175,-0.001147,1,3675
3.959759,-2.098933,-0.005947,-0.002566,0.044954,-0.001339,0.008824,-0.021595,2,3676
-2.804933,-3.407084,-0.025843,-0.033837,0.042094,-0.046606,-0.007663,-0.044635,1,3677
-1.684438,-2.279739,-0.001637,0.017705,-0.010463,-0.061343,-0.012213,-0.026394,3,3678
1.702755,-2.026444,0.051679,0.014721,0.053232,-0.035875,0.002840,0.030824,3,3679
-1.593721,-0.728633,-0.007931,0.081533,0.070981,0.005616,0.026885,0.021279,2,3680
2.618103,5.088082,-0.011162,-0.025373,-0.074364,0.033564,-0.000882,-0.061956,2,3681
2.879080,3.375925,-0.004402,0.066631,0.017873,-0.002865,-0.023745,0.002747,3,3682
-2.521930,3.225855,-0.035943,-0.035995,0.040114,-0.012872,-0.021830,0.037029,0,3683
0.140575,2.099004,0.040536,0.013354,-0.013633,-0.017080,0.011622,-0.036508,0,3684
-3.699841,-1.798901,-0.003237,0.005103,-0.005994,-0.021727,0.021123,0.069016,1,3685
8.123219,-2.707566,-0.035079,-0.018913,0.008807,-0.031349,-0.006572,-0.012626,3,3686
2.893639,3.124121,-0.033275,-0.034636,-0.032220,-0.036135,0.031962,-0.044958,0,3687
-6.745737,-0.511210,-0.004798,0.018391,-0.011936,0.028613,0.009909,0.001197,3,3688
4.850635,-0.172972,-0.014833,-0.015731,-0.054098,0.050281,-0.042869,0.023083,2,3689
3.778615,-2.472036,-0.073751,0.010186,-0.011085,-0.006113,-0.015304,0.001084,2,3690
-4.095749,2.286053,0.052127,-0.045716,-0.010283,-0.053053,-0.032512,-0.021906,0,3691
-3.271155,2.831684,0.018790,-0.061088,-0.020311,0.029141,0.042991,-0.032971,0,3692
-3.370111,-2.680308,-0.040339,0.001746,-0.008675,-0.068902,0.012157,-0.013939,1,3693
-6.907386,-0.277579,0.040491,0.040816,-0.042199,0.015206,0.006589,-0.017605,3,3694
-3.451343,2.926548,-0.008590,-0.001265,-0.021250,-0.012984,-0.066327,0.013734,0,3695
-3.369925,-2.738771,-0.018474,0.031393,0.030601,-0.016305,0.011881,-0.029805,1,3696
1.977458,4.712663,0.006197,-0.045296,-0.021585,-0.013899,0.025362,0.036012,3,3697
-0.116067,-3.389484,0.016337,0.001745,0.005471,-0.006157,0.019796,-0.011208,3,3698
-3.016545,-3.199653,0.001021,0.051749,-0.065987,-0.035826,-0.006920,0.007835,1,3699
1.999243,4.370031,0.018402,0.097457,-0.016410,0.019171,-0.018552,-0.012028,2,3700
-3.526505,0.847024,-0.004933,-0.072587,-0.006040,0.005705,0.053232,0.059615,0,3701
3.626701,1.274716,0.033021,0.017387,0.058314,0.021693,0.026056,0.036183,1,3702
-3.624284,-1.984998,0.024013,-0.000916,-0.024593,-0.003372,-0.030280,-0.031600,3,3703
3.141023,2.923664,0.024953,-0.018733,0.016189,0.003128,-0.025848,0.005055,3,3704
-0.074390,-3.497185,0.029908,0.015414,-0.057986,-0.029954,0.048687,-0.061179,2,3705
1.463201,2.334888,0.032722,0.006144,0.017738,0.019767,-0.004874,-0.002083,0,3706
-3.780115,-0.232669,0.017354,0.029987,-0.001761,-0.006372,-0.008049,0.013491,1,3707
-5.667861,4.159133,-0.011838,-0.007957,0.043177,-0.012863,0.022501,0.018907,1,3708
3.899716,7.205499,0.020867,0.065545,0.039761,0.035905,-0.013336,0.033992,0,3709
-6.245626,6.451985,0.050729,0.051079,-0.002439,0.015669,-0.011109,-0.044753,1,3710
-4.452608,4.289950,-0.019114,0.024575,-0.051996,0.002259,-0.037333,0.041157,2,3711
3.253088,-0.737808,0.000531,0.027197,-0.015119,0.000724,-0.007083,-0.008317,3,3712
3.085813,3.163954,-0.011737,-0.016386,0.061343,0.040896,0.000575,-0.027982,3,3713
-0.538970,3.804107,0.009280,0.046592,-0.044280,0.006273,-0.022759,0.010773,2,3714
-2.141295,-0.479661,0.002124,0.032536,0.020394,0.003837,0.036604,0.002739,2,3715
-2.681522,-3.486530,-0.031751,-0.028926,-0.040085,-0.020608,0.027847,0.010181,1,3716
5.131409,-3.508432,-0.021886,-0.054877,0.010056,0.001830,0.009461,-0.030446,1,3717
0.089447,3.113213,0.037427,-0.003133,0.035790,-0.002345,-0.075162,0.020839,2,3718
-3.592143,2.655195,-0.004247,0.014422,0.032323,-0.023250,0.029811,0.028661,0,3719
2.026578,5.414763,0.018919,-0.033257,-0.028491,0.022838,-0.046756,-0.010912,2,3720
-2.112274,-4.378583,-0.023469,0.009963,-0.057740,0.004279,0.038268,-0.042168,2,3721
-3.160932,2.962415,0.020732,-0.008454,0.012590,-0.011778,0.041708,-0.023869,0,3722
-3.689903,2.495585,0.027102,-0.021890,-0.016285,-0.001065,0.024797,-0.021399,0,3723
-1.452508,-2.625374,0.010691,0.035001,-0.007560,0.009033,-0.000215,0.042240,2,3724
2.357513,4.077800,0.017426,0.018888,0.037486,0.027990,-0.006779,-0.000495,3,3725
-3.360308,-5.283173,0.055548,-0.026822,-0.003661,-0.010391,0.012155,0.041540,0,3726
-3.773710,-1.795192,0.008015,0.024069,0.009903,-0.034432,0.010963,0.004697,3,3727
-2.386246,-3.906388,0.023969,0.045719,-0.016943,0.028634,-0.023316,0.027669,1,3728
-2.158913,-0.503327,0.003470,-0.056261,0.009864,0.012066,-0.018646,-0.003376,2,3729
5.254265,-3.285096,-0.021383,-0.014676,0.008179,-0.039951,-0.001414,0.009907,1,3730
-1.309051,7.618251,0.008964,-0.016203,-0.008765,0.032504,-0.033275,-0.037194,1,3731
-1.976664,-4.180869,-0.024205,-0.026215,0.031001,-0.036875,0.010324,0.010337,1,3732
-4.433005,1.832749,0.029388,0.011226,0.000059,0.010901,0.004812,-0.000176,0,3733
-2.142525,2.464652,-0.036464,0.053158,-0.034937,-0.001192,-0.017148,0.011101,1,3734
4.084981,-2.231098,-0.044221,-0.035513,-0.040654,0.008774,0.050002,0.001327,2,3735
-3.229601,2.851912,-0.010741,-0.064218,-0.062351,0.023407,-0.019126,0.014993,0,3736
1.832613,5.539534,-0.042445,0.038573,-0.010023,-0.038071,0.053378,0.031927,0,3737
-2.090329,-0.071122,-0.005186,-0.043925,0.023503,-0.029612,0.098461,0.007567,2,3738
-3.895416,-0.464365,0.032990,-0.043464,0.015598,-0.030140,-0.001663,0.012419,1,3739
1.749057,5.224327,-0.057286,-0.019130,0.011947,-0.021733,-0.031593,-0.002588,3,3740
0.548408,-2.266016,-0.022464,0.010810,-0.003695,-0.015815,-0.040390,-0.004293,0,3741
1.761669,-0.915128,-0.074883,0.011680,-0.035305,-0.024363,-0.003549,0.066804,1,3742
-2.403066,-5.993144,-0.029155,0.017232,0.063306,0.000297,-0.014798,-0.001724,0,3743
2.893291,3.563102,0.010574,0.035094,0.016924,0.039165,-0.000793,-0.010077,3,3744
-1.138144,3.026370,-0.033421,0.045885,0.029326,-0.037769,-0.049873,0.017933,0,3745
-3.148694,8.105452,-0.033089,0.035604,0.021337,0.038352,0.018723,0.080963,3,3746
-1.562725,-4.687796,0.000102,0.011382,0.087625,0.006925,-0.007586,0.000568,1,3747
-5.237631,-0.864186,0.000553,0.013151,-0.009143,-0.024001,0.006340,-0.013197,0,3748
-0.231244,2.242163,0.022713,-0.039751,-0.045052,-0.037393,-0.009993,0.026838,1,3749
-4.096686,4.593456,0.009577,0.017121,-0.046941,-0.001498,0.029279,0.023342,3,3750
-1.925652,-0.263128,-0.023361,-0.059766,0.029050,-0.018951,-0.004783,0.067695,2,3751
2.329936,4.771202,0.015946,0.015955,-0.004901,0.033930,-0.018147,0.001998,0,3752
1.824526,1.879885,0.015123,0.045150,-0.062009,0.020795,0.034169,-0.003799,0,3753
-1.735983,2.682997,-0.027868,-0.043216,0.049233,-0.037016,0.063439,-0.024864,1,3754
6.546538,-0.662554,-0.069176,0.006335,0.066818,-0.002619,-0.013029,-0.002208,1,3755
3.787393,-4.530310,0.013682,0.047322,0.024187,-0.019525,-0.022387,-0.033516,1,3756
1.112531,-6.686189,-0.015522,0.058253,0.025270,-0.008332,-0.028334,-0.009577,0,3757
5.881463,-2.181602,-0.003306,0.001299,0.052074,0.055942,-0.006697,0.031869,1,3758
-1.864916,-2.134386,-0.006395,0.070642,-0.012303,-0.010235,-0.056796,0.044275,2,3759
-2.251339,-1.486330,0.030979,-0.010087,0.026526,-0.027938,-0.024807,0.047103,2,3760
2.162391,-1.744423,0.057604,0.005377,-0.049611,-0.033896,-0.044476,0.005320,3,3761
1.938866,8.300342,0.041510,0.013962,-0.043672,-0.047994,-0.055028,-0.006748,0,3762
2.018550,0.871303,-0.025136,-0.004642,0.025722,0.068816,-0.027637,-0.011758,0,3763
3.216161,2.753787,0.053799,0.025197,0.000874,0.004475,-0.028844,0.063527,3,3764
-3.453616,2.873643,-0.039884,-0.028292,0.071995,-0.068252,-0.053969,-0.023782,0,3765
1.583070,2.192497,0.048157,0.007490,0.034838,0.005642,0.005382,-0.029449,0,3766
-1.085638,6.696280,0.012092,-0.024155,-0.012882,-0.010204,-0.018300,-0.017127,2,3767
6.750737,1.532971,0.003394,0.006189,0.023846,0.045450,-0.025413,0.009527,1,3768
3.646482,-0.164330,0.019629,0.010484,-0.009676,-0.026603,-0.015866,0.069755,3,3769
1.990590,5.195504,0.013463,0.023264,0.014166,0.023044,0.029235,-0.016415,3,3770
-0.522836,-3.281699,-0.003308,0.049300,-0.003321,0.006142,-0.002914,-0.003938,2,3771
-1.909518,-1.579666,0.012296,0.022951,0.003020,-0.032437,-0.007992,-0.007228,2,3772
-4.260616,1.975916,0.005256,0.023427,0.008758,0.048311,0.004195,0.002048,0,3773
-4.648287,4.104792,-0.016940,-0.049423,-0.026727,0.009647,0.013815,-0.006983,3,3774
-0.961447,3.188129,-0.014479,-0.046449,-0.009002,-0.059226,0.022913,-0.044407,2,3775
-1.367431,-2.838822,0.014993,0.041435,-0.023593,-0.023075,0.015282,0.032124,2,3776
-3.730618,7.325402,-0.031134,-0.030036,0.005094,0.022901,-0.034675,-0.010680,0,3777
-5.231326,3.586418,-0.011544,-0.034544,0.038267,-0.003248,0.083778,0.011996,3,3778
2.161231,-1.822198,-0.011341,0.006907,-0.041133,0.029667,-0.010680,0.019769,3,3779
-5.099162,-0.894040,0.022655,-0.048867,0.003484,-0.007928,-0.004769,0.010148,0,3780
-3.473387,2.595245,0.008960,-0.050145,-0.022963,-0.003680,0.015650,-0.002543,0,3781
-3.038592,3.057418,0.023052,-0.007499,-0.026919,0.027756,-0.010747,0.024050,0,3782
2.683549,3.739878,-0.007265,0.020257,-0.016068,0.013419,-0.015849,-0.037270,3,3783
-1.894919,2.973056,0.011740,-0.020181,-0.019313,0.008237,0.019762,-0.012448,0,3784
-1.648424,-2.204620,-0.083485,-0.007436,-0.057474,-0.000341,0.022511,-0.027634,2,3785
1.785018,5.739557,0.015311,0.021305,0.004937,-0.009989,-0.028948,-0.047574,1,3786
3.915222,-2.261636,-0.043354,0.025816,-0.044989,0.027272,0.011941,0.003151,2,3787
-3.800123,2.481735,0.054371,0.047932,-0.008956,-0.027393,-0.020633,-0.028760,0,3788
-1.671085,2.660366,0.053392,0.004716,-0.008312,-0.040797,-0.040854,0.065792,0,3789
2.174524,-1.903517,0.001757,-0.016607,-0.006044,-0.041610,-0.030697,-0.036365,3,3790
-1.795559,-2.155021,-0.022946,-0.008418,0.027227,0.061389,0.018623,0.008103,2,3791
-5.097253,-0.353839,-0.042621,-0.010658,-0.006331,-0.009188,-0.040015,-0.020929,3,3792
8.756641,-0.085091,0.022428,-0.027623,0.003685,-0.047642,0.005111,0.009499,2,3793
3.240197,2.836591,-0.087162,0.016312,0.050104,-0.025335,-0.001809,-0.024659,3,3794
5.245444,-3.014765,-0.021716,0.019418,-0.013823,0.047750,-0.041101,-0.009586,1,3795
2.883221,-1.454049,-0.009497,0.004373,0.022433,-0.004103,0.012614,0.018906,3,3796
-3.370146,2.854003,0.012816,-0.017222,0.013683,-0.032506,0.026345,-0.026897,0,3797
2.699661,3.703482,-0.014081,0.006969,0.034117,-0.006624,0.009694,-0.017338,3,3798
0.198936,-2.181929,0.018681,-0.039695,0.045781,-0.034379,0.007532,0.005402,3,3799
3.215708,-3.046649,0.004221,-0.039637,0.031990,-0.016190,-0.041419,0.028893,2,3800
-5.062881,-0.695563,-0.048147,0.011097,-0.037843,-0.063567,0.004360,0.023817,1,3801
-3.158606,3.047824,-0.027773,0.028933,-0.027293,0.005205,0.026981,0.015873,0,3802
-0.476983,6.685283,0.021606,-0.010413,-0.020568,0.019538,0.004722,-0.012464,3,3803
4.550516,2.123500,-0.021337,-0.024838,-0.029092,0.013362,0.038144,-0.010867,2,3804
-2.220589,-0.534266,0.011596,-0.054825,0.028558,0.104512,0.015610,-0.003764,2,3805
0.339587,-6.776683,0.009288,0.018939,0.015259,0.005286,0.017602,0.042365,0,3806
2.077596,4.514043,-0.052627,-0.014008,0.004233,0.020051,0.008782,-0.047845,0,3807
-2.869281,-3.414590,0.054932,0.023909,0.007288,0.008720,-0.022705,0.019983,1,3808
3.128371,2.837212,0.057012,-0.008599,0.001687,-0.024121,0.049951,0.016447,3,3809
1.958552,-0.094000,0.016470,-0.017894,-0.035562,-0.023037,-0.000276,0.062435,2,3810
1.431562,2.272596,-0.035223,0.036680,-0.010143,0.016092,-0.005783,-0.041064,0,3811
1.922677,4.512894,0.000066,-0.021022,-0.020491,-0.009689,-0.010768,-0.025849,3,3812
-2.928886,-3.383756,0.014055,0.035468,0.016657,0.000361,0.000632,-0.003838,1,3813
1.468741,-2.024961,-0.023878,-0.025619,-0.013229,-0.031688,0.007957,-0.024180,3,3814
-5.667695,-3.166018,0.009708,0.010904,-0.025186,-0.043125,0.018180,0.061056,3,3815
2.923750,-1.338153,0.019098,0.040419,0.009124,-0.016149,-0.021858,0.000906,3,3816
-3.417773,-2.481547,-0.026619,0.027397,-0.007998,-0.028950,0.006183,-0.031797,1,3817
2.824654,-3.222037,0.000257,0.025636,0.008797,0.009025,0.032073,-0.044666,2,3818
-3.267081,-2.883982,-0.011362,0.043778,0.019667,0.042923,0.034350,-0.011795,1,3819
-1.075186,5.719356,0.023880,-0.070913,0.038191,0.021816,0.044278,0.012110,3,3820
5.407596,1.164816,0.015218,-0.020897,0.003828,-0.028920,0.002923,-0.001844,3,3821
-0.375127,-3.522386,0.022006,-0.013320,-0.011576,-0.023744,-0.006424,-0.004458,2,3822
-0.157946,-5.438706,-0.006929,0.031203,0.037650,0.011714,-0.021656,-0.033728,0,3823
-3.691829,2.541450,0.008026,0.037356,0.061591,-0.002342,-0.013497,-0.027950,0,3824
-3.245691,-2.913091,-0.015583,0.016817,-0.006751,0.020544,-0.024505,-0.024098,1,3825
-5.017988,3.618640,-0.019440,-0.037072,-0.033761,0.001941,0.010009,-0.008286,3,3826
-2.622443,5.293439,0.026373,-0.021623,0.030009,-0.008793,-0.043256,0.045725,2,3827
2.273893,1.256697,0.024309,0.019768,-0.006182,-0.000753,0.003317,0.009394,1,3828
4.277285,-1.989779,0.068100,0.016870,0.038796,0.002736,-0.006882,-0.043512,2,3829
-3.333080,-2.358943,-0.010523,0.037753,0.020207,-0.004892,-0.048273,0.037821,1,3830
-8.042791,7.330954,-0.062417,-0.000665,-0.010993,-0.009034,-0.006604,-0.011078,0,3831
-4.543744,1.671632,0.018844,-0.007493,-0.000536,0.023774,0.043761,0.048292,0,3832
2.188736,0.728136,-0.026449,-0.047122,0.017053,0.007383,0.011767,0.012024,0,3833
-4.168147,8.553735,0.015310,-0.021046,0.017747,0.021738,0.006447,-0.015141,2,3834
-3.835693,4.489183,-0.043871,0.005248,0.038718,-0.069929,0.025759,-0.007281,0,3835
2.067576,0.575958,-0.027237,-0.046610,0.012303,0.018708,-0.013545,-0.009760,3,3836
2.242084,4.099175,-0.039964,-0.000788,0.031899,-0.021763,-0.033665,-0.019125,0,3837
-2.924495,-3.557302,-0.033202,0.034426,-0.003590,0.008460,0.017830,0.052756,1,3838
3.151318,3.043027,0.001662,-0.013174,0.005767,-0.003230,-0.014870,-0.027430,3,3839
-3.283024,-2.934828,-0.034890,-0.003867,-0.016173,-0.002218,0.001114,0.004364,1,3840
-6.734524,-0.040781,-0.019860,0.003270,0.002172,-0.030099,-0.029040,-0.076514,3,3841
-3.894834,0.266861,-0.006095,0.064291,0.036408,-0.019922,0.012504,0.019877,1,3842
2.196896,0.464508,0.073879,-0.022519,-0.002523,0.074919,0.005851,0.018265,0,3843
3.519753,4.045609,-0.017194,0.009283,-0.046768,-0.025132,-0.028300,0.033201,2,3844
4.972898,0.859370,0.008516,0.001510,0.029032,-0.064128,-0.029675,-0.035735,2,3845
0.890432,-2.200266,0.017706,0.013085,0.054238,0.040059,0.069715,-0.003418,0,3846
-2.767938,2.277589,-0.040610,-0.033773,-0.013881,0.005867,-0.000195,0.054078,1,3847
4.481254,-6.356566,-0.006070,-0.014677,-0.008272,-0.022103,-0.030694,0.030258,1,3848
3.446125,-0.666838,0.008383,0.010446,0.032572,0.010037,-0.025943,-0.006219,2,3849
-3.733493,2.793133,0.009878,0.032468,0.035106,-0.008702,0.020571,-0.011549,0,3850
2.103297,5.043869,-0.049468,-0.011379,0.007539,-0.018773,0.002253,0.019055,2,3851
2.989956,-3.028853,-0.026099,-0.031081,-0.002307,0.046734,0.022906,-0.003258,2,3852
-1.617567,-2.715954,0.011019,0.054600,-0.032650,-0.033761,-0.026176,0.017215,2,3853
-1.652975,2.660269,-0.034422,0.016903,0.008274,0.002691,0.034197,0.020701,1,3854
-4.995100,0.946461,-0.028272,-0.020470,-0.013177,-0.025436,0.026768,0.020648,0,3855
6.492329,-0.517526,-0.020433,0.026416,-0.017188,-0.050346,-0.019209,-0.024781,0,3856
-2.076106,-1.948189,0.026721,0.017443,0.024313,0.044469,-0.017026,0.005143,1,3857
2.872523,3.353647,-0.046735,0.046114,-0.016881,-0.047287,-0.039946,0.013236,3,3858
2.812591,4.693655,-0.056663,0.005750,-0.027425,0.030451,0.025513,0.031689,2,3859
3.721841,0.871971,-0.024260,-0.053620,0.014697,-0.024536,-0.027266,-0.007759,3,3860
3.384872,-0.460255,0.009258,0.020950,0.011533,-0.015560,-0.002089,0.042207,3,3861
-3.847811,2.392403,0.019308,-0.021442,0.051858,-0.025900,-0.004301,0.036701,0,3862
-1.873142,-4.393735,0.020262,0.028983,0.050668,0.005919,0.052427,0.019891,1,3863
2.237471,-3.353689,0.015161,0.049430,0.029150,-0.018970,-0.031894,-0.001998,3,3864
1.995100,7.331786,0.008502,0.002977,-0.031139,-0.024960,0.003726,-0.027051,2,3865
-4.857062,-2.700600,0.005615,-0.013186,0.042740,-0.031017,0.019066,-0.078705,0,3866
-4.912367,0.453784,0.001791,0.017233,0.007666,0.054871,0.031025,0.008740,3,3867
3.581030,-4.490443,-0.021338,0.083073,-0.023617,0.024895,-0.045550,0.010976,1,3868
-1.592431,2.543174,0.005096,0.014687,0.005114,-0.009643,-0.035408,-0.018533,1,3869
4.816615,-3.404424,0.018714,-0.033722,0.007923,-0.045762,0.031390,0.000620,1,3870
-0.182962,5.896035,0.034458,0.039084,0.017934,-0.030964,0.007680,0.002115,3,3871
0.017755,6.680680,-0.007803,0.012524,0.023597,-0.012768,0.017518,-0.048327,3,3872
3.284188,2.825390,-0.010896,-0.023566,0.001964,-0.015873,0.034888,-0.013756,3,3873
1.504696,-2.069667,-0.017083,0.072317,0.023835,0.010607,-0.036357,0.001320,3,3874
-0.441417,-3.465551,0.004777,-0.044609,0.005125,0.050828,0.010129,-0.000434,0,3875
-5.145809,-1.696985,0.045342,-0.008006,-0.075278,-0.038897,0.026460,0.018854,0,3876
1.988181,-5.292899,-0.057915,0.022282,-0.025353,-0.039287,-0.025335,-0.035863,1,3877
-3.252919,-2.941705,0.032412,-0.024215,-0.009694,-0.004608,-0.016237,0.036730,1,3878
3.721218,-2.557850,0.023677,0.012132,0.008930,-0.027856,0.019672,0.017908,2,3879
2.031045,4.323965,-0.040638,0.022175,0.010989,0.018006,0.002320,0.011930,3,3880
-0.142788,-4.966180,-0.024443,-0.038051,0.081799,0.034766,0.005661,0.067538,1,3881
2.671785,3.703470,0.005638,0.023743,-0.012108,0.070959,-0.014969,0.010583,3,3882
-3.342006,6.620213,0.034343,-0.000728,-0.038269,-0.015053,-0.042726,-0.010718,1,3883
-3.987962,-1.272876,-0.018948,0.042145,-0.005109,-0.007810,-0.021319,-0.007706,1,3884
-0.702693,2.229548,-0.047764,0.053767,-0.009985,0.018695,0.034637,0.058169,1,3885
-3.833750,-1.433925,-0.005128,-0.047442,0.022182,0.025205,0.018782,0.006097,1,3886
-4.696624,3.931131,-0.019974,-0.027508,0.017615,0.000191,0.011208,-0.003943,3,3887
3.863450,-2.196322,0.027719,-0.003243,0.040222,0.023541,0.021467,0.012188,2,3888
4.602980,-1.265498,-0.021614,0.017520,-0.014080,0.079319,0.017454,-0.035839,2,3889
-2.713709,3.150125,0.034293,0.025207,-0.045643,0.053702,0.060009,-0.029068,0,3890
-0.354151,2.336384,0.011587,-0.006847,-0.024704,-0.032909,0.022062,0.021898,1,3891
-5.016396,3.463701,0.022637,-0.020527,0.003176,-0.032269,-0.048621,0.014768,2,3892
-8.588364,-4.329359,0.025578,0.001657,0.067689,-0.014120,-0.035962,0.009376,2,3893
-2.287868,-0.463455,-0.035934,0.028696,0.033049,-0.030875,-0.033151,0.023586,2,3894
-2.937198,-3.297595,0.004204,0.005805,0.021485,0.028613,-0.001072,-0.014045,1,3895
3.944041,-8.667113,-0.004129,-0.008951,0.005234,0.006009,0.031501,0.009611,2,3896
-2.991152,-3.084804,0.037710,0.018956,0.016735,0.078194,-0.004258,-0.009405,1,3897
2.893309,-3.141797,0.008016,-0.033426,-0.038320,-0.002699,0.009357,-0.004784,2,3898
2.194686,5.135366,-0.027295,-0.030333,-0.008786,0.033253,-0.068955,-0.004452,2,3899
3.571018,-2.400946,0.041488,-0.022607,0.050643,-0.009166,-0.044768,-0.012362,2,3900
-4.947900,0.323598,0.020756,-0.004731,0.035562,0.021461,-0.010071,0.038099,2,3901
-2.037874,-0.098278,0.036252,-0.023177,-0.023720,-0.003785,-0.017937,-0.014296,2,3902
-3.554732,-2.367316,0.035392,0.007651,0.057120,0.006534,0.012128,0.008251,1,3903
0.254928,6.596375,0.027148,0.013892,-0.017778,-0.039541,-0.029504,-0.039170,2,3904
0.356402,-3.491279,-0.012297,0.010439,-0.021711,0.009148,0.009677,-0.048331,2,3905
2.014839,1.557110,0.015121,0.000819,0.069315,-0.031656,-0.015252,0.039663,0,3906
2.776167,-4.819620,-0.009155,-0.016382,-0.024098,-0.011006,-0.039956,0.028542,1,3907
3.971764,-2.311059,0.025888,-0.036984,-0.037427,-0.003694,-0.001113,-0.001657,2,3908
-4.711247,4.156930,-0.066535,-0.001975,0.029526,0.019263,-0.028859,-0.037881,2,3909
-0.890389,-6.567081,0.038572,-0.050182,-0.011751,-0.004534,-0.007024,-0.001242,0,3910
-2.010877,2.605666,-0.006958,-0.038294,-0.058673,-0.017691,0.006979,0.040103,1,3911
1.451628,-6.761644,-0.049168,-0.008045,-0.021912,0.024965,-0.002013,-0.050101,0,3912
-3.086436,3.037083,-0.007867,0.019695,-0.009719,-0.052907,0.054417,0.030117,0,3913
6.760917,4.837075,0.017517,0.070680,0.011765,0.011069,-0.055372,-0.062073,1,3914
0.394988,2.957369,-0.001378,-0.031772,-0.021517,0.077323,-0.058099,-0.063695,0,3915
0.185878,-2.197188,-0.028861,0.017556,-0.016862,0.050157,-0.021711,-0.040100,3,3916
-2.287709,3.051935,-0.001988,-0.023230,-0.042217,-0.014099,0.043408,-0.011764,0,3917
-1.980724,2.865235,-0.042485,0.001535,0.001898,-0.047874,-0.045146,0.051640,1,3918
-5.293387,-1.194393,0.034730,-0.005473,0.054216,-0.000186,0.015506,-0.041823,0,3919
6.646664,-0.479335,-0.022937,-0.032940,0.016432,-0.018465,0.013478,-0.000964,1,3920
4.075577,-0.253510,-0.015370,-0.012657,-0.018346,-0.023359,-0.050063,0.019114,3,3921
1.487181,5.334936,0.070041,-0.027059,-0.026703,-0.036571,0.016463,0.034548,3,3922
-5.116030,0.086790,-0.058739,-0.000508,-0.011635,0.034928,0.000090,-0.027267,3,3923
-5.386094,-0.004663,-0.021139,0.028561,-0.009565,-0.000606,-0.004303,-0.044700,0,3924
-5.252317,-7.888675,0.013525,0.050927,0.012467,0.007321,-0.043445,0.009180,2,3925
-4.001896,-0.786008,-0.031947,0.033085,0.025558,-0.006426,0.034538,0.000953,1,3926
3.636319,1.910257,0.035137,0.001724,0.023201,-0.020879,-0.027270,-0.020579,3,3927
6.732208,1.433735,-0.018332,0.011625,-0.004376,-0.037714,0.052006,0.003439,1,3928
-0.783130,-3.011685,-0.004626,-0.017575,0.026673,0.019683,0.003971,-0.038522,2,3929
-2.655781,3.204648,-0.005335,-0.004596,-0.012781,-0.042894,-0.009646,-0.042752,0,3930
2.018395,5.624726,-0.007307,-0.046867,-0.023951,-0.003661,0.005393,-0.011636,2,3931
6.724781,0.437454,0.016169,0.017317,0.017628,0.004033,-0.021468,0.015205,1,3932
2.450767,4.049731,0.062659,-0.012598,-0.023520,-0.004185,0.026078,0.057356,3,3933
1.825307,2.041222,-0.012082,-0.051232,0.018517,0.012902,-0.023364,0.037235,0,3934
-1.625820,2.701392,-0.014212,-0.026201,-0.017778,0.004686,0.009368,0.012458,1,3935
-4.474236,2.112361,-0.004083,-0.009054,0.034030,-0.018469,-0.002443,-0.023457,0,3936
-0.771720,6.640707,-0.025231,-0.041036,0.026896,-0.006457,0.055589,-0.051414,2,3937
0.828339,5.528543,0.018298,0.012369,0.037756,0.032439,-0.004231,-0.011975,3,3938
4.859597,1.222192,-0.004558,-0.035020,0.052390,0.002475,-0.008538,-0.000755,2,3939
-3.400983,-2.778675,0.005362,0.047088,0.030816,0.019868,0.014223,0.007405,1,3940
-2.210719,-4.149185,0.019732,-0.022284,0.039648,-0.005789,-0.052314,0.003264,1,3941
1.502320,-2.299738,0.030202,-0.004394,0.029206,-0.045818,0.041523,-0.031093,3,3942
1.457746,-2.190012,-0.026139,0.039716,-0.005866,-0.006003,-0.027043,0.040987,3,3943
-3.026831,2.962615,-0.014547,-0.008042,-0.028961,0.009264,-0.011124,0.018343,0,3944
2.742472,3.656119,-0.009126,0.033531,0.028551,-0.013215,-0.031851,0.037583,3,3945
3.071963,2.949980,0.004592,-0.002974,0.029482,-0.029800,0.013863,-0.015690,3,3946
6.514892,-0.951873,-0.044204,-0.032730,-0.029805,0.013894,-0.000166,0.006081,0,3947
-2.004956,-0.649173,-0.003233,0.026569,0.003438,-0.012189,-0.011730,-0.029283,2,3948
5.968828,-2.446329,0.055041,-0.002701,-0.003610,-0.017327,0.057608,0.038604,1,3949
3.282598,-0.238816,0.022787,0.049568,-0.017003,0.057711,-0.006963,0.004439,0,3950
1.764032,5.524137,0.005198,-0.051820,0.004219,-0.013208,0.014764,0.036523,2,3951
-2.104895,2.923225,0.006553,0.008681,0.012613,0.004090,0.019926,0.030416,0,3952
-2.208712,-1.113590,0.004101,0.021667,-0.001903,-0.022801,-0.005205,0.022557,2,3953
-3.465394,-2.436905,-0.060316,-0.009777,0.030646,0.016949,0.026676,-0.029309,1,3954
0.676099,2.927492,0.004024,-0.012533,-0.028793,0.024145,0.001778,0.040557,0,3955
-3.484885,4.978251,-0.052211,0.015194,0.030997,-0.020579,-0.011689,-0.040451,3,3956
-3.975946,2.344250,-0.030382,0.086845,-0.003430,-0.009496,-0.000477,-0.034483,0,3957
-3.481081,-2.534410,0.026189,0.073777,0.010412,-0.001939,0.014615,-0.002185,1,3958
0.745682,5.751006,-0.010803,-0.035559,0.049298,-0.003611,-0.007488,-0.002983,3,3959
-1.953208,-4.364025,-0.007819,-0.035860,0.024341,-0.033066,-0.027026,0.026071,1,3960
7.325055,0.468302,0.022419,-0.046229,-0.010101,0.012726,-0.001293,-0.009056,3,3961
0.290816,-6.886130,0.016477,-0.010579,0.003565,0.011467,-0.012896,0.013907,3,3962
-4.381833,1.921660,-0.000303,0.017183,0.014499,-0.014296,-0.035533,0.029999,0,3963
-1.860638,-1.973997,-0.009709,-0.005226,-0.019828,0.037546,0.000499,0.022843,2,3964
-4.688966,-3.497888,-0.047772,-0.062387,0.054737,-0.061436,-0.002737,0.012596,1,3965
-4.012828,-0.528572,0.021239,0.047317,-0.001898,0.010388,0.015633,-0.007088,1,3966
-0.653475,-3.047811,0.000709,-0.017417,-0.035402,-0.035890,-0.009790,0.000431,2,3967
3.399537,2.139601,-0.029872,0.014121,0.043048,0.016565,-0.010185,-0.008041,1,3968
4.806725,0.626860,0.052487,0.006389,-0.007010,-0.021774,0.012018,-0.002015,3,3969
-5.142015,0.126644,0.062164,0.013387,-0.001979,0.012174,-0.037725,0.042144,0,3970
-2.565069,-3.797225,0.031996,-0.009930,0.019560,0.008346,-0.011622,-0.006261,1,3971
-5.593137,2.807796,0.046549,-0.015686,-0.020316,-0.017308,0.021001,0.087715,3,3972
4.688208,-0.865499,0.007789,0.017743,0.030584,0.005279,-0.083338,0.022562,2,3973
1.419662,6.179067,-0.065236,-0.036255,0.005892,0.006663,0.000790,0.001172,2,3974
1.261134,6.182365,-0.021451,-0.034360,-0.018479,0.010684,0.054127,-0.041554,2,3975
-0.275417,5.780902,-0.033353,0.018903,-0.002610,-0.006700,0.015065,0.039091,3,3976
-3.480441,2.863651,0.004252,0.021935,0.051811,-0.011395,-0.030561,-0.014163,0,3977
-1.262751,2.296309,0.004794,-0.007668,0.024193,0.064408,-0.002756,0.034383,3,3978
-3.824368,2.441839,0.042118,-0.000840,-0.028339,0.051812,0.001607,0.020175,0,3979
2.169801,4.646179,-0.047663,-0.021880,-0.006341,-0.039714,0.035202,-0.035397,3,3980
-2.448754,-3.920161,-0.028037,0.005754,-0.046709,-0.009216,-0.027771,0.099921,1,3981
-2.066543,-4.104696,-0.049832,0.028249,0.011104,0.021886,-0.023524,-0.006125,1,3982
4.847167,1.559522,-0.011148,0.040814,0.000773,-0.021998,-0.012885,-0.002036,3,3983
5.487485,2.244715,-0.020183,-0.049348,-0.022560,0.006775,-0.016677,0.024980,2,3984
0.358461,6.650824,0.010794,0.052144,-0.040102,-0.046376,0.000525,-0.024886,2,3985
0.795014,-2.185166,-0.014636,-0.020624,0.018563,0.019695,0.026895,-0.007512,2,3986
-2.180139,-4.194071,0.019138,0.013607,-0.003626,-0.014702,0.038716,-0.011067,1,3987
-2.658090,-3.713032,-0.016860,-0.026108,0.021952,0.006881,-0.043830,-0.005594,1,3988
-1.439527,2.416096,-0.038976,0.018576,-0.032771,-0.029958,-0.015353,-0.007097,1,3989
2.098608,1.307339,0.008323,0.036377,0.049591,0.030923,-0.044979,-0.031252,0,3990
-3.830070,0.366094,0.041521,-0.015271,0.016142,0.010615,-0.007235,-0.017565,1,3991
-4.513230,-3.526778,0.043461,0.025690,0.013790,0.012624,-0.030568,-0.005265,0,3992
-2.854509,3.105031,0.024630,-0.028006,0.028823,0.023548,0.004991,-0.002321,0,3993
-6.040896,2.038966,0.011473,0.005837,0.013798,-0.004911,0.005600,-0.029639,1,3994
-6.487095,1.266559,-0.023276,0.030776,0.020805,-0.043074,0.017225,-0.017562,3,3995
-3.476866,-2.594440,0.003306,-0.052732,-0.023015,-0.037633,0.051025,-0.044141,1,3996
1.106935,-2.314738,0.046929,-0.010292,0.071741,0.005180,-0.014197,0.020763,2,3997
-0.431055,5.712010,0.000196,-0.017880,-0.009299,0.029151,0.025830,0.012960,3,3998
-2.083088,2.901877,-0.004755,0.031788,0.005447,-0.036094,-0.053608,0.032177,1,3999
-2.791459,-3.494013,-0.001718,-0.005187,-0.006708,0.016646,0.050781,-0.003188,1,4000
2.897051,3.563786,-0.018523,-0.025872,-0.000852,-0.028167,0.047151,0.058393,3,4001
-4.407464,-3.908427,0.018294,0.029592,0.038468,0.052434,0.042939,0.063021,0,4002
2.268470,-5.122444,-0.035877,0.023498,-0.001019,0.018168,-0.016428,0.005638,2,4003
-2.784980,-3.597664,0.058573,-0.038022,-0.019813,0.039551,0.072660,-0.003196,1,4004
-6.714197,0.415604,-0.048457,0.007992,-0.024809,0.006966,0.029174,0.011178,3,4005
7.948841,2.179851,0.047154,0.006089,0.031032,0.067799,0.057154,-0.002587,2,4006
-5.148043,-1.775967,-0.009882,-0.043065,-0.006498,-0.006866,-0.037294,-0.052467,0,4007
4.398829,-1.490123,0.021671,-0.021000,-0.011035,-0.000392,0.005569,0.090921,2,4008
-3.363539,2.812818,-0.003613,-0.029665,0.041389,-0.011849,0.041220,0.044938,0,4009
-4.268624,-4.438824,0.020308,-0.012193,0.014702,-0.025138,0.044451,-0.047330,0,4010
-4.621655,1.518832,-0.021377,0.020487,0.004685,-0.003070,-0.070984,0.000679,0,4011
0.872937,-5.170115,-0.054493,0.049640,0.042346,0.002398,0.013776,0.005602,2,4012
-3.910873,2.353718,0.048428,-0.019940,0.043594,-0.061686,0.075763,-0.028146,0,4013
1.328308,-2.277287,-0.016969,-0.008114,0.004622,-0.012689,-0.000114,0.031812,0,4014
4.916561,-3.673286,0.023569,-0.006303,-0.001102,-0.030481,0.006561,0.012103,1,4015
-1.980091,-4.228431,-0.046432,-0.048636,-0.036598,0.016893,-0.004209,-0.017126,1,4016
1.924910,-1.758260,0.019646,0.030329,0.038246,0.016017,-0.040858,0.028019,3,4017
2.311601,-1.902522,0.007863,0.021808,0.014804,-0.003367,-0.004419,-0.026485,3,4018
-2.693619,3.320905,0.025764,0.015751,0.004615,0.033679,-0.001200,0.036760,0,4019
2.071017,0.337181,0.063070,0.013940,-0.008241,0.078752,0.000547,0.026466,0,4020
3.440651,0.005668,-0.001976,0.001072,-0.048924,-0.000873,0.091799,0.039370,3,4021
1.890441,5.885600,0.003903,-0.002296,0.009323,0.009362,-0.015689,-0.012657,2,4022
1.070337,-6.680385,0.049286,0.000199,-0.010679,0.036366,0.017177,-0.042170,0,4023
2.237363,4.189258,0.040592,-0.047497,-0.053553,-0.003229,0.009349,0.012542,3,4024
1.745470,-2.012306,-0.045447,0.000103,-0.002524,0.016362,0.033441,-0.006903,3,4025
-0.963213,2.340987,0.053316,0.076596,0.030367,0.012710,0.019374,0.024869,3,4026
3.516509,0.021454,0.047617,0.014516,0.056808,-0.044584,0.031738,0.005381,3,4027
3.575743,-2.809252,0.028141,-0.045139,-0.001542,-0.032052,-0.009634,0.005485,2,4028
-0.635880,2.268426,0.044581,0.058761,-0.047521,0.001966,-0.048060,0.005506,1,4029
1.764708,-5.214096,-0.009780,0.002388,-0.035989,0.019793,0.020340,-0.017853,1,4030
-3.706523,2.630802,-0.015673,-0.012767,-0.009683,-0.060437,-0.049916,0.022015,0,4031
-1.443070,2.466603,-0.041307,-0.005028,-0.016168,-0.037944,0.038884,-0.009232,2,4032
1.411538,-2.165422,0.022301,-0.007559,0.015518,-0.061216,0.001462,-0.024744,2,4033
-3.383414,2.773594,0.014425,0.003439,0.075371,0.027284,-0.016028,0.022400,0,4034
-1.923924,-0.013568,0.059511,0.005086,-0.038407,-0.023664,0.020680,0.003618,2,4035
-3.281636,2.797187,0.048645,0.002709,-0.047841,-0.016182,-0.027283,0.008055,0,4036
1.936132,0.119654,-0.004042,0.024853,0.011386,0.005659,0.000726,0.003258,0,4037
1.767918,6.170798,-0.007100,-0.036963,0.035618,0.038935,-0.031211,-0.007253,1,4038
-2.946425,3.079738,0.012386,0.007845,-0.045375,0.002610,0.051924,0.054915,0,4039
-0.343352,-6.594879,0.014408,0.068004,0.001355,-0.005000,-0.011811,-0.018758,3,4040
-3.592077,2.681906,0.026332,0.011636,-0.028247,0.012200,-0.014273,-0.008721,0,4041
-6.791769,-1.165083,0.015204,-0.017108,0.006465,-0.018066,0.000974,0.039313,1,4042
4.343238,-4.077867,-0.023334,-0.038263,0.022366,0.006000,0.019152,-0.012534,1,4043
1.286996,6.183236,-0.044345,-0.063727,0.006986,0.029843,-0.025040,-0.048953,2,4044
1.382751,-6.720093,0.018162,-0.023486,0.024342,0.008024,-0.054844,0.009065,0,4045
1.795564,5.194966,-0.056247,0.001449,0.017020,0.007907,0.001621,0.014683,0,4046
-2.241198,-0.326133,0.033211,-0.002741,0.015638,0.039799,0.045921,-0.054680,2,4047
3.251593,-4.611774,-0.057912,-0.047893,0.017071,0.049347,-0.043422,0.011032,1,4048
2.082788,1.015780,-0.014740,-0.022738,-0.033712,-0.003446,0.025525,-0.002785,0,4049
-3.878148,2.535969,0.016880,0.036229,0.036325,-0.028405,0.009992,-0.003668,0,4050
-1.771972,-2.219757,0.004746,-0.008062,-0.016823,-0.062563,-0.031067,0.053626,2,4051
-2.196250,-4.088007,0.033699,0.005639,0.001897,-0.032085,0.029411,0.000759,1,4052
-5.168108,-0.073507,-0.023652,0.035968,-0.012332,-0.001326,0.065517,0.035125,0,4053
-1.673719,-2.737623,-0.031295,-0.019197,0.006803,0.038892,-0.006396,0.013967,0,4054
-4.820685,-2.606546,0.012005,-0.096376,-0.002397,-0.028749,-0.014592,0.030161,0,4055
-6.657486,5.047363,-0.039006,0.002531,-0.030036,-0.112471,-0.036572,-0.027716,2,4056
2.641544,-3.276307,0.025878,-0.031652,-0.043512,-0.018906,0.006215,0.005238,2,4057
-6.423942,0.920572,-0.001499,0.011001,-0.033057,0.031410,0.007137,0.021089,3,4058
-1.579784,2.425493,0.056249,0.027806,-0.011905,-0.002335,-0.015509,-0.023223,2,4059
-0.719153,2.090563,0.000791,0.012563,0.019184,0.011977,-0.019095,-0.010104,1,4060
-3.522965,-2.371909,-0.043950,0.031213,-0.021982,0.003876,-0.036982,-0.020448,0,4061
3.013454,-3.102911,0.019769,-0.008924,-0.018252,0.002657,-0.059955,-0.002096,2,4062
4.871813,-3.751499,-0.032100,-0.034094,0.042322,0.008963,0.030421,-0.018189,1,4063
2.275974,-3.282223,0.000357,-0.046389,-0.048194,0.011060,-0.006648,-0.025484,0,4064
-1.383187,-2.776663,-0.002653,-0.025766,-0.022542,0.027015,0.010463,-0.019082,2,4065
-3.193231,2.898720,0.022380,-0.011438,0.057232,0.043088,-0.022953,-0.056977,0,4066
-1.020431,-2.955456,-0.015522,0.037502,-0.012160,0.051363,0.006180,-0.010442,2,4067
-5.433647,2.845293,-0.062797,0.000276,-0.038618,0.001881,-0.048524,0.054706,2,4068
-1.873918,-2.215525,-0.009313,-0.016114,0.001635,-0.041749,-0.006232,0.004813,0,4069
2.959297,3.350127,-0.022410,-0.007405,0.011821,-0.019549,-0.020487,0.002463,3,4070
-4.983059,-2.331931,-0.015333,0.055995,0.065999,-0.034339,0.045722,-0.005105,0,4071
0.511247,-6.788321,-0.001253,-0.002428,-0.016242,0.001459,-0.077958,-0.021687,0,4072
3.806521,1.441036,-0.055720,-0.025238,0.070257,-0.000454,0.010097,0.042470,3,4073
-1.557749,2.552158,-0.026761,-0.001708,-0.005080,-0.050425,0.022483,-0.011978,1,4074
6.239276,-3.738875,-0.061745,0.045774,-0.021843,-0.039366,0.021489,0.017387,2,4075
3.025406,3.272011,-0.023902,0.017802,-0.114426,0.040359,0.031674,-0.031311,3,4076
-3.766395,2.515563,0.013810,0.034600,-0.042642,0.025132,-0.017553,-0.014551,0,4077
5.049933,0.497051,0.003963,-0.007255,-0.018746,0.067290,0.032654,0.014429,2,4078
3.107785,2.624312,0.056721,0.045603,-0.012214,0.028892,-0.014157,0.016557,3,4079
-1.439648,2.299860,0.002507,-0.015710,0.011683,0.002600,0.031962,-0.020517,1,4080
3.577879,0.389962,0.026775,-0.025720,-0.027172,-0.005904,-0.010612,-0.035935,3,4081
-3.044516,-1.068986,0.013200,-0.025020,0.037394,-0.035117,0.003845,-0.001301,3,4082
1.143887,5.605676,0.059840,0.014369,-0.023956,0.051466,0.069639,-0.045047,3,4083
-0.370210,-6.547840,0.013082,0.037276,-0.016688,0.004721,-0.027836,0.007307,0,4084
-3.915221,-0.237243,0.016149,0.055956,-0.012505,0.019105,0.025344,0.010166,1,4085
3.594264,0.191452,0.016088,0.037811,-0.048144,0.037476,-0.035846,0.021721,3,4086
3.085361,-3.172890,0.043886,0.031883,0.012694,-0.017867,0.002109,-0.027869,2,4087
3.210713,-2.915423,-0.048230,0.020051,-0.017519,-0.027390,0.077274,0.057668,2,4088
2.811706,-3.238652,0.023066,-0.049857,-0.056871,-0.047181,-0.011667,-0.050095,2,4089
-3.101118,-3.070685,0.007644,0.017480,-0.002199,0.001001,-0.048864,0.000186,1,4090
1.526452,2.337484,-0.031773,0.000758,0.001582,-0.021770,-0.007593,0.040174,0,4091
-0.222072,-3.526868,0.044068,-0.027280,0.010889,-0.020969,-0.062599,0.006404,2,4092
-1.617144,-2.409016,-0.015856,-0.053600,0.020618,-0.015385,0.048078,0.030513,0,4093
2.930316,3.304153,0.029865,0.021540,-0.018874,-0.016430,-0.019049,-0.030343,3,4094
-2.387541,-3.833226,0.024009,-0.043589,0.023254,-0.006818,0.055561,0.037393,1,4095
-4.124183,-0.737562,0.007703,-0.001533,0.003150,0.062404,-0.001124,-0.033389,1,4096
-3.387092,-2.497732,-0.005295,0.010579,0.034070,0.000849,-0.016453,0.007517,1,4097
6.674139,-0.120723,-0.018409,0.012257,-0.021553,0.018341,0.035087,-0.029898,1,4098
-6.455449,-0.008731,-0.041235,0.017204,-0.022043,-0.066817,0.000203,-0.042443,1,4099
-3.171541,-3.140929,-0.005098,0.017027,-0.037971,-0.010846,-0.052834,0.016820,1,4100
4.157179,3.179235,0.026889,0.025081,0.029948,-0.053440,-0.026185,0.025284,2,4101
2.976747,3.115400,0.011929,0.002553,-0.024736,0.011406,-0.039832,-0.027437,3,4102
-5.075519,0.434928,-0.029343,0.020564,-0.022881,0.020192,0.050451,0.027085,2,4103
-3.666845,2.588372,0.001223,-0.016793,-0.047996,0.041996,-0.020026,0.052547,0,4104
3.818820,-2.418298,-0.014661,0.012449,-0.025246,-0.049495,0.015322,0.044376,2,4105
8.639511,-8.160980,-0.034873,-0.075745,0.025899,-0.025295,0.002967,-0.031914,2,4106
2.801899,3.550460,0.019630,0.026198,0.024260,0.012720,-0.006350,-0.019844,3,4107
3.421112,-2.858994,-0.019153,0.007147,-0.036470,-0.020980,-0.013516,0.028456,2,4108
-5.072302,3.632755,0.017458,-0.004071,-0.004979,0.026390,-0.027716,-0.015861,3,4109
-0.054964,-3.426200,-0.030249,-0.001774,-0.019675,-0.013150,0.002215,0.001156,3,4110
3.409976,2.677766,-0.039392,-0.029044,-0.043885,0.010596,-0.003842,-0.053930,3,4111
2.429850,3.992869,-0.041080,-0.045008,0.020059,-0.034235,0.043958,-0.062301,3,4112
-0.609025,2.164752,-0.013471,-0.010655,-0.003883,-0.047622,-0.046002,-0.002918,1,4113
4.268227,-1.592655,-0.041282,-0.006652,-0.049317,0.026138,-0.036356,-0.024538,1,4114
0.053925,6.588203,0.007257,0.045564,0.035827,0.016319,-0.067734,0.029418,1,4115
-2.005572,5.613457,-0.053923,-0.024085,0.032256,0.037008,0.024539,-0.002757,3,4116
0.262321,-2.093273,0.020826,0.040244,0.023035,0.039906,-0.005072,-0.022735,3,4117
-4.955110,-2.842589,0.004028,-0.002191,-0.037419,-0.042945,-0.002486,-0.005765,0,4118
0.371699,-1.971335,0.010950,-0.000574,-0.018616,0.006798,0.041903,0.039591,3,4119
-1.868374,-4.239614,0.044931,0.045490,0.008284,-0.026823,-0.005896,0.005109,1,4120
2.736558,3.902364,-0.049034,-0.004171,-0.023507,0.032374,0.017262,0.003688,0,4121
6.480101,-0.446686,0.025525,-0.055842,0.020996,0.058117,-0.039545,0.006105,1,4122
2.197719,5.099674,-0.014867,0.006496,0.029257,-0.029700,0.026166,-0.035986,2,4123
-0.134895,-3.321313,-0.002877,0.044541,-0.028016,0.030751,-0.034401,0.004169,0,4124
3.053369,3.099873,-0.025172,0.021705,0.034863,-0.003896,-0.061056,-0.006014,3,4125
2.066284,0.160855,-0.019249,0.042168,-0.044765,0.013972,0.056384,0.040638,2,4126
-3.774987,2.324811,-0.010061,-0.011487,-0.010289,-0.016348,0.034201,0.008369,3,4127
-2.841470,-3.581564,0.067436,0.033104,-0.002728,0.012929,0.034844,0.005715,1,4128
-4.337050,4.294759,0.061760,0.017842,0.016821,-0.040189,0.048925,-0.007266,3,4129
-0.738494,-6.457597,0.018890,0.031378,0.035065,0.030172,-0.015824,0.031974,0,4130
-2.276031,2.976350,-0.034414,-0.024898,0.041999,-0.032470,-0.000710,-0.042648,0,4131
-3.397101,-2.706480,-0.003381,0.023889,-0.005718,-0.002907,-0.022514,-0.052820,1,4132
-0.258520,0.404089,0.017285,0.017565,-0.042436,0.035134,0.004980,0.061075,0,4133
2.757142,3.553822,-0.005367,-0.028490,-0.016634,0.013301,0.051331,-0.039446,3,4134
-2.681860,3.240498,0.046232,0.026239,0.004156,0.001794,-0.030438,-0.016677,0,4135
2.120936,1.194249,0.045154,-0.016240,-0.000300,-0.017276,0.036747,-0.019792,0,4136
-0.522904,3.131766,-0.033956,0.006789,-0.005592,-0.057143,0.005147,0.018264,0,4137
-3.144313,2.831757,0.020762,0.003218,-0.018663,-0.006833,-0.016501,-0.000635,3,4138
-2.392522,-5.878747,-0.025982,0.066624,0.010994,-0.003648,0.006398,-0.028902,0,4139
1.612070,-2.143080,-0.027458,0.011920,-0.047692,-0.051203,0.032058,-0.011185,1,4140
-4.367368,1.905143,-0.005584,-0.003377,0.003589,0.006020,-0.014839,0.012308,0,4141
-2.760061,-5.161876,0.031301,-0.015132,0.061708,-0.038346,-0.009760,0.039331,1,4142
2.131169,0.976994,-0.016526,-0.029336,-0.068650,0.003085,-0.012051,0.050858,1,4143
1.981919,0.418633,0.002243,-0.029147,-0.001859,-0.016951,-0.013148,0.056924,0,4144
2.988360,2.980031,-0.041272,0.022010,-0.070448,-0.048957,-0.006303,-0.019277,3,4145
0.161589,2.928512,0.043659,0.048820,-0.039374,0.052477,-0.019501,-0.025635,3,4146
2.293772,4.868536,-0.026984,-0.016679,-0.003850,0.050428,-0.022988,-0.019292,2,4147
3.059785,3.070033,-0.030698,-0.030289,-0.018104,0.018391,0.018857,-0.027325,3,4148
3.578664,-2.518876,0.055210,0.026004,0.013868,0.018104,0.010702,-0.015250,2,4149
5.041199,0.748697,0.062220,0.006208,0.027451,-0.003121,-0.013380,-0.044699,2,4150
-4.735836,0.984958,-0.019132,0.006118,0.017288,-0.021946,-0.043162,-0.052285,0,4151
-0.774357,5.755210,-0.013309,-0.011294,-0.016701,0.052021,-0.020719,-0.004947,3,4152
-0.802565,2.225185,0.022147,0.077670,0.010163,-0.023077,0.009497,-0.008026,0,4153
3.233650,-0.964162,0.040681,0.033861,-0.052792,-0.012920,0.058967,0.032266,3,4154
2.107701,5.494962,0.010432,0.003436,0.015529,0.000047,-0.014626,-0.024123,2,4155
3.262757,2.856164,0.015514,-0.002800,-0.027446,0.036417,-0.034679,-0.000802,3,4156
2.454974,3.914156,0.004628,0.032630,0.019335,-0.079990,-0.049545,0.019075,3,4157
4.689845,-1.151825,0.012838,0.012203,-0.003521,-0.013488,0.021107,-0.029208,2,4158
2.507485,4.752577,-0.071173,-0.066095,0.064871,0.011158,0.071917,-0.027782,2,4159
1.572768,2.289217,0.008032,0.016916,-0.008462,0.020053,0.017927,0.073270,0,4160
-4.299335,1.942109,-0.020651,-0.006794,-0.051166,0.028816,0.037387,0.018770,0,4161
-2.224423,-0.681956,0.041268,0.023547,-0.021594,0.036361,0.043253,0.030829,0,4162
-4.676585,1.075076,0.002852,0.025961,0.046413,0.059843,-0.017049,-0.013667,0,4163
6.279990,7.111246,0.003971,-0.005901,0.012717,-0.016191,0.033111,-0.022383,1,4164
-2.675412,-3.641052,-0.022259,-0.051312,0.057319,-0.031374,-0.010127,0.024669,1,4165
5.288183,-6.835388,0.083828,-0.007055,0.014923,-0.003663,-0.009157,0.080632,1,4166
2.374364,4.022987,0.011228,0.015000,-0.054359,-0.015309,-0.039799,0.033547,0,4167
-3.509775,4.832386,-0.021964,0.069393,0.012505,-0.049099,-0.041030,-0.060420,3,4168
1.400802,-3.817843,0.059392,-0.022622,0.054395,0.034666,0.005996,0.028964,3,4169
3.477798,-0.416960,0.011586,-0.035995,0.072081,-0.006457,0.043067,0.071517,1,4170
3.694117,-0.027052,0.024795,-0.004880,0.019729,0.029002,-0.006942,-0.006036,2,4171
4.097510,-2.118129,0.030781,0.000962,-0.017057,0.013816,-0.057217,0.023814,2,4172
2.193081,-3.485924,0.052252,-0.025924,0.029388,0.041367,-0.044812,-0.033221,1,4173
3.483899,-2.744912,-0.019145,-0.038485,-0.033204,0.033347,-0.002536,0.021809,2,4174
-1.357246,2.241994,-0.066243,0.034140,-0.070390,-0.033572,-0.035531,-0.001265,2,4175
-4.234572,1.988112,0.010719,0.063606,0.026579,-0.061902,0.053316,0.026296,0,4176
1.499100,-5.353414,-0.022926,-0.042338,0.008134,0.063917,-0.025877,0.020510,1,4177
2.823649,3.705370,-0.003968,-0.000323,0.001401,-0.040505,0.031571,-0.006936,3,4178
-3.196571,-2.127492,0.017096,-0.014220,0.059443,-0.014960,0.028567,-0.043577,2,4179
2.857539,-0.914430,0.033766,0.033038,0.036719,-0.038325,-0.038188,0.031150,3,4180
-3.524767,2.677323,-0.013417,0.047385,0.022415,-0.060374,0.022358,0.024863,0,4181
-1.348674,2.326563,0.028207,-0.001309,-0.027362,-0.016848,-0.030042,-0.012972,1,4182
3.317310,2.547606,0.000582,-0.026039,0.034947,-0.023387,0.029072,-0.003226,3,4183
1.740691,-2.076965,-0.026617,0.067326,0.086623,0.008868,0.034428,0.071188,3,4184
1.653883,5.293198,0.005516,-0.023872,-0.001141,-0.012423,0.040533,0.025736,3,4185
6.368197,-1.471316,0.007599,0.008265,-0.039838,0.021674,-0.000735,-0.012547,1,4186
-3.037695,-2.891800,-0.019161,-0.028149,-0.012486,-0.009749,0.060843,0.055723,0,4187
6.489147,-1.155263,0.025916,-0.007094,-0.005001,0.018956,0.023178,-0.007230,1,4188
2.277681,4.175581,-0.044478,0.019219,0.012304,-0.021064,-0.033205,-0.014432,3,4189
-4.400109,1.872990,-0.055393,-0.005593,-0.044867,0.033634,-0.064699,-0.030273,0,4190
1.938121,4.574891,0.009491,0.030319,0.012630,-0.004427,0.037726,-0.041731,1,4191
-3.162384,-3.041641,0.004050,0.006343,-0.058316,-0.030885,-0.004806,0.009468,1,4192
3.397298,-2.897061,0.002953,0.024964,0.000515,0.033277,0.003005,0.021366,2,4193
2.600397,4.073036,-0.004803,0.033658,-0.003858,-0.014844,0.001044,-0.058051,3,4194
3.588288,-2.625578,-0.023981,0.020442,-0.062190,0.005883,-0.006640,0.048562,0,4195
2.538503,-1.693925,0.011783,-0.019888,-0.008161,0.034636,0.054273,-0.001242,2,4196
-2.154874,-4.107149,-0.013897,0.013455,-0.017236,0.027346,0.061379,0.033299,1,4197
-1.298888,-6.476124,0.067945,-0.011610,0.002852,0.022227,0.008027,-0.008745,0,4198
-3.136352,3.009303,0.025748,-0.031465,0.020706,-0.014574,-0.008065,0.008165,0,4199
1.878228,5.485357,-0.010116,0.004048,-0.046424,-0.038984,0.001286,0.033798,2,4200
-2.029463,2.852692,-0.044203,-0.017770,0.008610,-0.000867,-0.013115,-0.007120,0,4201
2.686055,3.703996,-0.039524,-0.015325,0.006983,0.017740,0.041373,0.030707,3,4202
-2.182950,2.816265,0.009980,0.009606,0.024526,-0.010282,0.020297,-0.001492,0,4203
-4.523965,-3.985820,-0.000370,0.075419,-0.020428,0.012341,-0.039087,0.013493,0,4204
-2.986366,3.098213,-0.021042,0.006288,0.028030,0.017881,-0.017999,0.003098,2,4205
0.093065,6.797672,0.008548,0.020190,0.011048,-0.035167,-0.032548,0.072506,2,4206
3.369760,2.692998,0.024472,-0.058941,-0.004643,-0.029893,-0.006666,0.019394,1,4207
-2.246569,3.150866,0.014864,0.050596,0.063299,0.003505,0.017166,0.028762,0,4208
6.279290,-1.204580,-0.013798,-0.046106,-0.001144,-0.001045,0.014130,-0.022607,0,4209
-4.357484,1.845246,-0.016311,-0.066532,-0.006792,-0.027940,0.024255,-0.008274,0,4210
3.135981,-0.760532,0.016447,0.043364,0.003677,-0.029156,-0.028715,-0.000169,3,4211
-2.618186,3.245147,-0.007875,0.017745,0.026905,0.025881,-0.018132,-0.010464,0,4212
-1.821530,-4.378431,-0.033341,0.025192,0.017606,-0.013499,0.014373,0.056085,1,4213
-3.413135,2.778553,0.014791,0.012026,0.022393,-0.022502,0.043905,0.005996,0,4214
2.616289,3.394189,0.039651,0.038386,-0.026361,0.074500,0.007067,-0.011976,3,4215
2.993167,3.244371,0.074545,0.014392,0.019005,0.017683,0.035710,0.009387,3,4216
-4.058545,2.376940,0.042032,-0.032158,-0.005083,-0.025084,0.047758,-0.005719,0,4217
-2.792330,-3.621871,-0.031648,-0.018918,0.009964,-0.005858,0.017755,0.011277,0,4218
2.083071,0.444075,0.005880,-0.036277,0.030955,0.040547,-0.013790,-0.039309,0,4219
-0.892346,6.822019,0.008782,0.005603,0.026717,0.001986,-0.034889,0.015636,2,4220
6.387248,-1.668564,-0.044933,-0.037938,-0.028956,-0.010326,0.005711,-0.013745,0,4221
5.564976,-2.713859,-0.004845,0.054446,0.004376,-0.022340,-0.003353,-0.029337,1,4222
1.408395,6.407082,-0.030462,0.005579,-0.006708,0.018108,-0.056690,0.042700,2,4223
-2.818454,-3.558599,0.000346,-0.008925,0.029540,0.000180,-0.025432,0.019444,1,4224
2.525155,4.619515,-0.038481,0.010555,0.003333,-0.012536,0.001163,-0.012126,0,4225
1.690232,5.564458,0.023597,-0.059663,0.006095,-0.008887,-0.018720,0.005292,2,4226
-1.196192,-2.971611,0.004279,-0.006527,0.060742,-0.006249,-0.016401,-0.006475,2,4227
-1.711493,2.675619,0.067151,0.026845,-0.017385,-0.009050,0.019756,0.043256,1,4228
2.743663,-3.355130,0.029547,-0.009437,-0.021940,0.017817,-0.027563,0.034954,2,4229
-1.363038,-4.658161,0.013922,-0.016017,0.001615,0.007058,-0.018047,0.010866,1,4230
7.535885,7.401290,0.004960,-0.030486,0.006343,-0.025582,-0.042619,-0.009353,0,4231
2.787633,3.487503,-0.011538,-0.006525,-0.065158,-0.010166,-0.020196,0.000787,3,4232
6.671506,0.885357,-0.085671,-0.013565,-0.000532,0.031885,-0.025837,0.014544,3,4233
-3.253001,1.731652,0.024768,-0.043159,-0.039110,0.048798,-0.048548,0.040426,1,4234
-5.173926,-0.658534,0.010097,-0.003710,-0.048253,-0.016047,0.012877,0.030562,0,4235
4.139081,-2.003848,0.023578,0.045372,-0.067354,-0.022653,0.024608,0.003036,2,4236
-0.081469,3.115546,0.031417,0.001095,-0.015630,0.026637,-0.015021,-0.024437,0,4237
-2.319089,-3.963328,0.029404,-0.043654,-0.032377,-0.005341,0.076765,0.018945,1,4238
0.205880,-3.604543,-0.014640,0.000727,0.018193,-0.046898,0.022912,-0.029058,2,4239
1.160126,-6.827744,0.009091,0.043996,0.009349,-0.063340,-0.060113,0.034354,0,4240
-5.053437,-2.717430,-0.034001,0.028237,0.018134,-0.000192,-0.035094,-0.009686,0,4241
0.075681,3.008413,0.011342,0.060555,-0.012092,-0.001713,0.024970,-0.025941,0,4242
-1.414682,2.595505,0.009654,0.018723,0.045665,-0.019902,0.050962,-0.011540,1,4243
-3.044394,3.049606,-0.007509,-0.052665,-0.012272,0.062975,0.017567,-0.010444,0,4244
-5.116380,-3.088629,-0.039404,-0.048155,0.001457,0.002889,0.025257,0.008549,0,4245
-0.796744,2.068059,0.019402,-0.007316,0.014776,-0.028098,0.009060,-0.009466,1,4246
2.795647,-3.189997,-0.074693,-0.056912,0.002593,0.012183,0.035776,-0.044586,2,4247
-0.939705,-4.919770,-0.013432,0.007285,0.019041,0.004712,0.025416,-0.010614,1,4248
3.690938,1.119634,0.003529,-0.035333,0.028379,0.004285,-0.010731,0.020981,0,4249
2.613508,-3.298532,-0.037479,0.026030,-0.013104,0.008364,-0.072412,0.008124,2,4250
-2.333580,-4.269503,-0.025405,-0.024559,-0.069755,-0.021607,0.001581,0.007196,1,4251
2.210520,-1.890022,0.024112,0.037470,0.026788,-0.000673,-0.019495,0.006658,3,4252
4.845078,-3.785819,-0.004640,0.017643,0.058915,-0.030217,0.023301,-0.010487,0,4253
0.489130,-1.537317,0.042741,-0.007085,0.006881,-0.014303,0.048826,-0.024396,0,4254
4.148150,-2.090452,0.054933,0.011762,0.014432,-0.000539,-0.018732,0.034582,2,4255
-2.076476,-1.472901,0.012979,-0.066127,-0.012758,-0.019268,0.016514,-0.058608,2,4256
4.366030,-1.760578,0.036507,0.062499,-0.025199,-0.055501,0.030178,-0.000211,2,4257
2.950816,-3.218036,0.011676,-0.041529,0.029825,0.003003,0.033113,-0.051684,2,4258
-2.704441,-3.539050,0.069638,0.001553,0.026413,-0.031235,-0.016786,0.008930,1,4259
-3.363271,1.439714,0.028788,0.012759,-0.035146,-0.000077,0.017634,-0.016347,1,4260
-4.035832,-3.286281,0.010046,-0.008467,-0.014009,-0.012443,-0.043115,-0.008825,0,4261
-0.120450,2.126864,0.007737,0.060036,-0.025077,-0.004510,-0.055500,-0.011419,1,4262
-6.107660,2.351045,0.082311,-0.015781,-0.061724,0.021566,-0.015991,-0.032186,3,4263
2.035547,4.923986,-0.027659,0.023196,0.066669,-0.011063,-0.012108,0.017356,3,4264
-3.596904,2.733131,-0.047141,-0.014348,0.047325,0.004839,0.014589,-0.008712,0,4265
-5.056976,-1.945906,0.004927,-0.016398,0.032270,-0.034902,0.061359,-0.013877,3,4266
8.095634,-6.331012,-0.017911,-0.046700,0.050109,0.049400,-0.000486,0.081392,1,4267
4.771338,-0.751086,0.016300,-0.013395,-0.010270,0.008747,-0.020070,-0.015256,2,4268
-2.244734,-0.803827,-0.043910,0.006150,-0.012691,-0.006113,0.007161,0.036469,2,4269
-1.302814,-2.918240,0.041993,0.021107,0.029118,-0.020010,-0.047558,0.049241,2,4270
-0.354183,-3.464889,-0.037403,-0.011214,0.026370,-0.053146,0.062848,-0.012759,3,4271
3.044181,3.199277,-0.004069,0.039333,-0.012850,0.012032,-0.013500,0.000274,3,4272
3.827148,-2.344689,0.003125,-0.030781,-0.026039,0.003043,0.044127,-0.019732,2,4273
6.275000,-1.663946,0.032928,-0.004928,0.034242,-0.039151,0.015843,-0.003008,0,4274
-2.305321,-5.984946,0.019444,-0.036192,-0.052375,0.016641,-0.037195,-0.035753,3,4275
2.560553,-3.411724,0.049252,-0.023319,0.000441,-0.007600,0.013403,-0.010387,2,4276
3.081627,2.968927,-0.059833,0.015197,-0.024589,-0.014808,0.014933,0.005856,3,4277
-2.035554,2.898212,0.021174,0.035447,0.001579,-0.000206,-0.003649,0.021811,0,4278
-3.217656,3.003027,-0.034357,0.038407,-0.008631,-0.027005,-0.021474,-0.006826,0,4279
3.700812,0.637781,-0.007873,0.035617,-0.013414,0.049440,-0.039515,0.073439,3,4280
-0.381091,3.270904,0.023405,-0.034656,-0.001962,-0.019559,-0.000603,0.014219,0,4281
-5.181424,-0.751959,-0.013429,-0.073831,0.004277,-0.000093,-0.018707,-0.004323,1,4282
-2.102845,2.968485,0.039801,0.032639,0.013695,-0.058917,-0.003729,-0.002590,0,4283
-1.352946,-2.630513,-0.044709,0.002263,0.016813,-0.007035,-0.039876,0.004673,2,4284
3.689171,-2.583844,0.031907,0.031262,0.038552,-0.005431,-0.020386,-0.044020,2,4285
-3.961960,0.480899,0.030683,0.015692,0.026982,0.038469,-0.042176,-0.028957,1,4286
6.098865,-1.968005,0.027005,0.006409,0.023232,-0.056558,-0.018648,0.059098,2,4287
-2.325952,-4.016601,0.024357,0.022496,-0.014520,-0.010793,0.017085,0.037119,1,4288
-5.519934,-8.555065,0.030845,0.037036,0.003916,0.023512,0.000766,-0.011522,2,4289
0.789696,5.444977,-0.035952,-0.022405,0.046752,0.005457,0.010002,0.009508,3,4290
-3.436383,-5.033637,-0.013622,-0.003850,0.029251,-0.012929,-0.012480,0.072750,0,4291
2.284003,4.774470,0.007164,0.001000,0.002204,-0.003287,0.053604,-0.031038,3,4292
-1.691672,2.569651,-0.033060,0.040434,0.012218,-0.053229,0.064464,0.004107,1,4293
1.509906,-2.253266,0.003721,-0.045141,-0.047535,0.019251,-0.053238,0.039398,3,4294
-2.976842,1.960049,-0.018251,-0.029114,0.067864,0.017398,-0.014066,0.034753,1,4295
2.286136,1.059356,-0.019627,0.058980,0.040911,0.000596,-0.003677,0.016745,0,4296
0.448410,-2.081438,0.003459,-0.034698,0.000729,-0.019730,-0.071661,-0.062900,3,4297
1.789253,6.022120,-0.030306,0.010007,-0.006145,0.039364,-0.006457,-0.022451,2,4298
-1.755470,-1.991745,0.008362,0.039967,0.033388,0.003293,-0.026100,-0.002145,2,4299
-3.279561,2.924399,-0.000377,-0.029760,-0.017906,-0.008783,-0.007575,-0.008775,0,4300
2.573564,-1.470409,-0.019710,0.016131,0.008361,0.009687,-0.019209,-0.015122,0,4301
5.857616,2.712000,0.029638,-0.012616,0.057933,-0.025053,0.013287,0.051651,1,4302
-4.322372,1.922112,0.032963,-0.007687,0.028160,-0.023249,0.041173,0.006783,0,4303
2.819054,-1.332273,-0.037553,-0.009131,0.010795,0.026150,0.013683,-0.000316,3,4304
4.579224,-1.423660,0.052700,0.012617,0.010296,0.011216,0.000828,0.071923,2,4305
2.518370,3.875797,0.044881,0.002412,0.029651,0.052539,0.014157,0.048390,3,4306
-0.015998,2.057487,0.002316,-0.000693,0.035757,-0.062085,0.002412,0.016064,1,4307
-1.434674,-2.520156,0.003107,0.035549,0.055622,-0.019912,0.038637,-0.041656,2,4308
2.055223,4.960037,-0.022888,0.023924,-0.001745,0.019181,0.027257,-0.017771,3,4309
3.202209,-0.713548,0.036347,-0.005261,0.016544,-0.003824,-0.003843,0.053881,1,4310
-1.044427,2.130549,-0.001414,0.031448,-0.047117,-0.020665,0.018459,-0.002997,1,4311
-3.388099,5.036761,-0.022645,0.035122,-0.030343,0.014456,0.000901,0.043865,3,4312
-3.082951,2.949165,-0.001108,0.040776,0.021907,-0.040230,-0.015418,-0.002158,0,4313
0.507447,6.190255,-0.024038,-0.009618,0.022078,0.030405,-0.001654,0.005262,2,4314
-3.909507,2.383070,0.009322,-0.024807,-0.051388,0.014979,-0.030615,-0.025863,0,4315
-1.786052,2.737255,0.019086,0.013676,-0.016843,-0.009357,0.024113,-0.004279,1,4316
5.943655,-2.136848,-0.038966,-0.000663,0.009277,0.003812,0.010581,-0.020289,3,4317
-3.451373,-2.793249,0.008637,0.026389,-0.003434,0.011935,-0.007411,0.023031,1,4318
-2.311296,-4.080526,-0.003757,0.009330,-0.003386,0.042211,0.011467,0.034144,1,4319
0.858155,-3.849219,-0.024781,-0.008296,0.026806,-0.006068,0.031938,-0.010918,2,4320
3.421519,-0.850925,-0.026918,-0.015836,0.002484,0.012487,0.036561,-0.006628,3,4321
-1.889829,-5.031119,0.037643,-0.016147,-0.029834,-0.036109,0.000031,-0.027417,1,4322
2.806617,3.507731,-0.023572,0.001639,0.046690,0.039850,-0.038903,0.017307,3,4323
5.415801,-2.957192,-0.016851,-0.013718,0.016852,-0.024475,-0.016980,0.017185,1,4324
-3.180166,-3.003157,0.011509,-0.035734,-0.046811,0.027835,-0.020833,-0.009823,1,4325
-6.888033,-0.587012,-0.006214,-0.016581,0.022575,0.026956,-0.025121,-0.005091,3,4326
-5.904493,-1.777011,-0.033346,0.000291,0.055115,0.069537,-0.043121,0.012467,1,4327
-1.593768,6.743646,-0.021289,-0.063554,0.018121,0.003068,-0.004792,-0.010117,2,4328
4.792720,1.786206,0.036709,0.045304,-0.040492,0.032216,-0.060783,-0.000792,2,4329
-6.058650,7.465788,0.020301,-0.032800,-0.001347,0.020168,-0.007144,0.002077,3,4330
-2.140207,-4.001764,0.049532,-0.016469,-0.014339,0.096324,0.015209,0.006219,1,4331
3.182201,3.064701,-0.032005,-0.018581,0.006921,0.056406,0.012445,-0.019812,3,4332
-1.471303,2.869775,0.001431,0.010165,0.000868,-0.016651,0.015337,-0.032262,0,4333
2.196022,0.871327,-0.000711,-0.003080,-0.038470,0.007297,0.032242,0.045188,0,4334
-3.753076,2.420749,0.012475,-0.000857,-0.008560,-0.010780,-0.040918,0.034885,0,4335
2.501151,-3.076581,-0.046055,0.030837,-0.068504,0.054868,-0.052259,0.006248,2,4336
3.455696,-2.839178,-0.034024,0.012493,0.030690,0.027093,-0.000882,0.010013,2,4337
6.508078,-0.490642,0.017377,0.005839,-0.007226,-0.022755,-0.045914,0.000316,1,4338
-4.093071,-0.396598,-0.005765,0.042490,-0.026120,-0.094896,0.026803,0.024104,1,4339
0.906246,-6.800572,-0.003724,0.029377,-0.018889,-0.038210,-0.060309,-0.011784,0,4340
3.647963,-0.431064,-0.018011,-0.014456,0.001819,-0.007122,-0.024530,-0.006185,1,4341
-3.253008,1.967018,0.011557,0.000957,-0.029738,-0.025004,-0.032508,-0.005320,1,4342
3.045304,4.423037,0.041917,-0.042210,-0.027763,-0.027908,-0.008115,0.014487,2,4343
2.657292,3.648808,-0.005097,0.034425,-0.022984,0.026935,-0.000627,0.051197,3,4344
-0.932434,3.027612,-0.004189,-0.034668,-0.028747,-0.037680,-0.005050,-0.022078,2,4345
7.619215,-2.159693,-0.006798,-0.014977,-0.006833,0.018605,0.005595,-0.026076,3,4346
1.974520,1.552588,0.026102,0.017778,0.031841,0.010929,0.014657,-0.015409,3,4347
-0.273591,-5.078494,-0.002463,-0.024583,-0.009314,-0.033758,-0.011107,-0.035301,2,4348
-5.048115,3.479376,-0.017165,0.022118,0.025880,-0.060271,-0.026499,0.022527,1,4349
1.760644,-6.164350,0.005789,0.005551,-0.008979,0.027579,-0.007003,-0.027794,2,4350
1.640782,-3.656532,-0.002964,-0.033910,-0.010604,-0.042326,-0.034557,-0.016499,2,4351
2.336496,4.143512,-0.016856,-0.015950,-0.018659,0.013531,0.018098,-0.034805,3,4352
2.616356,-3.385125,0.047530,0.017411,-0.002883,-0.035739,-0.020436,-0.018063,2,4353
1.971197,4.691884,-0.011141,0.044697,-0.036964,0.011671,0.007607,0.034030,3,4354
-1.847539,2.650130,0.013919,0.014328,-0.026610,-0.034444,0.024496,0.047898,1,4355
-0.636799,2.227697,0.027718,-0.028003,0.011831,0.034523,0.021409,-0.024792,2,4356
2.179728,-3.508416,-0.014838,0.019716,0.016500,-0.007731,-0.056897,-0.034411,2,4357
2.712138,3.578134,0.041017,0.016663,0.015457,-0.039529,0.048477,0.037160,3,4358
-3.830852,-0.865196,-0.070555,0.013877,-0.018231,-0.027838,0.010613,0.023467,1,4359
2.311900,4.118073,-0.004341,0.000339,-0.010946,0.015745,-0.018241,-0.025327,3,4360
-1.667083,-6.274804,-0.030381,-0.043107,0.087592,0.043773,-0.018995,-0.019243,0,4361
1.689573,5.726079,0.060246,-0.046639,0.024262,-0.022784,0.011926,-0.056112,2,4362
-1.374030,2.845659,-0.015173,-0.023681,0.038802,0.001496,-0.018158,0.015504,0,4363
2.492110,-1.562515,-0.000837,0.027286,-0.037563,-0.001622,-0.024453,-0.043926,3,4364
-4.516584,1.321124,0.018283,-0.002571,-0.038891,-0.006641,-0.021904,-0.019684,0,4365
0.727522,-3.718540,0.001487,-0.003303,0.030561,-0.015867,0.027137,0.009020,2,4366
2.781304,-2.994050,0.008101,-0.056840,-0.050932,-0.036425,-0.047587,0.047388,2,4367
-2.527841,2.386524,-0.012084,-0.051589,0.006764,0.045130,-0.007842,0.010916,1,4368
-4.264003,1.927471,-0.048067,-0.027294,0.037657,0.067841,0.020622,-0.023495,0,4369
2.536239,3.849294,0.055660,-0.018887,0.012825,-0.054137,0.030466,-0.031537,3,4370
2.440830,4.146926,-0.020487,-0.033901,-0.042790,-0.005709,0.050090,0.012028,3,4371
2.846333,4.573025,0.077228,-0.039828,-0.023268,-0.014333,-0.016909,-0.020517,2,4372
-5.535891,-4.977401,0.007344,-0.040216,0.004692,-0.014590,-0.002344,-0.031879,0,4373
0.966687,-3.649302,0.026257,-0.016559,-0.037254,-0.016677,0.019115,0.028766,3,4374
3.005700,3.176568,0.013229,-0.056839,0.019547,0.014893,0.008110,0.026228,3,4375
-5.234026,-0.012900,-0.034749,0.008013,0.001755,-0.002236,0.028614,0.021404,0,4376
1.926554,5.947771,0.039938,0.019267,0.018018,-0.022706,0.039691,-0.014261,2,4377
-3.636744,2.649168,-0.007070,0.018654,0.011256,0.004706,-0.064058,-0.001266,0,4378
0.210766,-3.654662,0.064483,0.024633,-0.006437,0.002344,-0.015944,0.005304,2,4379
6.658151,-0.640684,-0.018701,0.000954,0.029565,0.001588,-0.005235,-0.005334,1,4380
-4.993680,-1.078043,-0.041061,-0.020825,0.039254,0.047776,-0.041799,-0.032428,0,4381
-3.430439,-5.130659,0.013402,-0.014780,0.030193,0.002075,-0.009371,0.036529,1,4382
-2.103233,-0.194553,-0.014109,-0.029940,0.022922,0.029243,0.051495,0.000034,3,4383
-2.197622,-0.140452,0.008440,-0.016814,-0.005429,-0.005267,0.025884,-0.017255,0,4384
0.662780,2.838514,-0.023375,-0.041522,-0.072580,0.006826,0.021292,0.048059,1,4385
-8.715507,-0.093506,0.062606,0.002705,-0.001850,-0.009807,-0.008471,-0.025102,3,4386
0.196461,-6.785004,-0.004778,-0.016018,0.039302,-0.019189,0.052697,-0.020697,0,4387
-3.371482,-8.751208,0.019271,-0.074698,0.001246,-0.041704,0.034978,-0.031714,3,4388
-1.987332,2.725258,-0.055794,0.031309,0.018429,-0.020469,0.027776,-0.011284,1,4389
1.961961,4.718288,-0.056278,0.000751,-0.043905,0.034058,-0.043511,-0.009045,3,4390
1.569715,5.186642,-0.005817,-0.002531,0.004233,0.018383,-0.016946,-0.027122,3,4391
-5.026765,-2.224929,0.005812,-0.029108,-0.014407,0.026048,0.048324,0.004994,0,4392
2.493255,4.959534,0.007169,-0.025951,0.013167,-0.000432,-0.042794,0.025526,2,4393
-2.922405,-3.209039,-0.010750,-0.060454,-0.022742,-0.004551,-0.017136,0.008200,1,4394
2.839786,4.567077,0.019456,-0.035534,0.027633,-0.016305,0.010144,-0.028519,2,4395
3.630642,-0.007073,-0.015656,-0.027235,0.023256,0.034047,-0.016642,-0.018029,3,4396
-3.396665,2.777343,-0.005955,0.037275,0.058675,0.002310,-0.013624,-0.029368,0,4397
-3.077295,-3.167774,0.026483,-0.016431,-0.002842,-0.047582,0.062281,-0.017928,1,4398
3.266874,3.023944,0.002070,0.049106,0.059850,0.061696,-0.011520,0.006826,3,4399
-0.484314,2.220763,0.010739,0.069011,0.028171,-0.015151,-0.034658,-0.019749,1,4400
3.586501,-4.596026,-0.021663,0.006482,0.036855,-0.039312,-0.019176,-0.003160,3,4401
-2.314204,-0.933362,-0.010231,-0.021330,-0.015622,-0.010038,-0.015335,0.014528,3,4402
-5.097686,-1.774719,0.038059,0.031965,0.007286,0.002550,-0.026423,0.004011,0,4403
-3.460828,6.659397,0.026261,0.022763,0.015611,0.071096,0.028009,0.014041,2,4404
-6.708697,0.789832,0.035213,-0.041797,-0.055680,0.001685,0.033193,-0.002316,3,4405
-5.287693,-0.725548,-0.039278,-0.009024,-0.046421,-0.010240,0.013925,0.014199,3,4406
-3.129996,2.920644,0.049167,0.038729,0.002252,-0.045995,-0.016518,0.027429,0,4407
3.222430,-0.700295,0.021399,0.041860,0.015113,0.005840,0.006684,0.022814,3,4408
0.605202,-3.795615,-0.036493,0.024539,0.046708,-0.009434,0.011726,-0.001520,2,4409
-0.273662,5.678408,-0.019784,0.042441,-0.018829,0.030402,-0.005183,0.000055,1,4410
-4.356751,1.870034,0.029347,0.041197,-0.021316,0.016891,0.014641,-0.022169,0,4411
-3.789021,-8.540009,0.009345,-0.069789,0.034960,-0.015855,-0.049093,0.046188,3,4412
-6.183710,1.463452,-0.028327,0.034020,-0.027595,0.032261,0.040044,0.011874,3,4413
1.311467,-2.251747,0.023923,0.037513,0.047213,-0.027190,0.026045,0.014308,3,4414
7.257786,4.748320,0.005741,-0.007854,-0.014624,-0.020415,-0.068642,-0.056904,1,4415
-3.891714,2.364011,-0.017434,-0.047638,0.004040,-0.018690,0.022861,0.013779,1,4416
0.338879,-3.513222,0.067808,0.032031,-0.024589,0.044916,0.010557,-0.040722,2,4417
-1.434909,-2.729011,0.007082,-0.031604,0.020744,0.006643,0.018926,0.035933,2,4418
1.619498,-2.018571,0.035120,0.079478,-0.034128,-0.015916,0.022188,-0.073762,3,4419
1.824035,5.682862,0.007013,0.009918,-0.014411,-0.033515,0.061601,0.015163,2,4420
2.440456,3.983778,0.034416,0.008241,-0.042312,-0.025662,-0.058141,-0.018176,3,4421
-2.753890,-5.716231,0.046868,0.009433,-0.020965,0.021531,-0.008229,0.035888,0,4422
2.744616,3.476539,-0.000803,-0.020102,0.029988,-0.047618,-0.030811,0.038899,3,4423
3.243917,2.872187,0.001058,0.034681,0.060655,0.052693,-0.025918,0.014767,3,4424
-1.168079,-2.766396,0.013521,0.040009,-0.040131,-0.026192,-0.038630,-0.004769,2,4425
2.210819,4.502720,-0.008047,-0.009436,0.006715,0.008557,0.059176,-0.039717,3,4426
2.819962,-4.999781,0.027066,0.029749,-0.022446,0.002731,-0.002020,-0.013886,1,4427
-3.136741,5.147111,-0.024518,-0.006902,0.050566,0.000024,0.025961,0.007995,3,4428
3.087744,3.130655,-0.006060,-0.002995,0.011124,-0.009475,0.025437,0.016299,3,4429
2.052972,4.383539,-0.025501,-0.003857,-0.044098,0.013362,0.006241,-0.009798,3,4430
-4.121765,2.214140,-0.014827,-0.007784,-0.017505,-0.034963,-0.039814,-0.001320,0,4431
-0.543487,-4.979857,0.041172,0.002615,0.014265,0.005343,-0.015035,-0.001396,1,4432
-4.283384,1.922776,-0.021695,-0.039662,-0.046372,0.010914,0.045270,0.014263,0,4433
6.674429,1.565380,0.016019,0.016559,-0.047207,-0.036438,-0.038433,0.007912,2,4434
0.058410,-1.970589,-0.009284,0.034544,-0.021133,0.014386,0.018435,-0.018360,3,4435
-1.297795,2.446756,-0.010132,0.019573,-0.020681,-0.008085,-0.030357,-0.021411,1,4436
-2.339725,1.336867,-0.006092,-0.005895,0.024449,-0.008160,0.040253,-0.037299,2,4437
3.989783,3.314769,0.018004,-0.062893,0.011758,-0.038910,0.007117,0.043680,2,4438
-1.276029,-4.823756,-0.017544,-0.000881,-0.012461,0.004179,0.013440,-0.008465,1,4439
-1.150472,-3.056376,-0.022639,-0.012742,0.016015,0.018191,0.001347,-0.025828,2,4440
1.585924,5.229288,-0.033267,-0.045309,-0.028173,-0.005749,0.023627,0.008616,3,4441
2.176461,4.839158,-0.047166,0.012919,-0.023649,0.049071,0.011358,-0.019283,2,4442
3.123134,2.941795,0.014747,-0.037383,-0.021348,-0.007708,-0.031220,-0.005300,3,4443
-1.667676,-2.946809,0.006288,0.002354,-0.010862,-0.015839,-0.014224,0.007744,2,4444
-6.864262,-1.624994,0.020422,-0.039483,0.039890,0.006739,0.014011,-0.024514,2,4445
0.638098,-5.255713,0.009408,0.021143,0.015105,0.037029,-0.028319,0.001443,1,4446
3.218150,2.636001,-0.018699,-0.027789,0.011379,-0.021092,-0.036333,0.012809,3,4447
6.155266,-1.509300,0.008007,-0.016868,-0.044716,-0.036783,0.024588,-0.030309,1,4448
-1.902741,-4.299405,-0.054355,0.014813,0.012796,0.038068,0.024722,-0.007901,1,4449
3.955895,-2.205129,-0.018152,0.034342,0.022754,0.013458,0.044192,-0.020604,2,4450
-1.286412,2.410676,-0.051042,0.021986,0.027927,-0.013269,0.004733,-0.010466,1,4451
-2.769175,5.501052,0.014727,0.005179,0.025055,-0.025933,-0.014914,0.021913,3,4452
0.042540,-1.998397,0.032390,0.056376,0.057587,-0.019195,-0.017521,-0.013552,3,4453
2.982043,3.184036,-0.008004,-0.031335,0.052279,-0.043523,-0.033342,-0.016336,3,4454
6.671832,6.887873,-0.011943,0.048240,-0.056899,0.046565,-0.061693,0.014227,3,4455
-2.459167,-3.855753,-0.017347,0.033257,0.015936,0.011724,-0.017094,-0.023031,1,4456
3.216035,-2.986656,0.018043,0.046689,-0.041974,0.024848,0.047611,0.025205,2,4457
-3.681528,2.563199,0.003841,-0.017055,0.003067,0.013319,0.016239,0.014204,0,4458
-2.579468,3.127006,-0.046690,0.000531,-0.002273,-0.007242,-0.045803,0.044015,0,4459
-3.122046,3.074707,-0.009246,0.007533,-0.022308,0.002560,0.003950,-0.007325,0,4460
-1.107900,3.912129,0.015574,0.019017,-0.018262,-0.007167,0.020811,0.039779,3,4461
-2.009094,-4.204282,-0.012212,0.029555,0.007830,0.024271,0.029509,-0.014704,1,4462
3.183527,3.306704,0.013300,-0.046531,0.036532,-0.018290,0.017538,-0.053356,3,4463
2.196882,-3.612124,-0.017531,0.021483,0.057601,-0.008463,-0.043776,-0.016639,1,4464
2.374762,3.904956,0.018962,0.081027,-0.002127,-0.009172,-0.034615,0.033081,3,4465
4.927424,1.169074,0.038361,0.031355,0.033978,-0.011205,0.055049,-0.022205,2,4466
1.993791,5.145438,0.033630,0.002051,0.009191,0.001699,-0.030350,-0.009832,3,4467
-8.085341,1.309318,0.047885,0.023364,-0.008936,0.048818,0.027317,-0.013947,1,4468
-3.361596,1.220719,0.011078,-0.025999,-0.066824,0.000830,0.039022,-0.061351,2,4469
-2.023049,2.982135,-0.030920,-0.035556,0.001429,-0.003765,-0.009617,0.026731,0,4470
4.599738,-1.334099,0.061357,0.067987,-0.051518,0.001060,-0.061130,0.004347,2,4471
-2.815212,-3.595142,0.003496,-0.025513,-0.012208,-0.034124,0.047116,-0.008835,1,4472
4.081275,-2.216827,0.035736,-0.034159,-0.030097,-0.012559,-0.047887,0.011831,2,4473
0.160377,-2.087542,0.004579,0.001896,0.015100,-0.027140,0.035537,-0.014440,3,4474
-1.513350,2.443356,-0.028848,-0.014645,-0.055697,0.026708,0.012499,-0.042243,1,4475
4.184529,-1.931831,0.019027,-0.030141,0.021275,0.065870,-0.005968,-0.036383,2,4476
0.181414,3.004034,-0.070396,0.014327,-0.029678,-0.024510,0.015221,0.015741,0,4477
0.351227,-2.096381,0.023452,-0.031430,0.041039,-0.050688,0.015521,0.002610,3,4478
-1.899075,-4.344010,0.023498,-0.030968,-0.050727,0.034996,-0.020013,0.011270,1,4479
3.320013,-2.847474,0.009552,-0.009337,0.018118,-0.000119,-0.018662,0.074834,2,4480
1.974121,4.653478,0.061332,0.041570,-0.009335,-0.028881,-0.008685,0.045511,3,4481
-3.966475,2.285657,-0.023204,-0.070934,0.026432,-0.015580,0.049466,0.057942,0,4482
-2.629499,-3.555112,-0.001094,0.006980,-0.006741,0.037292,-0.038314,0.097664,2,4483
-1.323488,-6.360135,0.036011,-0.054058,0.004475,-0.001257,-0.019988,0.011863,0,4484
-1.110630,2.199730,0.020384,-0.038330,0.008613,0.017104,0.027156,0.013545,1,4485
1.856017,5.489776,0.042367,-0.016809,-0.042488,0.019493,0.001128,0.019346,2,4486
2.348656,4.124881,-0.032344,-0.009164,0.034116,0.007185,0.035309,0.030147,3,4487
4.591371,-1.197071,0.054134,0.004647,0.018512,-0.015327,0.006814,0.011106,2,4488
3.862805,-2.195100,0.023035,-0.018678,0.041316,0.015947,0.001258,-0.009168,2,4489
2.480064,-1.614053,0.023137,0.043251,-0.012152,0.054091,-0.037438,-0.024949,3,4490
-0.978744,-4.540099,0.017794,-0.022837,0.052215,-0.002472,0.024141,-0.009425,3,4491
-2.020869,2.646728,0.045878,-0.051187,-0.006583,0.016068,0.030979,0.086510,1,4492
-4.476069,1.555523,-0.004649,-0.025386,-0.043942,-0.002686,0.038089,0.021881,3,4493
-0.631728,-3.131658,0.000422,0.000317,-0.000749,0.005539,-0.017346,-0.061774,2,4494
-6.963007,-1.495070,0.012955,0.050701,0.025586,-0.072283,-0.019008,0.026152,3,4495
-6.487309,1.048607,0.019534,0.014859,-0.007418,-0.043860,0.034516,-0.026139,1,4496
2.056591,4.418888,0.011334,-0.019016,-0.007132,-0.021063,0.066529,-0.025040,3,4497
-0.910641,-3.237220,-0.004820,-0.028982,0.024090,-0.038898,0.061739,0.045441,2,4498
3.894201,-2.438281,-0.006174,0.065405,0.019385,0.017423,0.022547,0.025177,2,4499
-1.424958,-6.365653,-0.019829,-0.000664,0.104781,0.040791,0.001772,0.036464,0,4500
0.926166,-3.694503,0.005791,-0.006257,0.013488,-0.010812,0.026395,0.016655,2,4501
3.722943,-2.484858,0.019133,0.037058,0.020956,-0.006088,-0.005337,-0.030883,2,4502
1.796273,-3.652112,0.010436,-0.010859,0.046363,0.006602,0.026497,-0.045854,2,4503
3.515586,-6.702735,-0.028403,0.012613,0.000939,-0.033694,0.001044,0.036890,3,4504
-1.199325,-4.593649,-0.016102,0.040697,0.016393,0.039148,0.009913,-0.025468,1,4505
-5.042422,-2.370959,0.010340,-0.016370,-0.000677,0.044838,0.027667,0.026994,0,4506
-0.860344,-3.290260,-0.000015,0.035223,-0.009117,0.026286,-0.003117,-0.019470,1,4507
-1.020760,2.401675,-0.021782,0.031902,-0.046211,0.007899,-0.032340,0.049295,2,4508
-2.457068,2.948136,-0.038024,0.007054,0.037183,0.049106,0.021968,-0.033592,0,4509
-3.132140,3.023505,-0.020719,0.003973,0.007638,0.021370,-0.004392,-0.010222,0,4510
-3.168739,-5.239986,-0.004300,0.048121,-0.050105,0.001119,0.040396,-0.003611,0,4511
-2.306850,3.011812,0.003027,-0.050995,-0.049304,-0.021255,-0.014420,-0.017162,1,4512
6.818870,1.641911,-0.087099,0.009406,0.035197,-0.030814,0.043711,0.019494,1,4513
-1.549634,2.620179,-0.006983,0.021417,0.019575,0.011691,0.022301,0.042852,1,4514
8.955701,-7.991093,-0.058748,-0.041985,-0.045334,-0.037738,-0.001650,0.019049,1,4515
0.560384,-5.228118,0.010631,-0.000899,-0.012817,0.001489,-0.024773,-0.006901,1,4516
-1.673512,3.184716,-0.038487,0.030111,0.041912,-0.020708,-0.015487,-0.037328,1,4517
-2.987639,5.156439,0.018499,-0.043605,0.073628,-0.022679,0.046653,0.024919,3,4518
5.547899,-2.889200,-0.008371,-0.029634,0.006095,-0.012953,0.020408,0.015162,1,4519
4.353904,-1.534109,-0.006477,0.005296,0.045879,-0.008223,-0.016281,0.016954,2,4520
2.107946,4.852724,-0.024748,-0.044561,-0.056202,-0.022435,-0.016441,-0.042974,1,4521
-6.074069,2.555941,-0.000351,-0.010473,0.000924,-0.006636,0.013938,-0.001312,3,4522
-3.085791,-3.203811,0.053488,0.061860,-0.006166,-0.008189,-0.019393,0.075795,1,4523
-3.449027,-5.330057,0.015260,0.003666,-0.023801,0.037298,-0.054787,0.036603,0,4524
2.138606,4.902608,0.037935,-0.008250,0.005046,0.011908,0.045804,-0.003042,3,4525
-0.940804,-6.458704,0.009394,-0.009084,-0.002939,-0.017684,0.026992,-0.001038,0,4526
-3.153939,2.886535,0.052079,-0.053387,-0.031025,0.019700,-0.003662,-0.004740,0,4527
-3.654526,2.626395,-0.039501,0.023149,-0.015732,-0.002654,0.018588,-0.032527,0,4528
-4.437282,-3.772401,0.004322,0.006610,0.012785,0.007971,0.022402,0.037355,0,4529
3.277822,-2.938552,-0.020775,0.043850,-0.002650,-0.034992,0.020039,0.070911,2,4530
2.045446,-4.046357,-0.034545,-0.001864,0.014405,-0.006725,-0.018932,0.023570,0,4531
-2.188421,-0.976878,0.016473,0.006533,-0.047526,-0.001730,-0.003170,0.004300,2,4532
1.981265,0.542840,0.003442,0.037668,0.026040,-0.018758,0.025057,0.000632,0,4533
-5.385883,-5.745912,-0.010795,0.017944,-0.007298,0.027486,0.064429,-0.001288,2,4534
3.068728,3.278787,0.015193,-0.036309,0.019459,-0.020576,0.040903,0.046098,3,4535
2.165535,-3.412197,0.015728,0.000917,-0.010284,-0.016390,0.032142,-0.027778,2,4536
-1.316405,2.406718,-0.005859,-0.017668,-0.016991,-0.044536,0.009780,0.031876,1,4537
4.368783,-1.826078,-0.011389,-0.008940,0.016361,-0.044178,-0.018755,0.026272,2,4538
3.016356,3.186766,0.004013,-0.019155,-0.050740,0.002515,-0.005011,-0.014359,3,4539
3.694304,0.760580,-0.023922,-0.026106,0.002550,0.046971,0.022541,0.052524,3,4540
-3.390025,-2.699925,0.059073,0.042679,-0.019747,0.002163,-0.009515,0.018505,1,4541
-0.822834,2.206363,0.023328,-0.004008,-0.032149,-0.005738,-0.028038,0.083889,1,4542
-3.814619,4.592416,0.043849,0.016970,-0.005267,-0.041000,0.007294,-0.024052,2,4543
4.444579,2.376033,0.009657,0.022069,0.003965,0.055263,-0.032311,-0.021285,2,4544
3.854975,-2.226847,0.019018,0.036084,-0.012889,-0.018576,-0.021524,0.012917,2,4545
-0.845375,2.176553,0.039813,0.009557,0.006937,0.035603,-0.010297,0.015223,3,4546
-3.183022,2.959390,0.015416,-0.018920,0.019039,-0.015551,0.023350,0.035631,0,4547
2.427513,4.030940,-0.025309,0.029538,-0.009651,0.016307,-0.031831,-0.010657,3,4548
6.803412,0.095737,0.020960,-0.033887,0.004384,-0.006193,-0.003484,-0.014435,1,4549
-0.167899,-6.688000,-0.012503,0.045961,-0.000365,-0.002308,-0.020785,-0.026971,0,4550
-0.479306,-5.155462,0.077088,-0.015168,0.071553,-0.005337,0.027998,-0.012170,2,4551
-0.160228,-5.086328,-0.026953,-0.010747,-0.017466,-0.068893,-0.059202,0.018620,1,4552
-3.491095,2.759220,0.030192,-0.001144,0.000396,0.002677,-0.034814,0.034244,0,4553
0.190016,6.782594,-0.019045,0.040177,0.022028,0.045898,-0.006115,0.031176,2,4554
-3.355437,-2.571630,0.018636,-0.036946,-0.020506,0.045280,0.018455,-0.035294,1,4555
0.787081,-3.663815,-0.008684,-0.004219,-0.018479,0.011931,-0.028288,0.070565,2,4556
-1.091952,2.289487,0.013825,0.045712,0.025626,0.007858,0.035794,-0.040221,1,4557
-3.619483,-4.811089,-0.006270,0.015734,-0.019792,0.033478,0.061343,-0.027803,0,4558
5.134508,-3.308411,0.051821,-0.036107,0.014258,0.018031,-0.058490,-0.004240,1,4559
-1.772074,-4.485772,-0.002628,0.038979,0.013974,-0.030712,-0.019576,-0.020908,1,4560
-2.336382,2.868425,-0.003495,0.018158,-0.001720,-0.034388,0.024971,-0.020350,0,4561
-1.612922,2.630074,0.000025,0.014906,0.020981,0.054505,-0.048908,-0.009162,0,4562
5.838360,-2.577405,-0.009547,0.040560,-0.004227,-0.015358,-0.034034,0.014033,0,4563
1.495498,8.758705,-0.030297,0.017664,0.001705,-0.032547,0.018794,-0.021056,2,4564
4.532229,-1.245889,-0.034884,-0.067353,0.027252,-0.013216,-0.106396,0.005227,2,4565
-2.730309,-3.621952,0.009668,-0.005122,-0.036815,0.014941,0.005311,0.016387,1,4566
0.897972,5.684028,-0.002039,0.035811,-0.071677,0.005114,-0.004194,0.044149,1,4567
-3.770218,2.529071,-0.030742,0.040361,0.000869,0.025494,0.017397,0.034363,0,4568
3.295385,-3.013571,0.068314,-0.024406,-0.010339,0.019283,-0.004922,-0.008661,2,4569
4.439590,-4.161994,-0.008250,-0.015333,-0.017180,-0.010263,-0.028941,-0.015672,0,4570
3.154008,4.640452,-0.018365,-0.090000,-0.015655,-0.017724,-0.037463,-0.008106,2,4571
1.316809,6.242386,-0.003084,0.016146,0.015635,-0.011292,-0.022972,0.018762,2,4572
1.805923,5.717567,-0.051736,-0.026644,0.000708,-0.034371,0.002821,-0.041542,2,4573
-1.538034,2.494278,-0.009909,0.034727,-0.002172,0.000278,0.048383,-0.016720,0,4574
1.381950,6.197861,-0.021996,0.003907,-0.038220,0.021946,0.002809,0.010765,2,4575
-1.077637,2.192226,-0.029177,0.043009,0.005922,0.006013,-0.002235,0.021707,1,4576
0.863889,-0.182349,-0.027857,-0.004305,-0.017460,-0.001357,0.022784,-0.033909,2,4577
0.883259,-5.306007,-0.005310,0.008109,-0.002440,0.052267,0.025600,-0.006465,3,4578
3.429862,2.181956,0.037934,-0.024434,-0.012941,-0.018739,-0.042649,0.003670,0,4579
-6.526318,1.492367,-0.000023,-0.025233,-0.016157,0.007251,0.016633,0.013162,0,4580
-4.269707,1.966569,-0.035625,0.035541,-0.046896,0.035112,-0.005869,0.001469,0,4581
-3.524363,-2.285987,-0.029300,-0.018543,0.002095,-0.063903,0.011323,0.027477,1,4582
-5.112145,-2.277008,0.007432,-0.042399,0.052357,-0.018583,0.000411,-0.041117,0,4583
-2.664416,-3.616638,-0.044905,0.001107,-0.073830,0.048183,-0.045580,0.052446,1,4584
-2.294811,-4.085091,-0.004716,-0.002981,-0.064371,0.015066,0.005846,0.005900,1,4585
4.496344,-1.649194,0.006750,-0.017496,0.086949,0.030441,0.030052,0.008765,2,4586
2.355995,4.286210,-0.035071,0.013599,0.008196,-0.026097,-0.000406,-0.008551,3,4587
1.979852,5.289410,-0.027205,0.027200,-0.044468,-0.022839,0.013623,0.041460,2,4588
0.304435,-2.050363,-0.048585,-0.002055,0.077897,0.004557,-0.040161,0.071151,3,4589
-2.550348,3.222045,-0.008378,0.009173,0.001962,0.042943,-0.011848,-0.011091,0,4590
-2.337575,5.591884,0.027287,0.018512,0.004912,-0.043812,-0.035150,0.040526,3,4591
1.901730,6.047901,0.049848,0.001500,0.047836,-0.016962,-0.010814,0.053648,2,4592
-4.935600,-3.014310,0.017320,0.033634,0.012559,-0.011340,-0.035021,0.007002,0,4593
-4.352404,-3.632888,0.017739,0.001781,0.018374,0.032688,-0.002222,0.007061,0,4594
-6.697404,0.296056,0.010785,-0.027178,0.012485,-0.000957,-0.045940,-0.027658,3,4595
3.361638,-4.916913,0.003757,0.031425,0.005331,0.026413,-0.017879,-0.006890,1,4596
-2.936036,2.884161,0.053535,0.026662,0.048216,-0.009411,0.047022,0.012244,0,4597
1.368170,-2.168978,-0.038380,0.005553,-0.007338,-0.010966,0.057747,-0.040126,1,4598
4.446041,-1.509140,0.009507,0.005389,-0.044582,-0.029720,0.046574,0.011603,2,4599
4.179018,-1.935513,0.057557,-0.050848,-0.001097,0.005697,0.046540,-0.010533,2,4600
1.812660,-2.010873,-0.016576,0.020281,0.034397,0.011191,-0.025869,-0.006878,3,4601
-3.924869,-5.697786,0.082935,-0.054269,0.017593,-0.029236,0.055196,0.010504,0,4602
1.395605,-6.728929,0.021222,0.029082,0.055053,-0.048085,-0.018938,0.032611,0,4603
5.598241,-2.574479,-0.028267,-0.028335,-0.035124,0.035294,-0.034587,0.015397,1,4604
3.398818,-2.906580,0.004094,0.019501,0.012116,-0.022311,0.004968,-0.008258,2,4605
1.891928,-1.951571,-0.043762,0.024595,0.049031,0.025315,0.014779,-0.026304,3,4606
-4.493940,1.571251,0.048472,-0.003324,-0.007127,-0.021791,-0.010503,-0.025479,1,4607
-1.051307,-4.761493,-0.032506,-0.027948,-0.023821,0.023520,-0.029385,0.040467,0,4608
0.971094,4.001807,0.029841,0.006367,-0.058075,0.015236,0.031229,-0.025826,2,4609
-2.999858,-3.304849,0.015901,-0.016629,-0.060844,0.042424,-0.005955,0.017378,1,4610
-0.894864,2.168231,-0.042756,-0.060816,-0.031543,-0.019197,-0.001274,0.017245,1,4611
-2.114944,-0.562648,-0.004213,0.000475,0.006101,0.048917,0.058310,-0.012253,2,4612
2.053698,4.521099,-0.042379,-0.016254,-0.038837,0.042612,-0.035428,0.030817,3,4613
-1.548540,2.461384,-0.016367,0.014579,-0.020804,0.043587,0.022487,-0.012537,1,4614
3.767081,0.706488,-0.063135,-0.036193,-0.015561,0.025939,-0.023447,0.021069,3,4615
6.031823,-2.406702,-0.061293,0.045043,-0.006178,-0.047486,-0.007691,-0.053683,1,4616
3.506172,-0.385073,0.029159,0.018548,0.008941,0.047197,0.030029,-0.093520,3,4617
4.031031,-2.130267,0.014479,0.004007,-0.036357,0.002977,0.017429,-0.023282,2,4618
-1.345132,-2.794551,0.028567,-0.039540,0.001065,0.029381,0.009789,-0.065421,2,4619
-4.970761,0.704269,0.016995,-0.034407,-0.021112,0.002690,0.008090,0.001443,0,4620
-4.988159,-3.023898,0.024882,0.031408,-0.062266,0.021239,-0.052455,0.000605,2,4621
4.464008,-1.245762,-0.021343,-0.036044,0.031792,0.016802,-0.008647,0.027560,2,4622
-3.504502,2.743515,-0.045671,0.027336,0.081728,0.019219,0.050283,-0.056534,0,4623
-3.233488,-3.053422,-0.042035,-0.005504,-0.018343,-0.000815,0.017246,0.061089,1,4624
-3.252170,-5.091379,-0.041080,-0.006910,0.025024,0.017846,-0.020979,-0.006269,0,4625
-2.916589,-5.661055,-0.032311,0.045561,0.007066,-0.029084,0.055157,-0.040132,3,4626
2.874308,3.431956,0.025748,-0.016140,-0.005938,-0.011604,-0.000396,-0.047074,3,4627
1.726173,6.176723,-0.018549,0.028341,-0.012271,0.016201,0.013385,-0.035360,2,4628
-5.682207,2.889269,0.009010,-0.026475,0.019406,-0.005950,-0.026871,0.021140,3,4629
2.261761,4.227888,0.019762,0.020880,-0.016563,0.036493,-0.010650,0.011456,3,4630
-3.065829,3.647050,-0.045508,-0.016581,-0.010356,0.044192,0.015608,-0.015177,2,4631
-4.122824,-4.103545,-0.001769,0.053533,-0.030471,0.036154,-0.005332,-0.032704,0,4632
1.243924,-2.207073,-0.015951,-0.032448,-0.032726,0.012536,0.004360,-0.008813,3,4633
0.325842,-2.055711,0.041152,0.014182,0.002625,0.007084,0.041302,0.072123,3,4634
-3.458545,-2.568082,0.047531,-0.000417,0.040508,0.040274,0.037914,0.011515,1,4635
0.106729,-5.007358,-0.039155,-0.031365,-0.043066,0.013298,-0.004590,0.008128,1,4636
5.701986,-2.823306,-0.031911,0.062665,0.067645,0.006619,0.030921,0.026224,1,4637
3.103715,-3.000198,0.006370,-0.010655,0.027000,-0.037526,0.028612,0.050213,2,4638
1.842548,5.578420,0.008426,0.010497,-0.018964,-0.002057,0.047048,-0.003476,2,4639
1.992835,4.282324,0.006204,0.001106,-0.002579,-0.006573,0.026084,-0.001400,3,4640
0.708045,-3.748020,-0.012652,0.003971,0.035284,0.032319,0.004429,-0.002360,2,4641
-0.269145,-3.696892,0.010259,-0.019560,0.001209,0.000604,0.012081,0.027331,2,4642
2.848193,4.773726,-0.035274,0.008228,0.033782,0.026076,0.017132,0.002120,2,4643
-0.975458,2.965544,-0.043001,-0.001335,-0.027900,0.044805,0.068567,0.009797,0,4644
1.907029,5.006983,-0.040042,0.021822,-0.002374,0.041579,0.035676,0.006805,3,4645
-3.529371,-2.411333,0.020065,-0.016377,-0.024850,0.026724,-0.005879,0.000225,1,4646
4.209389,-1.900058,-0.015340,-0.002079,-0.045373,-0.003093,0.053935,0.066638,2,4647
-1.602060,2.503175,0.017462,0.036054,-0.027821,0.038743,-0.021044,0.009331,1,4648
-3.200275,-2.938018,-0.008763,-0.009795,0.019104,-0.025533,0.010686,0.018904,1,4649
-2.125571,-0.187249,0.033533,0.014339,0.017556,-0.046858,-0.017014,-0.014130,2,4650
-1.754407,-4.425591,0.005185,0.012225,0.038378,0.028721,0.005120,-0.052201,1,4651
3.053046,3.086638,0.040468,0.018178,0.007599,-0.011514,0.064025,-0.037270,3,4652
6.132964,-1.715989,0.016596,-0.015331,0.045762,-0.056993,0.024022,0.014279,1,4653
-2.779340,-3.526350,0.052550,-0.049724,-0.037429,0.012211,0.033223,0.049933,1,4654
-3.730973,-1.157813,-0.030382,0.051208,0.009549,0.026493,-0.007830,-0.013041,1,4655
3.667236,3.944617,0.018612,0.024532,0.021993,0.000676,0.001473,0.022979,2,4656
3.550347,-2.463916,0.009533,-0.023119,-0.017981,-0.027626,-0.005389,-0.047098,2,4657
-1.759956,-4.504798,-0.012975,0.024010,-0.030969,0.003046,-0.012465,-0.044366,1,4658
1.917879,-3.390774,-0.001685,-0.067405,0.005192,-0.045582,-0.009107,-0.054003,1,4659
-2.726807,3.112319,0.011252,0.006350,-0.025285,-0.035607,0.010647,-0.016647,0,4660
-3.591468,2.580496,-0.034451,-0.061130,0.001675,0.011047,0.018119,-0.019108,0,4661
2.850347,-1.312274,0.010356,-0.038239,0.017626,0.065090,-0.029046,-0.003594,3,4662
2.655408,3.742500,-0.010738,-0.008898,0.018433,-0.012255,-0.010355,-0.043078,3,4663
-5.881091,2.217011,-0.014967,0.006279,0.016280,0.021195,-0.013109,0.026384,1,4664
4.200849,-1.877286,0.002807,0.008791,-0.016153,0.001537,0.015036,-0.045159,2,4665
2.347574,-3.420759,0.001027,0.030267,0.035777,-0.036956,0.046115,-0.013871,2,4666
2.422675,4.094029,-0.008057,-0.049382,-0.011845,-0.036890,0.043976,0.010798,3,4667
2.361624,4.965124,0.015704,0.051034,-0.028444,0.010939,-0.007832,0.000923,0,4668
-5.179883,-0.162373,0.011609,0.011672,0.008334,-0.014132,0.022099,-0.023035,0,4669
-3.150215,-3.082089,0.015190,-0.007804,0.064875,-0.011712,-0.041362,0.006524,1,4670
-0.615035,5.763575,-0.005921,0.021054,0.001592,-0.006515,-0.004706,0.019113,0,4671
5.364078,-3.001513,-0.013636,-0.026233,-0.002816,0.037703,-0.023862,-0.045484,0,4672
2.753792,-1.439068,0.028797,-0.012947,0.004134,-0.044508,0.016511,0.059295,2,4673
-2.326357,3.015252,0.022868,0.038497,0.006782,-0.050078,0.017161,0.011027,2,4674
-2.090240,-1.329389,-0.009230,-0.037930,-0.064779,-0.038983,-0.007066,-0.031527,2,4675
-3.715114,2.522038,-0.033452,-0.056820,0.034353,-0.054080,0.023544,-0.034930,0,4676
0.506199,5.631571,-0.017359,-0.034016,-0.022989,0.016598,0.017011,-0.006175,3,4677
3.559874,-0.052696,-0.027117,0.048840,-0.036103,0.034091,0.046406,-0.011600,3,4678
2.714812,-4.966964,-0.005546,-0.019705,0.029670,-0.013929,0.044355,-0.023713,0,4679
-2.643798,-3.812349,-0.074673,0.012183,-0.028350,0.007299,-0.020331,0.053120,1,4680
3.704659,0.141118,0.041734,-0.016357,0.005451,-0.032194,0.008681,0.023279,0,4681
-5.111598,0.414336,0.019105,-0.019166,0.030374,-0.028026,0.040774,0.013793,1,4682
4.624097,-1.206017,-0.018670,0.029608,-0.017115,-0.001065,-0.007689,-0.005694,0,4683
4.326833,-2.038710,0.015522,0.007494,-0.005848,0.063168,0.025103,-0.000941,2,4684
6.692400,0.157993,0.031197,-0.054603,0.025636,0.014033,0.043068,-0.013772,1,4685
-1.235154,-3.146667,-0.027675,-0.048627,-0.003925,-0.012878,-0.047008,-0.027689,2,4686
-1.484945,2.466145,-0.011940,0.014863,0.034015,-0.032678,0.018796,-0.018333,1,4687
-3.569797,-4.975199,-0.035550,0.023465,0.015518,-0.007693,-0.043077,-0.042440,0,4688
-2.000594,2.553626,-0.009792,-0.052315,-0.006341,-0.026096,-0.013246,-0.079507,1,4689
-3.108887,2.972865,-0.065761,-0.014338,-0.036768,0.002374,-0.009687,-0.020502,0,4690
0.632500,-5.151394,-0.002772,-0.000025,-0.031879,0.015126,0.013652,0.025134,1,4691
4.624557,-1.479171,0.030039,-0.037842,0.018417,0.021220,0.011012,-0.039718,2,4692
-2.326717,-3.962328,-0.061166,0.002511,-0.036963,-0.002843,-0.001987,0.043695,1,4693
-3.578647,2.793466,0.001856,0.028042,-0.023279,-0.039401,0.033209,0.006697,0,4694
3.141179,3.064768,-0.012508,-0.043676,-0.018333,0.016437,-0.003825,0.024213,3,4695
-1.085739,6.881979,0.004477,0.014068,0.063632,0.030036,-0.015812,-0.028267,2,4696
4.629570,-6.970863,-0.028283,0.044142,-0.013322,-0.023014,-0.006996,0.043456,2,4697
0.356938,5.711529,-0.045693,-0.018312,0.022970,-0.006505,-0.003359,0.019455,3,4698
-2.988655,-2.329720,-0.001960,0.058321,-0.051317,0.008488,-0.074849,0.009979,3,4699
-0.064610,-5.138883,0.054568,0.018089,0.020949,-0.001555,-0.040897,0.010514,1,4700
0.820542,-3.731650,-0.020405,-0.050962,0.000996,-0.002865,0.049771,0.025133,2,4701
-2.426483,3.106485,0.013764,-0.022338,-0.010898,-0.020373,-0.016094,0.041103,0,4702
-1.767154,-4.396769,0.023036,0.003361,0.001911,-0.005707,-0.033755,0.035957,1,4703
6.219179,-1.993422,0.011434,-0.009012,-0.065564,-0.009019,-0.008335,0.039303,1,4704
-2.769811,3.015933,-0.013397,0.015624,0.041162,-0.075205,-0.016858,-0.016724,0,4705
3.622066,1.653447,0.006291,-0.016966,-0.037188,0.018932,0.051275,0.003619,0,4706
6.662785,-0.608239,-0.012737,-0.017262,-0.006051,-0.039305,0.025472,0.009647,1,4707
2.447076,3.946169,0.005023,-0.005503,0.015538,0.010798,-0.016048,-0.004495,3,4708
5.592988,-3.148755,0.052797,0.010835,-0.015022,-0.005787,-0.010115,0.051683,2,4709
3.111391,2.825071,-0.003577,-0.017915,0.004090,-0.040158,-0.000709,-0.046680,3,4710
2.111212,4.581697,0.049410,0.034460,-0.005560,0.041051,0.018357,-0.007402,3,4711
-1.949428,-4.217448,-0.014841,0.042199,0.012331,-0.030418,0.007508,-0.034786,1,4712
1.472600,5.232810,-0.016006,0.018103,-0.043197,0.010391,-0.008587,0.023379,3,4713
-5.840243,3.344415,0.006289,-0.035300,0.097366,0.052232,-0.011503,-0.002296,0,4714
-0.916170,-6.628217,0.051487,-0.062961,0.028492,0.010679,-0.011147,0.099029,0,4715
1.491933,-6.975165,-0.015968,-0.019909,0.014141,0.004141,0.000325,-0.042586,3,4716
-3.546114,-5.149371,0.031949,-0.000282,0.036553,0.006507,0.009072,0.002087,0,4717
-5.254575,-1.453918,-0.025927,0.046075,0.004907,-0.016747,-0.011319,0.006235,0,4718
3.184758,-2.984179,0.008098,0.044889,0.018230,-0.004692,0.004945,0.006313,2,4719
-0.573765,2.203669,0.001302,0.038529,0.007702,0.021482,-0.006247,-0.015760,1,4720
6.516672,-0.206783,-0.048173,0.003748,0.039242,0.026730,-0.007783,0.020034,0,4721
-2.896776,3.197658,-0.005778,-0.034076,-0.017907,0.023048,0.027239,-0.026900,0,4722
-3.981941,-0.856468,0.042756,0.009171,-0.048786,0.058659,-0.022743,-0.009602,2,4723
-2.497968,3.030822,-0.037707,-0.004799,0.053960,-0.011373,0.015908,0.024993,0,4724
-0.867090,2.173648,-0.041206,-0.010027,-0.011766,-0.012587,0.003997,-0.028296,1,4725
-1.752554,-4.359475,-0.028141,0.035136,0.024185,-0.026529,0.016962,0.024304,1,4726
1.777326,5.972024,0.023299,0.005199,-0.071528,0.001238,0.018292,-0.026432,2,4727
-1.929242,-0.148180,-0.002892,0.030067,-0.038761,-0.015185,-0.009120,0.020506,0,4728
2.477502,4.098573,-0.021626,-0.010713,0.043501,-0.034686,-0.050319,0.039075,3,4729
4.196057,-1.934361,-0.045588,-0.006596,-0.019265,-0.013445,-0.006398,-0.031616,2,4730
2.004591,4.332981,-0.024078,0.008031,0.048867,-0.043746,0.020658,-0.011524,1,4731
0.352490,-5.201300,0.060114,-0.026640,-0.012570,-0.006845,-0.020539,-0.018804,1,4732
-1.904461,2.944000,0.020012,-0.014874,-0.080605,-0.010118,0.033583,0.003710,0,4733
4.391918,-1.746382,-0.045604,-0.003464,-0.040524,0.019037,0.017715,-0.015445,2,4734
3.396927,-2.876330,0.045555,-0.023904,0.016349,-0.016158,0.001194,0.018723,2,4735
3.563379,2.253121,-0.043996,-0.026099,0.035022,0.015106,0.020335,0.023902,3,4736
-4.111012,1.919587,-0.036988,0.021389,0.021875,-0.017288,-0.013874,-0.027231,0,4737
-2.218817,-4.774840,0.061193,0.010990,0.036038,-0.018203,-0.014732,0.015133,1,4738
-2.342826,3.161786,-0.001915,-0.009695,-0.021797,0.012646,0.005873,0.032696,0,4739
2.194335,4.508792,-0.025709,0.023586,-0.046435,-0.015998,-0.046039,-0.002958,3,4740
2.891126,-3.080022,-0.034186,0.035955,0.016762,-0.004133,0.065571,-0.001857,2,4741
2.489311,3.812984,0.023407,0.021424,-0.008599,-0.016472,0.032918,0.020972,3,4742
3.089240,-3.031523,0.013656,-0.039851,-0.016399,-0.044237,-0.011525,0.048064,2,4743
-1.693806,-2.677950,-0.027926,-0.043549,-0.025980,-0.052476,-0.023131,-0.006918,0,4744
2.381689,4.117599,0.025783,0.042010,0.018017,-0.030975,0.039873,0.021658,3,4745
4.615142,2.237740,-0.009422,0.067200,0.015458,-0.029269,0.020849,-0.016272,2,4746
-1.201946,3.752342,-0.009515,-0.020975,0.038510,0.015677,-0.002081,-0.008426,3,4747
1.667801,5.800952,-0.006996,-0.020974,-0.028627,-0.030509,-0.003801,0.008468,2,4748
-8.378713,-8.809701,0.011552,-0.047866,0.015725,-0.027189,-0.017918,0.033398,3,4749
-1.342364,2.542854,-0.028655,0.018292,0.077404,0.001537,0.023841,0.034901,1,4750
-2.939662,-3.424248,-0.004372,-0.004029,0.002971,-0.000090,0.013252,-0.020522,1,4751
-1.386131,5.646806,-0.046317,0.065873,0.011337,0.027204,-0.019120,0.051797,0,4752
-1.266808,2.212589,0.026014,-0.023433,0.012690,-0.024876,0.033514,0.029518,0,4753
2.911426,3.454009,0.010823,-0.028306,-0.056422,0.002216,-0.028638,0.009641,1,4754
-2.021821,2.858485,0.020615,-0.047354,-0.025404,0.065048,0.034679,0.000003,0,4755
-3.813334,4.715777,0.045912,-0.010598,-0.027220,0.035587,-0.043555,-0.010108,3,4756
-5.191119,0.347445,-0.035290,0.033367,-0.060683,0.013679,0.048028,-0.016691,0,4757
-4.526291,1.744973,-0.014109,0.060814,-0.027325,-0.001118,-0.034408,0.061338,0,4758
-3.903665,-0.483064,-0.046417,-0.018207,0.010940,-0.006525,-0.022232,0.032475,1,4759
4.922784,0.751221,0.025763,-0.019169,-0.011493,-0.054793,0.017844,-0.069160,2,4760
3.004144,3.059944,0.059466,0.009155,0.032070,0.024809,-0.008465,-0.008505,3,4761
4.416991,-1.473544,0.007658,0.006655,-0.022095,0.008381,0.057129,0.048373,2,4762
-2.438490,-1.013133,-0.044068,-0.024422,-0.024701,0.012168,0.065981,0.015107,3,4763
-2.578517,-3.777363,0.026081,0.007727,0.013022,-0.029892,0.060621,0.055521,1,4764
1.689248,6.522619,-0.018917,-0.029215,0.005014,0.013707,0.023631,0.030661,1,4765
-0.417138,-3.357675,0.032991,0.018987,-0.008259,-0.040403,0.009039,0.013521,2,4766
1.629997,5.332295,-0.002778,-0.021379,0.069513,0.001632,-0.014388,0.111638,3,4767
3.025112,3.193867,-0.012122,-0.002343,0.023711,0.034960,0.023204,0.038323,3,4768
1.371968,-5.426939,-0.002618,0.035017,0.000058,-0.002788,-0.013094,-0.025961,1,4769
-5.040944,-1.411289,-0.040550,0.017424,-0.017376,-0.028330,-0.003824,0.008621,0,4770
-4.597800,-3.361501,0.055996,0.028922,0.060268,0.032200,-0.030698,0.043048,0,4771
3.671409,-2.551732,0.010608,-0.056063,-0.026711,0.005872,-0.043749,-0.025173,2,4772
-3.875112,-1.316235,-0.010884,-0.041353,0.035679,-0.036441,0.027192,0.032724,0,4773
-4.107254,4.389739,0.048716,-0.039894,-0.012719,0.004729,0.021850,-0.030519,2,4774
-3.473255,-2.599988,0.021822,0.050873,0.035778,0.008636,-0.033636,-0.017827,1,4775
6.852448,0.238671,-0.011690,-0.018121,0.015567,-0.036250,0.054406,-0.006526,1,4776
2.304941,3.871794,0.000451,-0.002412,0.020211,0.010919,-0.036547,0.002464,0,4777
-2.494344,-3.972370,-0.018068,-0.016674,-0.021653,-0.009930,0.002223,0.026680,1,4778
-2.073524,-0.641956,0.007111,0.025716,0.041858,-0.026666,-0.006377,0.030697,3,4779
2.002890,4.318897,-0.009382,-0.077087,0.015196,-0.019596,0.032681,-0.032498,3,4780
-1.158156,3.340654,-0.016177,-0.044837,-0.015546,0.032237,-0.002128,-0.006875,0,4781
-6.601200,-1.233385,-0.018752,-0.045348,-0.023772,-0.003307,-0.047682,-0.034107,3,4782
-2.698548,-3.690952,-0.047146,0.016077,0.026382,-0.017702,-0.028351,-0.028787,1,4783
1.774966,8.096720,0.002428,0.024845,-0.009110,0.014026,0.016080,0.008745,0,4784
5.429386,-6.415595,0.010936,0.032906,-0.006228,0.009650,-0.019460,-0.045596,3,4785
0.829331,-2.192279,-0.012265,0.025932,0.041545,0.029544,0.003329,0.042661,3,4786
4.483541,-3.978473,-0.033100,0.014641,-0.003067,0.000757,-0.019920,0.037698,3,4787
3.187891,2.969300,-0.003533,-0.006166,0.000228,0.012571,-0.000307,-0.001742,3,4788
2.243225,4.179932,0.032813,-0.003077,-0.040721,-0.043138,0.035104,0.029986,3,4789
-4.373822,1.714796,0.022540,0.042631,0.011225,0.020181,-0.001097,0.001217,0,4790
3.497106,2.869462,0.017935,0.022504,-0.024759,-0.014078,-0.016308,-0.016826,3,4791
-2.136505,-0.989855,-0.015742,-0.004823,0.020396,-0.001505,0.013088,-0.013222,2,4792
-2.642839,2.947419,0.013820,0.028816,-0.030215,-0.010538,-0.021301,0.007130,0,4793
-0.042187,-3.701074,0.010097,0.064156,-0.000381,-0.008583,-0.017339,0.015396,2,4794
-3.329630,-2.593502,-0.039702,-0.011138,-0.030331,0.026111,0.023409,0.040233,1,4795
-1.580744,2.418557,0.084336,-0.002847,-0.016178,0.015265,0.029806,-0.034215,1,4796
-0.042377,2.305058,0.016967,0.028785,0.016618,0.000145,0.025413,0.032729,1,4797
-2.274693,2.524528,0.035480,-0.050302,0.033438,0.001258,-0.067766,0.072178,1,4798
-1.067659,6.877477,0.002367,0.005094,0.012902,0.042643,0.043181,-0.042296,2,4799
3.147432,2.927297,-0.027896,0.021473,-0.004113,0.030399,-0.002656,-0.026796,3,4800
8.192823,-6.613327,0.005018,-0.028753,0.025934,0.005920,-0.013837,0.025705,1,4801
2.929457,3.421885,0.019409,0.044284,-0.018794,0.028525,0.039440,0.035150,2,4802
-2.889023,-3.383381,0.000549,0.001033,0.040539,0.018614,-0.008994,0.011837,1,4803
-2.277675,-3.974244,0.002449,0.024804,-0.032963,-0.018687,-0.048766,0.009741,1,4804
-2.939408,-3.351480,0.019762,0.005963,-0.003368,0.036088,0.059035,0.036769,1,4805
4.354487,-1.749332,0.062971,0.024326,-0.001456,0.045286,-0.009206,-0.010801,2,4806
2.222417,-2.016112,-0.001105,-0.021380,0.000268,0.028139,-0.016944,-0.000425,3,4807
3.472636,-0.295364,0.020867,-0.071481,0.007524,0.051131,-0.030545,-0.026314,3,4808
-2.200541,-4.104032,-0.061432,-0.003142,-0.003936,0.017294,-0.005926,0.043591,1,4809
2.106030,-1.884742,0.001850,-0.026143,-0.009312,-0.024928,0.047312,0.022765,3,4810
3.234020,-0.712716,-0.007871,0.057045,-0.010376,-0.001679,-0.008683,-0.004436,0,4811
-2.122041,2.537813,0.014332,0.008705,-0.067017,-0.013505,-0.004317,-0.040183,2,4812
1.671270,-3.529916,-0.001257,0.064028,0.015940,0.033158,0.040489,0.015772,2,4813
1.720249,-2.004236,-0.039176,-0.013369,0.007336,0.004175,0.003885,-0.010669,3,4814
0.640203,-5.255794,0.021058,-0.021666,0.026194,0.010527,-0.036618,-0.009291,1,4815
-5.120550,0.280381,-0.016572,0.041426,-0.017811,0.013042,-0.043206,0.033574,0,4816
-1.949614,-4.173554,-0.057081,-0.048468,-0.012165,0.029532,0.032082,-0.028898,1,4817
1.528886,-3.657866,-0.015188,0.015358,0.001138,0.025233,0.027996,0.017178,2,4818
-2.524063,5.379962,-0.035837,-0.014361,0.020921,0.062393,-0.044887,-0.021432,3,4819
-4.153556,2.212248,-0.006697,0.083900,-0.052699,0.065959,0.034234,-0.050714,0,4820
-4.973894,-2.323718,-0.016798,0.016175,0.016668,-0.060014,-0.039854,0.013792,0,4821
-3.226569,2.903038,0.017812,-0.019853,0.017849,-0.011355,-0.043472,-0.023989,0,4822
1.729277,-2.228215,0.002544,0.052030,-0.017927,0.029208,0.007577,-0.001139,3,4823
-0.007690,6.622759,0.010127,-0.055642,-0.007724,-0.050272,-0.030806,0.003062,2,4824
-2.458506,3.112260,-0.056818,0.024497,0.004447,0.003260,-0.007025,-0.018194,1,4825
3.643104,1.111345,0.020203,0.013771,0.012474,-0.015105,-0.003292,0.052780,3,4826
-3.900307,-4.868187,-0.002680,0.058093,-0.013142,0.038311,-0.030247,0.010015,2,4827
-1.272361,-6.493749,0.039115,0.018224,0.000093,-0.015406,-0.067167,0.001147,0,4828
4.425754,-1.260441,-0.017672,0.073270,-0.002513,-0.013276,-0.001325,-0.006691,1,4829
0.268976,-5.054203,0.021770,0.008005,-0.091769,0.018366,0.005946,0.012078,1,4830
-1.130082,2.351218,0.009102,0.009923,0.012835,0.015187,-0.034279,0.043766,1,4831
1.263654,-3.806712,-0.015558,0.012320,0.002089,0.024780,0.035159,0.002185,0,4832
3.423711,-2.878580,0.006737,-0.011264,-0.029128,0.042035,0.029505,0.032478,2,4833
-4.803974,1.058186,-0.024814,-0.035982,-0.000676,-0.052123,-0.033949,-0.002795,2,4834
8.684863,-6.708628,0.029643,-0.037128,0.072767,-0.022238,0.015201,-0.028312,2,4835
-3.640406,2.598532,0.007026,0.042564,-0.000779,0.020013,0.028587,0.024463,0,4836
3.280366,2.765019,0.019946,-0.019948,-0.019165,0.057822,-0.004367,-0.004297,3,4837
3.372948,3.862037,-0.041997,-0.027416,-0.015810,0.015666,0.018280,-0.044372,2,4838
-0.917652,-4.925659,-0.033029,-0.003430,-0.038391,0.004369,0.036127,0.049925,1,4839
-3.872248,-0.875530,0.060286,0.014916,0.060918,-0.003372,0.029698,0.008896,3,4840
-0.375233,2.286475,-0.004084,-0.001463,0.025690,0.045943,-0.001441,0.044523,1,4841
-3.116930,3.136905,0.007373,-0.000557,0.033185,-0.019353,-0.003386,-0.028977,0,4842
3.050069,2.981814,-0.064633,0.003990,-0.012638,0.025252,0.004374,-0.056224,3,4843
-4.842225,-2.956090,0.004394,0.012264,0.025471,0.029233,0.032068,0.008592,0,4844
2.082146,4.340264,0.091152,0.007571,0.012314,0.014746,-0.082093,0.010317,0,4845
2.426317,3.956724,0.011076,-0.040640,-0.015888,0.044789,-0.002658,0.012144,3,4846
0.782396,-3.659990,-0.032362,0.004190,0.006328,0.008607,-0.056904,0.033697,2,4847
3.049176,-1.200686,0.008780,-0.015117,-0.020354,0.017445,-0.022038,0.000364,2,4848
0.325067,5.704550,-0.009943,-0.024493,-0.013770,-0.009237,-0.012698,-0.025543,3,4849
1.974877,-3.539456,0.046075,0.029182,-0.063289,0.003639,0.022388,0.017417,2,4850
-0.106645,-2.017403,-0.037887,-0.011834,-0.004475,-0.050542,0.010894,0.019003,3,4851
-6.948563,6.845199,0.050883,-0.033214,-0.006241,0.010807,-0.034398,0.016393,3,4852
-3.668959,2.608333,0.022150,-0.021305,-0.002013,-0.005854,-0.038158,0.027797,0,4853
-2.261107,-0.500187,-0.066519,-0.011331,-0.026371,0.011919,-0.090113,0.012059,2,4854
-4.442136,1.736643,0.005247,-0.017268,-0.002949,-0.011726,-0.049741,-0.008070,0,4855
2.680382,-3.423817,0.009632,0.001637,-0.011163,-0.007465,-0.019459,-0.032785,2,4856
3.071975,3.185170,-0.040488,0.012237,-0.014496,-0.036874,-0.084056,0.012945,3,4857
-4.069447,2.316448,-0.019725,-0.016939,-0.016162,-0.028001,0.009874,-0.030653,0,4858
-3.377857,2.862892,-0.003448,0.029109,-0.000290,-0.011677,0.017733,0.037112,0,4859
-1.267251,2.302249,0.073587,0.002714,0.051643,-0.034892,-0.027087,-0.062412,0,4860
-1.530081,-2.563688,0.058033,-0.018166,-0.017057,0.030791,0.009741,0.014709,3,4861
2.957375,-1.055626,-0.034279,0.008557,0.038414,0.023722,0.014353,-0.035731,3,4862
1.826481,5.671796,-0.020384,-0.001458,0.011663,-0.019490,-0.032353,-0.008742,2,4863
1.416297,5.495935,-0.008512,-0.025276,0.002878,0.016357,0.043542,-0.009236,3,4864
-1.782689,2.786181,-0.039472,-0.008884,0.037707,0.010506,0.035644,-0.005659,3,4865
1.947408,-1.984582,0.002662,-0.024578,0.009892,0.004508,-0.029491,-0.004822,3,4866
-2.001574,2.712966,0.011107,0.026540,-0.054543,0.036072,-0.024528,0.034766,1,4867
-2.058000,-1.854094,-0.024264,-0.020597,0.028628,-0.000937,-0.019851,0.034925,2,4868
-0.039487,6.055936,0.010134,-0.014155,-0.009301,0.016281,0.028005,0.018038,2,4869
-0.818075,3.197085,0.022443,-0.022380,0.021682,-0.011984,-0.004435,0.008847,1,4870
2.006756,4.806600,0.011456,-0.056167,0.002095,0.010657,0.015131,0.009815,3,4871
-4.720766,-3.357791,0.052470,0.035430,0.031436,-0.083779,0.038232,0.012000,0,4872
1.919547,4.559965,-0.046824,0.006196,0.004864,-0.055367,0.039450,-0.021172,3,4873
-3.858109,-1.248521,0.024615,0.017459,0.027201,-0.004643,-0.026953,-0.018972,1,4874
4.169043,-2.120614,0.039202,0.046523,0.027124,0.014851,-0.021406,0.000106,2,4875
-0.704858,-4.983587,-0.051683,0.029645,-0.006846,0.007279,-0.002867,0.001913,3,4876
-3.858445,2.396996,0.006660,0.029537,-0.024217,0.011103,-0.096098,0.000354,0,4877
2.328215,4.195621,-0.047675,-0.013515,0.025751,0.004733,-0.003836,0.005127,3,4878
-5.252879,-1.020118,-0.002183,0.001677,0.033316,0.027139,0.003809,0.059244,0,4879
-0.514566,6.635689,0.013942,-0.038981,0.008966,0.022521,0.003991,-0.016970,2,4880
1.511600,-4.376124,-0.006808,-0.104020,0.003393,0.020804,-0.010950,-0.004788,2,4881
-5.499640,-7.407471,0.056861,0.030662,0.017886,0.012548,0.044473,0.019026,3,4882
0.002287,-2.112778,-0.013594,-0.009259,-0.021804,0.024710,-0.005969,-0.013991,2,4883
-1.209973,-3.199175,-0.050946,0.039993,0.022455,-0.000892,-0.075919,0.036716,3,4884
2.789825,-1.633868,-0.007198,0.003084,-0.026817,-0.004962,0.022697,-0.061297,3,4885
-3.759838,4.797132,-0.013855,-0.006456,0.036746,0.013107,-0.032519,-0.047709,1,4886
4.536872,-1.246040,-0.011302,0.007333,-0.047072,0.005586,0.019111,-0.002303,2,4887
1.908346,5.265898,0.042115,0.069687,0.010294,-0.002342,0.010239,0.014414,2,4888
-1.971244,-0.274720,-0.024739,0.004592,0.017914,-0.018270,-0.017298,-0.021636,1,4889
-3.954789,7.878665,0.004484,-0.040571,-0.088627,0.040614,-0.056642,-0.017695,0,4890
-3.753044,-1.669992,0.010054,-0.009795,-0.007888,-0.004157,0.015808,-0.025959,1,4891
0.326440,-2.078044,0.020614,-0.006156,0.017838,-0.003015,0.000373,-0.023670,3,4892
-3.003067,3.005001,-0.012041,0.040494,0.019187,-0.009964,0.013423,0.045142,0,4893
-3.453769,4.044741,0.005512,0.001735,0.025182,-0.009818,0.004138,0.006912,1,4894
3.559705,2.061403,0.059816,-0.077353,-0.025233,-0.005459,-0.007366,0.002970,3,4895
-4.706637,-3.272284,0.021311,0.000116,-0.008531,0.028643,-0.012479,-0.026205,1,4896
-5.081854,-1.325539,-0.044003,-0.001820,0.012899,0.001285,0.006904,-0.013690,0,4897
3.126779,3.022461,0.053282,0.053811,0.002111,0.071504,-0.012900,-0.001453,3,4898
-4.446234,1.625900,0.026385,0.021355,0.031162,0.004940,0.025264,-0.018876,3,4899
3.848445,-2.415350,0.010630,0.034795,0.022104,-0.002389,0.044385,-0.027470,2,4900
-1.288105,2.423933,0.038381,-0.017993,0.010872,-0.015952,0.010801,0.012665,1,4901
-3.121008,-3.135260,-0.016600,0.011990,-0.057841,0.048016,-0.020141,0.003922,3,4902
4.415081,-1.713225,0.028045,-0.045985,0.033774,-0.018960,0.018579,-0.046148,2,4903
-3.723962,2.524436,0.028217,-0.050694,-0.011178,0.024922,0.033414,0.017796,0,4904
-3.060282,2.997526,-0.028186,-0.060066,-0.027389,0.020780,-0.026612,-0.021093,0,4905
5.157829,-1.904324,-0.035994,-0.041387,-0.002194,0.022125,0.015520,-0.038162,0,4906
-2.158499,0.094025,0.007776,-0.030473,0.000816,-0.010856,-0.039130,-0.005913,2,4907
-3.201366,2.937044,0.002203,0.027406,0.005680,-0.025236,0.013105,-0.006614,0,4908
-3.438073,2.596579,-0.020755,0.004365,-0.036438,-0.004203,0.039256,0.004814,0,4909
-1.575294,2.347885,-0.011104,-0.002173,0.024055,-0.012520,-0.023846,-0.001019,1,4910
-5.646087,2.987758,-0.005778,-0.001890,-0.010132,-0.000632,0.017693,0.029306,3,4911
-1.440792,-4.686021,-0.003999,0.024171,0.043570,-0.044695,-0.023466,0.028785,1,4912
-5.060854,-0.724231,-0.064515,0.007171,0.040686,-0.000230,0.003441,0.050215,0,4913
-0.905731,6.889043,0.017567,-0.042820,0.000228,-0.032597,0.004441,0.014783,2,4914
-5.117139,0.392693,-0.008054,0.007794,-0.069050,0.043195,-0.023319,0.028173,0,4915
-2.246145,2.930071,0.039541,0.044632,-0.027426,-0.039187,0.014418,-0.039042,0,4916
-1.011152,2.090816,0.020040,0.010295,0.043161,-0.010072,-0.051568,-0.032881,1,4917
-4.174217,1.756528,-0.021484,-0.007318,0.024018,0.003474,-0.019011,0.047113,0,4918
3.694699,0.462467,0.024593,-0.046366,0.029228,-0.033382,0.010138,-0.008063,3,4919
5.706783,-2.837271,0.069351,0.008614,-0.013181,0.033405,0.028083,-0.016023,2,4920
1.999951,4.614849,0.016515,0.015654,-0.035231,-0.044644,-0.038393,-0.042286,3,4921
-0.744958,2.255764,0.028178,0.045921,0.042925,0.008031,0.026086,0.002605,2,4922
1.968038,-5.043195,-0.005051,0.039091,-0.001700,-0.017355,0.020358,-0.012298,1,4923
2.117679,4.738939,0.000065,0.028430,-0.016345,-0.014743,0.014000,0.040310,3,4924
2.953846,-1.053236,0.018950,-0.000345,0.041837,0.037627,0.002120,0.011140,3,4925
5.568012,4.904219,-0.015019,0.017906,0.013618,0.028968,0.034548,-0.006743,1,4926
-6.818270,-1.535612,-0.066043,-0.028848,0.080917,-0.014317,-0.001905,0.008239,3,4927
-1.542883,2.400850,0.016874,0.047893,0.020678,0.025659,0.004966,-0.044252,1,4928
-4.188360,5.696993,-0.033464,0.007969,0.019182,-0.032963,-0.018808,0.014651,3,4929
0.784451,5.714755,-0.015776,0.058566,0.031269,-0.019001,-0.071253,-0.035699,3,4930
-3.580946,4.773123,-0.054925,-0.033719,0.035911,0.052014,0.049329,-0.006326,3,4931
3.299799,-3.062446,-0.063517,-0.025133,-0.018249,-0.028138,-0.016135,-0.037042,2,4932
-4.215224,1.757946,0.001244,0.007024,-0.011146,0.004359,-0.048739,-0.015961,0,4933
-2.238941,-1.572322,0.035080,-0.032082,0.002053,0.024482,-0.000388,0.030041,3,4934
-5.150905,0.477157,-0.040082,-0.002999,0.014936,0.063166,-0.010394,-0.045632,0,4935
-0.574153,-3.158402,-0.023514,0.011221,-0.029985,0.040836,-0.015080,-0.047460,2,4936
-0.961637,5.870967,0.005995,-0.011751,-0.000774,0.030001,-0.026465,-0.018219,3,4937
-1.019576,-3.104067,-0.049844,-0.004310,0.012012,0.024854,0.026653,0.057894,2,4938
-3.356368,-2.633721,0.028995,0.013819,-0.001884,-0.006639,0.028533,0.027851,1,4939
-3.471794,-2.547270,0.002303,-0.041240,-0.035798,0.039329,0.003312,0.001949,1,4940
-1.221182,-3.045882,0.008804,0.027985,0.023823,-0.005262,-0.005059,0.014069,2,4941
4.013687,-2.170453,0.018770,0.013554,-0.012542,-0.077045,0.001405,0.004171,2,4942
-3.585651,2.752667,0.011861,0.029522,0.049934,-0.027319,0.015736,0.060367,0,4943
3.092499,3.009488,-0.003311,-0.044928,-0.003974,0.041656,0.011963,-0.008126,3,4944
3.477851,2.713781,0.034883,0.052831,0.006322,-0.031569,0.005981,-0.007278,3,4945
2.121695,0.635134,0.011842,-0.004064,-0.007935,-0.058972,0.030636,0.084304,3,4946
-5.182592,-1.292273,-0.068623,-0.031232,0.012711,0.037851,0.001569,-0.004903,0,4947
-2.204229,-4.162379,-0.025695,-0.005764,0.017514,-0.005012,-0.007234,0.007085,1,4948
2.877710,-3.200114,0.020008,-0.039377,-0.045121,-0.037762,0.064925,0.012894,2,4949
-3.922065,2.320172,0.008385,-0.030462,0.001084,0.014407,0.019639,-0.079560,1,4950
6.550367,-7.606945,-0.027500,0.008196,0.016746,0.023218,-0.052313,0.001375,0,4951
-2.397201,2.921853,0.057329,-0.016952,-0.003541,0.001145,-0.006621,0.003260,0,4952
-3.088443,3.060364,0.020490,0.005809,0.005212,-0.008074,0.009133,-0.009258,0,4953
4.635718,-1.364961,-0.036643,0.021639,-0.005274,-0.019381,-0.021275,0.052329,2,4954
2.256929,0.224142,-0.007288,0.043273,0.042564,0.030797,0.013706,-0.014913,2,4955
-1.459151,2.532742,0.059814,0.013555,-0.019909,0.013764,0.031526,0.040833,1,4956
-3.913034,2.202413,-0.032457,-0.029514,0.013664,0.038000,-0.084880,0.020208,1,4957
-0.327437,-5.093797,-0.033573,0.001428,-0.041499,-0.020271,0.018209,0.032028,3,4958
4.011724,-2.128283,0.020478,0.016318,-0.011221,0.097625,-0.014845,-0.003453,2,4959
2.557831,3.783338,0.016421,0.002374,0.014015,0.022538,-0.028825,0.019989,3,4960
-3.422208,-2.690389,0.009331,-0.007693,0.001783,-0.026402,0.033008,0.001318,1,4961
1.310340,-6.838903,0.017373,-0.027690,-0.016030,0.018165,0.016880,0.039904,0,4962
-1.842161,-1.851003,0.033599,0.034609,-0.006325,-0.019172,0.002472,-0.010602,2,4963
-5.261651,-2.221604,-0.000726,-0.014905,0.010936,0.048216,0.000783,0.036763,0,4964
-2.290417,2.678664,0.045517,0.052880,0.012942,-0.044426,0.028042,0.004841,1,4965
-0.074757,-6.738614,0.032774,-0.038099,0.051323,-0.039529,-0.006176,-0.056970,0,4966
6.223022,-1.197242,0.005302,0.004826,0.089507,0.077134,-0.031243,-0.058044,1,4967
-1.833364,-2.421456,-0.002983,0.002672,-0.055089,0.015894,0.041130,-0.004743,3,4968
-4.379844,-4.117561,-0.022122,-0.003391,-0.020043,-0.051160,-0.020148,-0.018955,1,4969
3.152588,-3.003831,0.003816,-0.021777,0.038324,-0.005487,-0.010902,0.052796,2,4970
1.772660,5.916910,0.010384,-0.002880,-0.027340,-0.012781,0.001172,-0.011598,0,4971
-1.452528,2.490422,-0.023915,-0.049521,0.029693,0.003060,-0.023222,0.015102,1,4972
3.103830,3.037652,-0.039784,0.001485,0.012097,-0.061290,-0.017300,-0.000958,3,4973
3.752228,3.799699,0.042469,0.007945,-0.047393,0.011307,-0.008972,-0.026565,2,4974
1.709950,5.362463,0.000961,-0.003622,0.030400,0.006484,0.012282,-0.027001,3,4975
-4.065148,2.184750,-0.016995,0.023471,-0.018272,0.055289,0.028713,0.011057,0,4976
-1.472856,-4.657089,-0.064899,-0.065724,0.006962,-0.057472,-0.006053,0.062098,1,4977
2.986071,-3.115888,0.051111,0.045727,0.033897,0.019193,0.022229,-0.034719,2,4978
2.732733,-3.270749,0.040723,0.064975,-0.010202,0.066508,0.005263,-0.017793,2,4979
3.619370,0.202161,0.008864,-0.013624,0.035462,0.017421,-0.002384,-0.021506,3,4980
-3.522091,-4.756773,-0.042153,-0.043595,0.033754,-0.018805,0.008221,-0.013745,0,4981
2.792187,3.453349,-0.017784,0.050470,0.014681,0.007841,-0.045407,0.009143,3,4982
2.063185,5.369359,0.012867,0.006099,0.054617,-0.029071,-0.026174,-0.019573,0,4983
3.080710,-4.948339,0.030183,0.013146,0.048570,0.037189,0.033449,0.009927,1,4984
6.682094,-0.115620,-0.014581,-0.021590,-0.046727,0.022889,-0.020391,-0.013535,1,4985
-4.413766,1.909826,-0.006105,0.027418,-0.038101,-0.029332,0.014325,-0.020680,1,4986
-2.003906,-4.310445,0.015659,0.027308,0.046841,-0.041244,-0.059296,-0.028703,1,4987
-3.022880,-3.253927,0.046718,0.003402,-0.006221,0.056740,0.032680,0.030858,1,4988
7.683963,4.099739,0.000051,0.059694,0.040036,0.007593,0.025268,0.015734,3,4989
3.257867,4.433579,0.006621,0.029225,-0.053412,0.016992,-0.013853,0.012525,2,4990
-0.761277,-4.964862,0.021478,0.001827,-0.042627,-0.024700,-0.016750,0.028245,2,4991
5.969193,2.838474,-0.072425,0.000199,0.026950,-0.019107,0.031804,0.014753,1,4992
-3.180426,3.035258,-0.058098,0.037941,0.009149,-0.041181,-0.020505,0.023712,0,4993
-3.778668,-1.464612,-0.008938,0.000338,-0.032133,-0.009513,-0.000224,-0.024483,1,4994
-2.941605,-3.339904,-0.024994,-0.003083,0.022226,0.009327,0.014293,0.003782,1,4995
-1.099982,2.254721,0.004273,-0.034439,0.026248,-0.025446,0.037081,-0.036270,1,4996
3.801327,0.734544,0.002748,0.045093,-0.004947,0.003967,0.001691,0.012056,3,4997
3.097157,-3.096611,0.019787,-0.013466,-0.014686,0.021129,0.011145,-0.023568,2,4998
-0.172664,5.595913,0.053991,-0.004851,0.005221,0.041771,0.005141,-0.050344,3,4999
